snapshot_date,snapshot_time,rank,symbol,name,volume,percent_change,last_price,high,low,percent_range,percent_turnover,market_cap
2026-04-29,2026-04-29 09:31:07 EDT,1,INHD,Inno Holdings Inc,594107501,50.0,0.12,0.1506,0.1069,54.63,70.6159,1009586
2026-04-29,2026-04-29 09:31:07 EDT,2,CHSN,CHANSON INTL HLDG,325185659,-12.23,0.033,0.0367,0.0314,14.099999999999998,5.5089,1947949
2026-04-29,2026-04-29 09:31:07 EDT,3,INTC,Intel Corp,227463006,12.1,94.75,94.95,85.87,10.74,0.0453,476213500000
2026-04-29,2026-04-29 09:31:07 EDT,4,SOFI,Sofi Technologies Inc,197864109,-15.440000000000001,15.53,16.59,15.5,5.94,0.1552,19798471271
2026-04-29,2026-04-29 09:31:07 EDT,5,NOK,Nokia,153189676,10.27,12.46,12.6,11.58,9.01,0.0274,69685192504
2026-04-29,2026-04-29 09:31:07 EDT,6,AIXI,Xiao-I Corporation,137359673,23.150000000000002,0.899,1.18,0.8403,46.53,10.2105,12094046
2026-04-29,2026-04-29 09:31:07 EDT,7,PLUG,Plug Power,130895184,12.540000000000001,3.41,3.44,3.06,12.540000000000001,0.0939,4753386989
2026-04-29,2026-04-29 09:31:07 EDT,8,NVDA,Nvidia Corporation,120259326,-1.8399999999999999,209.25,212.72,207.58,2.41,0.0049,5084775000000
2026-04-29,2026-04-29 09:31:07 EDT,9,XTLB,Xtl Biopharmaceu,113623837,54.779999999999994,3.56,4.87,3.22,71.74000000000001,48.0315,8421568
2026-04-29,2026-04-29 09:31:07 EDT,10,SAGT,SAGTEC GLOBAL LTD,106433523,27.650000000000002,2.17,3.39,2.12,74.71,8.3477,27667500
2026-04-29,2026-04-29 09:31:07 EDT,11,GCTK,Glucotrack,99353106,10.0,0.9207,1.28,0.8502,51.349999999999994,51.1002,1790097
2026-04-29,2026-04-29 09:31:07 EDT,12,HOOD,"Robinhood Markets, Inc.",79139006,-13.239999999999998,71.2,73.59,69.93,4.46,0.0879,64139258763
2026-04-29,2026-04-29 09:31:07 EDT,13,KALV,Kalvista Pharm,71357746,38.62,26.67,26.76,26.66,0.52,1.3931,1366103728
2026-04-29,2026-04-29 09:31:07 EDT,14,POET,Poet Technologies Inc,66959813,-17.810000000000002,6.6,7.8,6.37,17.810000000000002,0.4385,1007893801
2026-04-29,2026-04-29 09:31:07 EDT,15,AMZN,Amazon Com,63850405,1.29,263.04,265.91,257.7,3.16,0.0059,2828798393208
2026-04-29,2026-04-29 09:31:07 EDT,16,ONDS,Ondas Holdings Inc.,57941388,-9.45,9.49,10.43,9.41,9.73,0.1201,4579076128
2026-04-29,2026-04-29 09:31:07 EDT,17,BBAI,BIGBEAR AI HLDGS INC,56609708,-7.28,3.82,4.22,3.78,10.68,0.1189,1818536124
2026-04-29,2026-04-29 09:31:07 EDT,18,AAL,American Airline,50047067,-2.8400000000000003,11.31,11.57,11.17,3.18,0.0757,7480265899
2026-04-29,2026-04-29 09:31:07 EDT,19,SGMO,Sangamo Therapeutics Inc,48596910,-33.93,0.1328,0.1469,0.116,15.370000000000001,0.1173,55015589
2026-04-29,2026-04-29 09:31:07 EDT,20,F,Ford Mtr Co Del,46185403,-1.29,12.24,12.38,12.14,1.9800000000000002,0.0115,49095646874
2026-04-29,2026-04-29 09:31:07 EDT,21,TSLA,Tesla Inc,44923502,-0.86,372.8,376.4,370.04,1.69,0.012,1400133859108
2026-04-29,2026-04-29 09:31:07 EDT,22,AMD,Advanced Micro Devices Inc,43425471,4.3,337.11,340.17,318.86,6.59,0.0266,549603505788
2026-04-29,2026-04-29 09:31:07 EDT,23,VALE,Vale S A,41483464,-6.2700000000000005,15.85,16.28,15.79,2.93,0.0097,67660165234
2026-04-29,2026-04-29 09:31:07 EDT,24,GRAB,Grab Holdings Limited,41347482,-1.04,3.82,3.865,3.76,2.7199999999999998,0.0101,15663840411
2026-04-29,2026-04-29 09:31:07 EDT,25,WALD,Waldencast plc,39052508,-2.08,0.763,1.05,0.763,36.83,0.3045,97862282
2026-04-29,2026-04-29 09:31:07 EDT,26,SLNH,SOLUNA HOLDINGS INC,38985434,18.52,1.28,1.35,0.9127,40.489999999999995,0.3445,144872563
2026-04-29,2026-04-29 09:31:07 EDT,27,OPEN,Opendoor Technologies Inc,38864050,1.82,5.58,5.68,5.19,8.94,0.0406,5347456183
2026-04-29,2026-04-29 09:31:07 EDT,28,RIG,Transocean,36210962,2.5,6.96,6.97,6.74,3.39,0.0327,7702984363
2026-04-29,2026-04-29 09:31:07 EDT,29,JOBY,Joby Aviation Inc,35759959,-2.58,8.7,8.83,8.19,7.109999999999999,0.0364,8553572753
2026-04-29,2026-04-29 09:31:07 EDT,30,MU,Micron Technology Inc,35652545,2.81,518.46,531.02,508.8,4.3999999999999995,0.0316,584684996081
2026-04-29,2026-04-29 09:31:07 EDT,31,BYND,Beyond Meat,35509196,-5.1499999999999995,0.8153,0.89,0.8153,8.690000000000001,0.0766,377941756
2026-04-29,2026-04-29 09:31:07 EDT,32,MARA,MARA Holdings Inc,34392252,-2.7199999999999998,10.72,10.92,10.27,5.8500000000000005,0.0905,4076115287
2026-04-29,2026-04-29 09:31:07 EDT,33,NIO,Nio Inc.,32945608,0.47000000000000003,6.39,6.68,6.38,4.72,0.0131,16011212270
2026-04-29,2026-04-29 09:31:07 EDT,34,PLTR,Palantir Technologies Inc,32622647,-2.27,137.97,139.76,134.68,3.5999999999999996,0.0136,330735766328
2026-04-29,2026-04-29 09:31:07 EDT,35,MSFT,Microsoft Corp,32457613,-1.1199999999999999,424.46,426.82,420.29,1.52,0.0044,3151882517598
2026-04-29,2026-04-29 09:31:07 EDT,36,BMNR,Bitmine Immersion Technologies Inc,32346074,-3.82,20.66,21.3,20.19,5.17,0.0602,11107411400
2026-04-29,2026-04-29 09:31:07 EDT,37,QCOM,Qualcomm Inc,32073309,4.0,156.0,157.29,151.0,4.19,0.0301,166452000000
2026-04-29,2026-04-29 09:31:07 EDT,38,CMCSA,Comcast Corp,31837511,-3.18,26.76,27.73,26.6,4.09,0.0089,95592836185
2026-04-29,2026-04-29 09:31:07 EDT,39,ASBP,Aspire Biopharma Holdings Inc,31780263,16.91,0.244,0.2498,0.2011,23.330000000000002,6.3255,1225886
2026-04-29,2026-04-29 09:31:07 EDT,40,GOOGL,Alphabet Inc,31173101,0.05,349.94,355.79,344.21,3.3099999999999996,0.0026,4239796296058
2026-04-29,2026-04-29 09:31:07 EDT,41,SNAP,Snap Inc,30098753,0.5,5.98,6.03,5.81,3.6999999999999997,0.0178,10099932900
2026-04-29,2026-04-29 09:31:07 EDT,42,PFE,Pfizer,29856066,-0.83,26.26,26.55,26.2,1.32,0.0052,149376231947
2026-04-29,2026-04-29 09:31:07 EDT,43,OWL,Blue Owl Capital Inc,29627520,0.22999999999999998,8.88,8.99,8.75,2.71,0.019,13844366743
2026-04-29,2026-04-29 09:31:07 EDT,44,NU,Nu Hldgs Ltd,28750696,-3.17,14.04,14.51,14.04,3.2399999999999998,0.0059,68242813343
2026-04-29,2026-04-29 09:31:07 EDT,45,AAPL,Apple Inc,28374473,-0.2,270.17,271.04,267.04,1.48,0.0019,3966403593800
2026-04-29,2026-04-29 09:31:07 EDT,46,BTE,Baytex Energy,28269121,3.63,5.14,5.14,4.94,4.03,0.0369,3935020275
2026-04-29,2026-04-29 09:31:07 EDT,47,CMG,Chipotle Mexican Grill Inc,28060089,0.37,32.99,33.15,32.43,2.18,0.0215,42966934770
2026-04-29,2026-04-29 09:31:07 EDT,48,BTG,B2Gold,27388201,-1.82,4.31,4.34,4.27,1.59,0.0205,5764020518
2026-04-29,2026-04-29 09:31:07 EDT,49,NVTS,Navitas Semiconductor Corp,27380807,2.3800000000000003,15.48,15.57,14.14,9.46,0.1186,3572672002
2026-04-29,2026-04-29 09:31:07 EDT,50,GPUS,Hyperscale Data Inc.,27373742,-2.09,0.1312,0.1359,0.1256,7.6899999999999995,0.0623,57648564
2026-04-29,2026-04-29 09:31:07 EDT,51,CRWV,"CoreWeave, Inc.",27129739,8.21,114.19,115.47,107.05,7.9799999999999995,0.05,62001407667
2026-04-29,2026-04-29 09:31:07 EDT,52,NTLA,Intellia Therape,26713380,-5.72,12.45,12.95,11.76,9.049999999999999,0.2261,1470171979
2026-04-29,2026-04-29 09:31:07 EDT,53,CCL,Carnival Corp,26164228,-2.74,25.58,26.02,25.34,2.59,0.0211,31693625422
2026-04-29,2026-04-29 09:31:07 EDT,54,BAC,Bank of America Corp,26128951,0.42,52.88,53.02,51.83,2.26,0.0037,377029536732
2026-04-29,2026-04-29 09:31:07 EDT,55,SMR,NuScale Power Corporation,26076998,-4.2299999999999995,11.32,11.98,10.83,8.88,0.076,3883999438
2026-04-29,2026-04-29 09:31:07 EDT,56,SMCI,Super Micro Computer Inc,25821963,-3.4099999999999997,26.32,27.09,25.46,5.949999999999999,0.043,15804684976
2026-04-29,2026-04-29 09:31:07 EDT,57,NFLX,Netflix Inc,25605009,-0.16,92.12,92.86,90.86,2.16,0.0061,387898760399
2026-04-29,2026-04-29 09:31:07 EDT,58,VG,"Venture Global, Inc.",25442997,8.219999999999999,13.16,13.25,12.38,7.109999999999999,0.0102,32670602525
2026-04-29,2026-04-29 09:31:07 EDT,59,UMC,United Microelec,25319986,9.35,12.75,13.39,12.1,10.89,0.0101,32075237781
2026-04-29,2026-04-29 09:31:07 EDT,60,SBUX,Starbucks Corp,25253086,8.450000000000001,105.5,107.27,100.08,7.39,0.0222,120196150000
2026-04-29,2026-04-29 09:31:07 EDT,61,IREN,IREN Ltd,24586898,-3.56,42.86,44.7,42.21,5.58,0.074,14241537215
2026-04-29,2026-04-29 09:31:07 EDT,62,AMC,Amc Entmt Hldgs Inc,24518476,-4.88,1.56,1.64,1.51,7.93,0.0421,909163710
2026-04-29,2026-04-29 09:31:07 EDT,63,ABEV,Ambev,24387534,-2.06,2.85,2.885,2.84,1.55,0.0016,44507099100
2026-04-29,2026-04-29 09:31:07 EDT,64,IONQ,Ionq Inc,24310157,-2.25,42.11,42.63,39.77,6.4399999999999995,0.0663,15439242235
2026-04-29,2026-04-29 09:31:07 EDT,65,VZ,Verizon Comms,24163163,-1.3299999999999998,46.61,47.53,46.26,2.7,0.0058,194829800000
2026-04-29,2026-04-29 09:31:07 EDT,66,CMPX,Compass Therapeutics Inc,24120003,-9.24,1.67,1.905,1.64,14.13,0.1339,300746818
2026-04-29,2026-04-29 09:31:07 EDT,67,AGNC,Agnc Invt Corp,24020625,-0.9900000000000001,10.97,11.11,10.91,1.71,0.0209,12591366000
2026-04-29,2026-04-29 09:31:07 EDT,68,SES,SES AI,23902301,-1.92,1.02,1.04,0.9711,6.63,0.0647,376669031
2026-04-29,2026-04-29 09:31:07 EDT,69,GEHC,Ge Healthcare Technologies Inc,23443685,-13.16,59.49,62.9,58.75,6.0600000000000005,0.0514,27142419156
2026-04-29,2026-04-29 09:31:07 EDT,70,ACHR,Archer Aviation Inc,23308182,-4.109999999999999,5.6,5.75,5.47,4.79,0.0313,4169417459
2026-04-29,2026-04-29 09:31:07 EDT,71,WULF,Terawulf Inc,23298183,-3.75,20.02,21.24,19.57,8.03,0.0473,9862549817
2026-04-29,2026-04-29 09:31:07 EDT,72,SOUN,SOUNDHOUND AI INC,23004209,-4.34,7.71,8.01,7.58,5.27,0.054,3286079524
2026-04-29,2026-04-29 09:31:07 EDT,73,AUR,Aurora Innovation Inc,22954529,2.83,5.09,5.13,4.79,6.87,0.0117,9977257665
2026-04-29,2026-04-29 09:31:07 EDT,74,RKT,Rocket Companies Inc,22934506,-5.94,14.4,15.13,14.3,5.4,0.0081,40605341428
2026-04-29,2026-04-29 09:31:07 EDT,75,T,At&T,22716484,-1.1900000000000002,25.75,26.16,25.64,2.0,0.0033,178919725001
2026-04-29,2026-04-29 09:31:07 EDT,76,SRXH,SRX Health Solutions Inc,22570516,-0.52,0.1149,0.1189,0.1107,6.93,0.0468,55453578
2026-04-29,2026-04-29 09:31:07 EDT,77,CNH,Cnh Industrial,22218168,0.4,10.08,10.17,9.94,2.29,0.0179,12505983971
2026-04-29,2026-04-29 09:31:07 EDT,78,TEVA,Teva Pharm,21898524,11.89,35.38,35.62,33.92,5.12,0.0188,41204916816
2026-04-29,2026-04-29 09:31:07 EDT,79,CCC,Ccc Intelligent Solutions Hld,21564566,1.26,4.82,4.84,4.575,5.57,0.0367,2828725223
2026-04-29,2026-04-29 09:31:07 EDT,80,RGTI,Rigetti Computing Inc,21297157,-1.8900000000000001,16.08,16.25,15.3,5.74,0.0641,5344116411
2026-04-29,2026-04-29 09:31:07 EDT,81,BSX,Boston Scien Cp,20657018,-2.22,57.15,57.83,56.17,2.83,0.0139,84934910794
2026-04-29,2026-04-29 09:31:07 EDT,82,PBR,Petroleo Brasileiro S.A. Petrobras,20636101,2.92,21.85,21.97,21.41,2.6100000000000003,0.0032,140809405424
2026-04-29,2026-04-29 09:31:07 EDT,83,DNN,Denison Mines,20446346,-4.0,3.6,3.79,3.59,5.33,0.0226,3254457470
2026-04-29,2026-04-29 09:31:07 EDT,84,NCLH,Norwegian Cruise Line Hldg Ltd,20430443,-0.11,17.77,17.88,17.28,3.36,0.0448,8095046040
2026-04-29,2026-04-29 09:31:07 EDT,85,KEEL,Keel Infrastructure Corp,20250293,-5.19,2.74,2.89,2.7,6.569999999999999,0.0336,1651796702
2026-04-29,2026-04-29 09:31:07 EDT,86,TTD,The Trade Desk,20200228,4.91,24.37,24.51,23.45,4.55,0.043,11456282630
2026-04-29,2026-04-29 09:31:07 EDT,87,GOOG,Alphabet Inc,20155675,-0.05,347.31,353.4,342.43,3.15,0.0017,4207931792833
2026-04-29,2026-04-29 09:31:07 EDT,88,ORCL,Oracle Corp,20137469,-1.28,163.83,164.76,160.65,2.48,0.007,471182616180
2026-04-29,2026-04-29 09:31:07 EDT,89,PCG,PG&E Us,20027284,0.6799999999999999,16.37,16.49,16.1,2.4,0.0091,36050418797
2026-04-29,2026-04-29 09:31:07 EDT,90,MRVL,Marvell Technology Inc,20004463,2.18,156.57,157.21,151.3,3.85,0.0229,136913927419
2026-04-29,2026-04-29 09:31:07 EDT,91,CDE,Coeur Mng Inc,19937390,-2.91,17.33,17.58,17.01,3.19,0.0311,11123120854
2026-04-29,2026-04-29 09:31:07 EDT,92,HIMS,Hims & Hers Health Inc,19707103,-5.66,26.33,27.69,26.04,5.8999999999999995,0.0865,6001627708
2026-04-29,2026-04-29 09:31:07 EDT,93,BE,Bloom Energy,19670555,27.21,287.97,290.5,267.46,10.16,0.0692,81909926475
2026-04-29,2026-04-29 09:31:07 EDT,94,HBAN,Huntington Bancshares Inc,19304324,-1.4500000000000002,16.31,16.62,16.19,2.6,0.0095,33062499873
2026-04-29,2026-04-29 09:31:07 EDT,95,AES,Aes Corp,19298473,-0.21,14.45,14.48,14.43,0.35000000000000003,0.0271,10303884952
2026-04-29,2026-04-29 09:31:07 EDT,96,QS,Quantumscape Corp,19247058,-1.87,6.84,6.96,6.55,5.74,0.0313,4207592319
2026-04-29,2026-04-29 09:31:07 EDT,97,QBTS,D Wave Quantum,18796304,0.88,18.27,18.41,17.11,7.180000000000001,0.0512,6709663419
2026-04-29,2026-04-29 09:31:07 EDT,98,CLF,Cleveland-Cliffs Inc,18432153,0.29,10.25,10.52,10.14,3.7699999999999996,0.0323,5846750234
2026-04-29,2026-04-29 09:31:07 EDT,99,NOW,Servicenow Inc,18353753,-1.77,88.89,89.3,87.1,2.4299999999999997,0.0178,91645590000
2026-04-29,2026-04-29 09:31:07 EDT,100,PYPL,Paypal Holdings,18317138,2.62,50.94,51.87,49.22,5.319999999999999,0.0204,45829392082
2026-04-30,2026-04-30 09:31:09 EDT,1,OSRH,"OSR Holdings, Inc.",286686658,52.800000000000004,0.7029,0.8414,0.52,69.87,8.655,23283390
2026-04-30,2026-04-30 09:31:09 EDT,2,NVDA,Nvidia Corporation,216706023,-4.63,199.57,210.3,198.7,5.54,0.0089,4849551000000
2026-04-30,2026-04-30 09:31:09 EDT,3,BYND,Beyond Meat,159323403,20.7,0.9841,1.05,0.8209,28.1,0.3437,456190951
2026-04-30,2026-04-30 09:31:09 EDT,4,INTC,Intel Corp,154326036,-0.29,94.48,95.65,91.5,4.38,0.0307,474856480000
2026-04-30,2026-04-30 09:31:09 EDT,5,CHSN,CHANSON INTL HLDG,147613326,-14.85,0.0281,0.0296,0.0255,12.42,2.5007,1658708
2026-04-30,2026-04-30 09:31:09 EDT,6,NOK,Nokia,134415010,3.6900000000000004,12.92,12.92,12.11,6.5,0.024,72257840060
2026-04-30,2026-04-30 09:31:09 EDT,7,AMZN,Amazon Com,98571689,0.77,265.06,273.87,256.16,6.7299999999999995,0.0092,2850521981842
2026-04-30,2026-04-30 09:31:09 EDT,8,PLUG,Plug Power,95567077,-8.21,3.13,3.42,3.04,11.14,0.0686,4363079553
2026-04-30,2026-04-30 09:31:09 EDT,9,SOFI,Sofi Technologies Inc,92772025,3.6999999999999997,16.1,16.37,15.54,5.35,0.0727,20531747985
2026-04-30,2026-04-30 09:31:09 EDT,10,F,Ford Mtr Co Del,79733283,-1.31,12.08,12.09,11.47,5.07,0.0199,48453873712
2026-04-30,2026-04-30 09:31:09 EDT,11,MARA,MARA Holdings Inc,79211829,11.85,11.99,12.27,11.06,11.33,0.2083,4559013273
2026-04-30,2026-04-30 09:31:09 EDT,12,AAPL,Apple Inc,75036996,0.44,271.35,275.94,268.14,2.8899999999999997,0.0051,3983727339000
2026-04-30,2026-04-30 09:31:09 EDT,13,OWL,Blue Owl Capital Inc,71742376,9.629999999999999,9.74,10.17,9.0,13.120000000000001,0.046,15177354758
2026-04-30,2026-04-30 09:31:09 EDT,14,GOOGL,Alphabet Inc,70371429,9.959999999999999,384.8,385.83,365.82,5.72,0.0058,4662152411051
2026-04-30,2026-04-30 09:31:09 EDT,15,MSFT,Microsoft Corp,67913632,-3.93,407.78,414.42,398.01,3.8699999999999997,0.0091,3027993322094
2026-04-30,2026-04-30 09:31:09 EDT,16,QCOM,Qualcomm Inc,60121023,15.120000000000001,179.58,186.89,163.56,14.96,0.0563,191611860000
2026-04-30,2026-04-30 09:31:09 EDT,17,XRX,Xerox Holdings Corp,59954514,43.309999999999995,2.25,2.3,1.75,35.03,0.4585,294246569
2026-04-30,2026-04-30 09:31:09 EDT,18,AUR,Aurora Innovation Inc,59194837,15.52,5.88,6.33,5.13,23.580000000000002,0.0302,11525790780
2026-04-30,2026-04-30 09:31:09 EDT,19,META,Meta Platforms Inc,51790935,-8.55,611.91,620.76,600.0,3.1,0.0204,1553286603950
2026-04-30,2026-04-30 09:31:09 EDT,20,GRAB,Grab Holdings Limited,50695814,0.0,3.82,3.84,3.74,2.62,0.0124,15663840411
2026-04-30,2026-04-30 09:31:09 EDT,21,TSLA,Tesla Inc,50227786,2.37,381.63,384.75,368.17,4.45,0.0134,1433296900889
2026-04-30,2026-04-30 09:31:09 EDT,22,FATN,FatPipe Inc.,49400678,22.58,3.04,3.67,2.82,34.27,3.5478,42330382
2026-04-30,2026-04-30 09:31:09 EDT,23,SLNH,SOLUNA HOLDINGS INC,45590310,29.69,1.66,1.72,1.28,34.38,0.4028,187881605
2026-04-30,2026-04-30 09:31:09 EDT,24,HCAI,Huachen AI Parking Management Technology Holding Co.,44690855,100.18,10.95,14.45,9.75,85.92,38.4438,12729375
2026-04-30,2026-04-30 09:31:09 EDT,25,INHD,Inno Holdings Inc,44681834,-28.000000000000004,0.0864,0.0886,0.0799,7.249999999999999,5.3109,726902
2026-04-30,2026-04-30 09:31:09 EDT,26,GOOG,Alphabet Inc,43717445,9.969999999999999,381.94,382.63,363.09,5.63,0.0036,4627501278266
2026-04-30,2026-04-30 09:31:09 EDT,27,T,At&T,43653192,1.55,26.15,26.47,25.78,2.68,0.0063,181699060535
2026-04-30,2026-04-30 09:31:09 EDT,28,HTZ,Hertz Global Hld,43151566,13.569999999999999,6.36,7.04,6.16,15.709999999999999,0.137,2003737258
2026-04-30,2026-04-30 09:31:09 EDT,29,OPEN,Opendoor Technologies Inc,42247632,-3.58,5.38,5.58,5.08,8.959999999999999,0.0441,5155791087
2026-04-30,2026-04-30 09:31:09 EDT,30,AMD,Advanced Micro Devices Inc,41127007,5.16,354.49,354.96,332.6,6.63,0.0252,577938793767
2026-04-30,2026-04-30 09:31:09 EDT,31,CMCSA,Comcast Corp,40802766,1.05,27.04,27.35,26.72,2.35,0.0114,96593060181
2026-04-30,2026-04-30 09:31:09 EDT,32,VLN,Valens Semiconductor Ltd,40607945,42.38,2.15,2.55,1.53,67.55,0.3857,226379305
2026-04-30,2026-04-30 09:31:09 EDT,33,WULF,Terawulf Inc,39704770,8.540000000000001,21.73,22.07,20.67,7.01,0.0806,10704955420
2026-04-30,2026-04-30 09:31:09 EDT,34,NFLX,Netflix Inc,38460299,1.6199999999999999,93.61,94.22,90.77,3.75,0.0091,394172850206
2026-04-30,2026-04-30 09:31:09 EDT,35,RIG,Transocean,38455573,-2.15,6.81,6.98,6.74,3.44,0.0347,7537082444
2026-04-30,2026-04-30 09:31:09 EDT,36,NU,Nu Hldgs Ltd,38329537,3.1,14.48,14.56,14.05,3.63,0.0079,70357174013
2026-04-30,2026-04-30 09:31:09 EDT,37,BBAI,BIGBEAR AI HLDGS INC,37763943,4.06,3.975,4.03,3.735,7.720000000000001,0.0788,1903824063
2026-04-30,2026-04-30 09:31:09 EDT,38,AAL,American Airline,37595771,3.54,11.71,11.75,11.47,2.52,0.0568,7744819954
2026-04-30,2026-04-30 09:31:09 EDT,39,LFST,"Lifestance Health Group, Inc.",35901840,1.8800000000000001,7.57,7.63,7.43,2.69,0.0926,2935855514
2026-04-30,2026-04-30 09:31:09 EDT,40,PFE,Pfizer,35846331,1.68,26.7,26.91,26.28,2.42,0.0063,151879108644
2026-04-30,2026-04-30 09:31:09 EDT,41,ONDS,Ondas Holdings Inc.,35405945,5.800000000000001,10.04,10.16,9.31,8.959999999999999,0.073,4870842527
2026-04-30,2026-04-30 09:31:09 EDT,42,CAN,Canaan Inc.,34735795,11.08,0.5332,0.5465,0.478,14.27,0.0451,410547908
2026-04-30,2026-04-30 09:31:09 EDT,43,CMG,Chipotle Mexican Grill Inc,34385650,2.96,33.97,35.1,33.45,5.0,0.0268,43658548470
2026-04-30,2026-04-30 09:31:09 EDT,44,MU,Micron Technology Inc,34261020,-0.25,517.16,535.5,502.58,6.35,0.0304,583218941815
2026-04-30,2026-04-30 09:31:09 EDT,45,VZ,Verizon Comms,33930684,2.96,47.99,48.05,46.84,2.6100000000000003,0.0081,200598200000
2026-04-30,2026-04-30 09:31:09 EDT,46,SNAP,Snap Inc,33917426,1.4200000000000002,6.07,6.1,5.88,3.6799999999999997,0.0201,10243493819
2026-04-30,2026-04-30 09:31:09 EDT,47,STLA,Stellantis N.V,33537418,-5.390000000000001,7.29,7.35,7.12,2.9899999999999998,0.0116,21108165082
2026-04-30,2026-04-30 09:31:09 EDT,48,GPUS,Hyperscale Data Inc.,32907851,5.11,0.1379,0.14,0.1326,5.64,0.0749,60592508
2026-04-30,2026-04-30 09:31:09 EDT,49,CCC,Ccc Intelligent Solutions Hld,32877697,8.709999999999999,5.24,5.28,4.91,7.68,0.056,3075211653
2026-04-30,2026-04-30 09:31:09 EDT,50,CDE,Coeur Mng Inc,31348391,3.75,17.98,18.13,17.42,4.130000000000001,0.0488,11540382301
2026-04-30,2026-04-30 09:31:09 EDT,51,KEEL,Keel Infrastructure Corp,31164696,10.58,3.03,3.06,2.82,8.76,0.0517,1826621901
2026-04-30,2026-04-30 09:31:09 EDT,52,PLTR,Palantir Technologies Inc,30849908,0.83,139.11,140.2,136.65,2.5700000000000003,0.0129,333468525432
2026-04-30,2026-04-30 09:31:09 EDT,53,HOOD,"Robinhood Markets, Inc.",30790607,2.37,72.89,73.87,70.76,4.37,0.0342,65637813604
2026-04-30,2026-04-30 09:31:09 EDT,54,ET,Energy Transfer L P,30506773,2.18,20.19,20.2,19.72,2.4299999999999997,0.0089,69459951269
2026-04-30,2026-04-30 09:31:09 EDT,55,USAR,USA Rare Earth Inc,30083314,17.88,25.97,26.02,22.6,15.52,0.138,5661086239
2026-04-30,2026-04-30 09:31:09 EDT,56,VISN,"Vistance Networks, Inc.",29848649,22.21,12.8,13.22,12.6,5.92,0.1324,2884797293
2026-04-30,2026-04-30 09:31:09 EDT,57,CNH,Cnh Industrial,29700635,6.25,10.71,10.98,10.26,7.090000000000001,0.0239,13287607969
2026-04-30,2026-04-30 09:31:09 EDT,58,QBTS,D Wave Quantum,29548435,10.89,20.26,20.36,18.23,11.66,0.0805,7440491564
2026-04-30,2026-04-30 09:31:09 EDT,59,PMI,"Picard Medical, Inc.",28986719,-3.93,0.455,0.7644,0.4225,72.19,0.3856,34206233
2026-04-30,2026-04-30 09:31:09 EDT,60,POET,Poet Technologies Inc,28809100,7.88,7.12,7.2,6.38,12.42,0.1887,1087303615
2026-04-30,2026-04-30 09:31:09 EDT,61,IREN,IREN Ltd,28781812,6.18,45.51,45.58,42.6,6.950000000000001,0.0866,15122080230
2026-04-30,2026-04-30 09:31:09 EDT,62,AIXI,Xiao-I Corporation,28713116,8.309999999999999,0.9737,1.03,0.8902,15.55,2.1344,13098968
2026-04-30,2026-04-30 09:31:09 EDT,63,AREB,American Rebel H,28398101,-4.72,0.3776,0.54,0.3511,47.67,5.0214,2135486
2026-04-30,2026-04-30 09:31:09 EDT,64,LAC,Lithium Americas,28195195,15.959999999999999,5.74,5.77,5.05,14.549999999999999,0.0812,1993901578
2026-04-30,2026-04-30 09:31:09 EDT,65,CCL,Carnival Corp,27827226,3.64,26.51,27.37,26.18,4.63,0.0225,32845895620
2026-04-30,2026-04-30 09:31:09 EDT,66,RIVN,"Rivian Automotive, Inc. / De",27667974,2.12,16.4,16.69,15.88,5.01,0.022,20670936773
2026-04-30,2026-04-30 09:31:09 EDT,67,SMR,NuScale Power Corporation,27337677,9.85,12.44,12.52,11.36,10.25,0.0797,4266566520
2026-04-30,2026-04-30 09:31:09 EDT,68,PPL,PPL,27293955,-3.16,37.44,39.48,37.13,6.08,0.0363,28161061231
2026-04-30,2026-04-30 09:31:09 EDT,69,CANF,Can-Fite BioPharma Ltd.,27093957,3.34,3.09,4.08,2.87,40.47,12.6457,6620470
2026-04-30,2026-04-30 09:31:09 EDT,70,ACHR,Archer Aviation Inc,27001526,2.5,5.74,5.84,5.58,4.55,0.0363,4273652895
2026-04-30,2026-04-30 09:31:09 EDT,71,PCG,PG&E Us,26489651,1.47,16.61,16.67,16.28,2.41,0.012,36578952732
2026-04-30,2026-04-30 09:31:09 EDT,72,BAC,Bank of America Corp,26264043,1.13,53.47,53.66,52.15,2.85,0.0037,381236182471
2026-04-30,2026-04-30 09:31:09 EDT,73,CLSK,Cleanspark Inc,26069575,10.2,12.53,12.89,11.52,12.06,0.1019,3204583999
2026-04-30,2026-04-30 09:31:09 EDT,74,NIO,Nio Inc.,25886632,0.0,6.39,6.42,6.13,4.54,0.0103,16011212270
2026-04-30,2026-04-30 09:31:09 EDT,75,RGTI,Rigetti Computing Inc,25271271,8.52,17.45,17.51,16.06,9.02,0.076,5799429812
2026-04-30,2026-04-30 09:31:09 EDT,76,QS,Quantumscape Corp,25198177,6.58,7.29,7.38,6.83,8.04,0.041,4484407604
2026-04-30,2026-04-30 09:31:09 EDT,77,CRWV,"CoreWeave, Inc.",24945548,-2.27,111.6,118.25,111.35,6.04,0.0459,60595123003
2026-04-30,2026-04-30 09:31:09 EDT,78,NVO,Novo-Nordisk A/S,24939554,4.74,42.2,42.86,41.65,2.9899999999999998,0.0056,187224613219
2026-04-30,2026-04-30 09:31:09 EDT,79,AMC,Amc Entmt Hldgs Inc,24839369,-3.0,1.515,1.57,1.47,6.41,0.0426,882937833
2026-04-30,2026-04-30 09:31:09 EDT,80,MO,Altria Group,24597878,6.510000000000001,72.64,73.85,70.68,4.65,0.0147,121404217288
2026-04-30,2026-04-30 09:31:09 EDT,81,NVTS,Navitas Semiconductor Corp,24418983,6.59,16.5,16.56,15.02,9.950000000000001,0.1058,3808080622
2026-04-30,2026-04-30 09:31:09 EDT,82,ABEV,Ambev,24119903,2.63,2.925,2.95,2.88,2.46,0.0015,45678338550
2026-04-30,2026-04-30 09:31:09 EDT,83,BMNR,Bitmine Immersion Technologies Inc,24088208,3.4799999999999995,21.39,21.42,20.52,4.36,0.0448,11497192294
2026-04-30,2026-04-30 09:31:09 EDT,84,KOS,Kosmos Energy Ltd,23678477,0.49,3.075,3.095,2.926,5.54,0.0399,1823935899
2026-04-30,2026-04-30 09:31:09 EDT,85,FFAI,Faraday Future Intelligent Electric Inc,23574042,13.62,0.4362,0.4487,0.38,17.9,0.0762,134902962
2026-04-30,2026-04-30 09:31:09 EDT,86,SGMO,Sangamo Therapeutics Inc,23467960,-10.24,0.1192,0.13,0.1155,10.92,0.0566,49381462
2026-04-30,2026-04-30 09:31:09 EDT,87,BTBT,Bit Digital Inc,23438814,4.14,1.51,1.55,1.46,6.2,0.0718,493131600
2026-04-30,2026-04-30 09:31:09 EDT,88,BMY,Bristol-Myers Squibb Co,23290084,5.17,60.57,60.78,57.41,5.86,0.0114,123667916509
2026-04-30,2026-04-30 09:31:09 EDT,89,IONQ,Ionq Inc,22941604,7.199999999999999,45.15,45.48,41.49,9.48,0.0626,16553830133
2026-04-30,2026-04-30 09:31:09 EDT,90,JOBY,Joby Aviation Inc,22889837,5.63,9.19,9.23,8.72,5.86,0.0233,9035325701
2026-04-30,2026-04-30 09:31:09 EDT,91,BTG,B2Gold,22865933,4.760000000000001,4.515,4.525,4.365,3.71,0.0171,6038179266
2026-04-30,2026-04-30 09:31:09 EDT,92,CPNG,Coupang Inc,22485861,-1.6199999999999999,19.98,20.39,19.83,2.78,0.0123,36527267288
2026-04-30,2026-04-30 09:31:09 EDT,93,BIYA,Baiya International Group Inc,22172987,4.21,1.98,2.5,1.93,30.0,8.7988,4989584
2026-04-30,2026-04-30 09:31:09 EDT,94,RIOT,Riot Platforms Ord Shs,21834687,7.88,17.24,17.28,16.2,6.76,0.0576,6536129636
2026-04-30,2026-04-30 09:31:09 EDT,95,JBLU,Jetblue Awys Corp,21640231,-3.82,4.655,4.94,4.65,5.99,0.0582,1731747951
2026-04-30,2026-04-30 09:31:09 EDT,96,BSX,Boston Scien Cp,21609698,0.79,57.6,57.9,56.05,3.2300000000000004,0.0145,85603689619
2026-04-30,2026-04-30 09:31:09 EDT,97,ALIT,Alight Inc.,21570505,8.76,0.8158,0.8259,0.72,14.12,0.0409,430196945
2026-04-30,2026-04-30 09:31:09 EDT,98,NKE,Nike Inc Cl B,21461710,-0.06,44.37,44.81,43.51,2.93,0.0145,65699553219
2026-04-30,2026-04-30 09:31:09 EDT,99,BTE,Baytex Energy,21438920,-1.46,5.07,5.13,4.98,2.94,0.028,3877602664
2026-04-30,2026-04-30 09:31:09 EDT,100,APLD,Applied Digital,21376374,4.79,34.25,35.35,33.2,6.58,0.0748,9787606710
2026-05-01,2026-05-01 09:31:07 EDT,1,CHSN,CHANSON INTL HLDG,258454706,1.78,0.0286,0.0335,0.028,19.57,4.3785,1688223
2026-05-01,2026-05-01 09:31:07 EDT,2,SOBR,Sobr Safe Inc,245849958,79.86999999999999,0.9821,1.26,0.9,65.93,87.5977,2756341
2026-05-01,2026-05-01 09:31:07 EDT,3,ESPR,Esperion Therape,182000067,55.50000000000001,3.11,3.14,3.1,2.0,0.7071,800529164
2026-05-01,2026-05-01 09:31:07 EDT,4,INTC,Intel Corp,156293404,5.43,99.61,100.45,92.62,8.290000000000001,0.0311,500639860000
2026-05-01,2026-05-01 09:31:07 EDT,5,NOK,Nokia,141657330,2.9000000000000004,13.29,13.89,12.87,7.9,0.0253,74299179969
2026-05-01,2026-05-01 09:31:07 EDT,6,NVDA,Nvidia Corporation,126504739,-0.5599999999999999,198.45,203.0,197.12,2.9499999999999997,0.0052,4822335000000
2026-05-01,2026-05-01 09:31:07 EDT,7,BYND,Beyond Meat,112026015,-3.5999999999999996,0.9487,1.1,0.9309,17.169999999999998,0.2417,439780871
2026-05-01,2026-05-01 09:31:07 EDT,8,GRAB,Grab Holdings Limited,99304152,-3.93,3.67,3.735,3.52,5.63,0.0242,15048768143
2026-05-01,2026-05-01 09:31:07 EDT,9,SOFI,Sofi Technologies Inc,78333909,2.0500000000000003,16.43,16.8,15.88,5.71,0.0614,20952585055
2026-05-01,2026-05-01 09:31:07 EDT,10,AAPL,Apple Inc,77853482,3.2800000000000002,280.25,287.21,278.37,3.26,0.0053,4114389485000
2026-05-01,2026-05-01 09:31:07 EDT,11,SOUN,SOUNDHOUND AI INC,67312185,20.1,9.56,9.6,8.06,19.35,0.1579,4074568125
2026-05-01,2026-05-01 09:31:07 EDT,12,TSLA,Tesla Inc,64416580,2.41,390.82,397.82,378.91,4.96,0.0172,1467812003264
2026-05-01,2026-05-01 09:31:07 EDT,13,NIO,Nio Inc.,60693120,-7.359999999999999,5.92,6.23,5.81,6.569999999999999,0.0242,14833548770
2026-05-01,2026-05-01 09:31:07 EDT,14,XXII,22Nd Century,60024606,-12.18,1.37,1.97,1.26,45.51,54.2548,1515733
2026-05-01,2026-05-01 09:31:07 EDT,15,DVLT,Datavault AI Inc,53437973,2.48,0.7438,0.8,0.729,9.78,0.0765,519521890
2026-05-01,2026-05-01 09:31:07 EDT,16,RBLX,Roblox Corp,53199157,-18.35,45.12,47.44,41.75,10.290000000000001,0.0743,32296818883
2026-05-01,2026-05-01 09:31:07 EDT,17,OWL,Blue Owl Capital Inc,53017416,2.32,9.98,10.31,9.68,6.460000000000001,0.034,15553241787
2026-05-01,2026-05-01 09:31:07 EDT,18,F,Ford Mtr Co Del,52137325,-1.66,11.88,12.07,11.78,2.4,0.0131,47337749975
2026-05-01,2026-05-01 09:31:07 EDT,19,RIVN,"Rivian Automotive, Inc. / De",51986068,-8.41,15.02,16.02,15.01,6.16,0.0412,18931475265
2026-05-01,2026-05-01 09:31:07 EDT,20,MARA,MARA Holdings Inc,50698374,-4.42,11.46,12.37,11.38,8.260000000000002,0.1333,4357488917
2026-05-01,2026-05-01 09:31:07 EDT,21,AMZN,Amazon Com,50484781,1.27,268.42,273.32,262.78,3.9699999999999998,0.0047,2887423314811
2026-05-01,2026-05-01 09:31:07 EDT,22,AAL,American Airline,48530557,1.15,11.85,12.21,11.63,4.99,0.0734,7834106947
2026-05-01,2026-05-01 09:31:07 EDT,23,JBLU,Jetblue Awys Corp,48109548,4.3999999999999995,4.86,5.3,4.55,16.11,0.1293,1808011824
2026-05-01,2026-05-01 09:31:07 EDT,24,SAFX,XCF GLOBAL INC,47110010,25.11,0.5003,0.595,0.3777,54.339999999999996,0.1593,147964379
2026-05-01,2026-05-01 09:31:07 EDT,25,LABT,Lakewood-Amedex,45778065,28.95,3.43,4.61,3.135,55.45,6.544,23994458
2026-05-01,2026-05-01 09:31:07 EDT,26,ONDS,Ondas Holdings Inc.,45238167,2.79,10.32,10.56,9.62,9.36,0.0932,5006682756
2026-05-01,2026-05-01 09:31:07 EDT,27,BBAI,BIGBEAR AI HLDGS INC,40176602,4.02,4.14,4.17,3.87,7.539999999999999,0.0839,1982850723
2026-05-01,2026-05-01 09:31:07 EDT,28,MU,Micron Technology Inc,39745727,4.84,542.21,545.91,510.21,6.9,0.0352,611468679792
2026-05-01,2026-05-01 09:31:07 EDT,29,PATH,Uipath Inc,38163222,3.6900000000000004,10.68,10.91,10.29,6.069999999999999,0.0728,5595485592
2026-05-01,2026-05-01 09:31:07 EDT,30,PLUG,Plug Power,36621874,-0.96,3.1,3.18,3.04,4.47,0.0263,4321260899
2026-05-01,2026-05-01 09:31:07 EDT,31,SNAP,Snap Inc,35295437,3.54,6.29,6.34,6.1,3.95,0.0209,10615063257
2026-05-01,2026-05-01 09:31:07 EDT,32,AMD,Advanced Micro Devices Inc,33829157,1.71,360.54,362.79,349.25,3.82,0.0208,587802343380
2026-05-01,2026-05-01 09:31:07 EDT,33,PLTR,Palantir Technologies Inc,32741204,3.5700000000000003,144.07,146.44,141.39,3.63,0.0137,345358424693
2026-05-01,2026-05-01 09:31:07 EDT,34,RIOT,Riot Platforms Ord Shs,32579919,7.31,18.5,19.5,18.17,7.6899999999999995,0.0859,7013828206
2026-05-01,2026-05-01 09:31:07 EDT,35,BTG,B2Gold,32019529,-3.2199999999999998,4.355,4.555,4.35,4.5600000000000005,0.0239,5824201706
2026-05-01,2026-05-01 09:31:07 EDT,36,RIG,Transocean,31762349,0.37,6.85,6.88,6.58,4.3999999999999995,0.0287,7575708041
2026-05-01,2026-05-01 09:31:07 EDT,37,ACHR,Archer Aviation Inc,31117550,2.18,5.87,5.92,5.61,5.3100000000000005,0.0418,4366720249
2026-05-01,2026-05-01 09:31:07 EDT,38,MSFT,Microsoft Corp,31116685,1.5699999999999998,414.2,417.11,410.44,1.6400000000000001,0.0042,3075658435133
2026-05-01,2026-05-01 09:31:07 EDT,39,T,At&T,30950747,0.02,26.14,26.46,26.07,1.47,0.0045,181594835452
2026-05-01,2026-05-01 09:31:07 EDT,40,NFLX,Netflix Inc,30036457,-1.66,92.06,94.7,91.9,2.9899999999999998,0.0071,387646112487
2026-05-01,2026-05-01 09:31:07 EDT,41,NVTS,Navitas Semiconductor Corp,29880718,5.76,17.45,18.03,15.81,13.450000000000001,0.1295,4027333749
2026-05-01,2026-05-01 09:31:07 EDT,42,GOOGL,Alphabet Inc,29635489,0.22999999999999998,385.69,386.75,379.05,2.0,0.0024,4672935455868
2026-05-01,2026-05-01 09:31:07 EDT,43,BMNR,Bitmine Immersion Technologies Inc,29283306,2.1999999999999997,21.87,22.09,21.44,3.04,0.0545,11757942271
2026-05-01,2026-05-01 09:31:07 EDT,44,NCLH,Norwegian Cruise Line Hldg Ltd,29273656,3.44,18.81,19.12,18.04,5.970000000000001,0.0643,8566535779
2026-05-01,2026-05-01 09:31:07 EDT,45,PFE,Pfizer,29185628,-1.37,26.34,26.62,26.29,1.24,0.0051,149802858657
2026-05-01,2026-05-01 09:31:07 EDT,46,AMC,Amc Entmt Hldgs Inc,29077033,-4.279999999999999,1.455,1.565,1.43,8.88,0.0499,847969998
2026-05-01,2026-05-01 09:31:07 EDT,47,WTO,Utime Ltd,28893386,-19.139999999999997,1.5,2.63,1.27,73.3,17.0719,2538673
2026-05-01,2026-05-01 09:31:07 EDT,48,CMCSA,Comcast Corp,28804705,0.45999999999999996,27.17,27.48,26.99,1.81,0.0081,97039588750
2026-05-01,2026-05-01 09:31:07 EDT,49,AUR,Aurora Innovation Inc,28725438,4.25,6.13,6.24,5.81,7.31,0.0147,12015832905
2026-05-01,2026-05-01 09:31:07 EDT,50,STLA,Stellantis N.V,28417439,-2.06,7.14,7.38,7.02,4.95,0.0098,20673542603
2026-05-01,2026-05-01 09:31:07 EDT,51,GOOG,Alphabet Inc,27893334,0.33999999999999997,383.22,383.39,375.27,2.13,0.0023,4643009477554
2026-05-01,2026-05-01 09:31:07 EDT,52,WULF,Terawulf Inc,27670521,-1.9300000000000002,21.31,22.63,21.16,6.74,0.0562,10498048781
2026-05-01,2026-05-01 09:31:07 EDT,53,TEAM,Atlassian Corp Plc,27300967,29.580000000000002,88.88,90.23,82.05,11.92,0.1035,23441573297
2026-05-01,2026-05-01 09:31:07 EDT,54,OPEN,Opendoor Technologies Inc,27230971,1.1199999999999999,5.44,5.55,5.3,4.65,0.0282,5247991984
2026-05-01,2026-05-01 09:31:07 EDT,55,CRWV,"CoreWeave, Inc.",27209222,6.64,119.01,121.86,113.19,7.76,0.0501,64618508858
2026-05-01,2026-05-01 09:31:07 EDT,56,JOBY,Joby Aviation Inc,26598113,0.65,9.25,9.55,8.9,7.13,0.0271,9094315858
2026-05-01,2026-05-01 09:31:07 EDT,57,ORCL,Oracle Corp,26173114,6.47,171.83,174.3,166.32,4.9399999999999995,0.0091,494190984180
2026-05-01,2026-05-01 09:31:07 EDT,58,NVO,Novo-Nordisk A/S,25609666,3.9800000000000004,43.9,44.04,43.1,2.2399999999999998,0.0058,194766836975
2026-05-01,2026-05-01 09:31:07 EDT,59,POET,Poet Technologies Inc,25594400,2.67,7.31,7.48,6.69,11.01,0.1676,1116318740
2026-05-01,2026-05-01 09:31:07 EDT,60,STAK,STAK inc.,25346483,40.27,1.16,1.27,0.82,54.43,1.3194,22284004
2026-05-01,2026-05-01 09:31:07 EDT,61,NU,Nu Hldgs Ltd,25130923,-0.41000000000000003,14.42,14.65,14.38,1.8399999999999999,0.0052,70089841055
2026-05-01,2026-05-01 09:31:07 EDT,62,HOOD,"Robinhood Markets, Inc.",25015393,1.06,73.66,75.28,73.06,3.05,0.0278,66331202498
2026-05-01,2026-05-01 09:31:07 EDT,63,SLNH,SOLUNA HOLDINGS INC,24988266,-4.82,1.58,1.68,1.49,11.450000000000001,0.2208,178827070
2026-05-01,2026-05-01 09:31:07 EDT,64,IREN,IREN Ltd,24953537,0.33,45.66,47.4,45.15,4.9399999999999995,0.0751,15171922287
2026-05-01,2026-05-01 09:31:07 EDT,65,SMCI,Super Micro Computer Inc,24718412,-1.13,27.09,28.3,26.88,5.2,0.0412,16267056079
2026-05-01,2026-05-01 09:31:07 EDT,66,CERS,Cerus,24708840,33.989999999999995,2.72,3.15,2.47,33.5,0.1233,545003609
2026-05-01,2026-05-01 09:31:07 EDT,67,USAR,USA Rare Earth Inc,24317266,1.39,26.33,26.72,24.05,10.280000000000001,0.1116,5739561058
2026-05-01,2026-05-01 09:31:07 EDT,68,BAC,Bank of America Corp,24150992,-0.44,53.23,54.06,53.09,1.81,0.0034,379525004543
2026-05-01,2026-05-01 09:31:07 EDT,69,FIG,Figma,24078735,5.8999999999999995,18.75,19.27,18.26,5.7299999999999995,0.0457,9878106354
2026-05-01,2026-05-01 09:31:07 EDT,70,VZ,Verizon Comms,23668874,0.24,48.15,48.49,47.81,1.4200000000000002,0.0057,201246100000
2026-05-01,2026-05-01 09:31:07 EDT,71,PR,Permian Resources Corp,23191181,2.22,22.1,22.11,21.23,4.07,0.0275,18616820745
2026-05-01,2026-05-01 09:31:07 EDT,72,NOW,Servicenow Inc,22802023,3.19,91.13,92.6,87.87,5.36,0.0221,93955030000
2026-05-01,2026-05-01 09:31:07 EDT,73,SNDK,SanDisk Corp,22673079,8.25,1187.0,1189.24,1048.0,12.879999999999999,0.1536,175202353764
2026-05-01,2026-05-01 09:31:07 EDT,74,CCL,Carnival Corp,21885113,0.49,26.64,27.31,26.08,4.64,0.0177,33006965647
2026-05-01,2026-05-01 09:31:07 EDT,75,MSTR,Strategy Inc,21183481,7.08,177.17,180.38,169.45,6.61,0.0611,61447210433
2026-05-01,2026-05-01 09:31:07 EDT,76,META,Meta Platforms Inc,21063189,-0.52,608.75,618.84,606.11,2.08,0.0083,1545252494193
2026-05-01,2026-05-01 09:31:07 EDT,77,CMG,Chipotle Mexican Grill Inc,20824948,-2.97,32.98,34.17,32.88,3.8,0.0162,42392431283
2026-05-01,2026-05-01 09:31:07 EDT,78,ZETA,Zeta Global Holdings Corp,20816413,0.98,18.6,19.88,18.45,7.76,0.0835,4636014102
2026-05-01,2026-05-01 09:31:07 EDT,79,QCOM,Qualcomm Inc,20778239,-1.4200000000000002,177.04,179.96,171.15,4.91,0.0197,186594890000
2026-05-01,2026-05-01 09:31:07 EDT,80,BTE,Baytex Energy,20732213,-1.48,4.985,5.06,4.895,3.26,0.0284,3641845767
2026-05-01,2026-05-01 09:31:07 EDT,81,KEEL,Keel Infrastructure Corp,20368090,1.9800000000000002,3.09,3.16,3.03,4.29,0.0338,1862792632
2026-05-01,2026-05-01 09:31:07 EDT,82,IONQ,Ionq Inc,20289550,2.39,46.2,46.31,43.8,5.56,0.0553,16938802927
2026-05-01,2026-05-01 09:31:07 EDT,83,QBTS,D Wave Quantum,20213519,0.9400000000000001,20.47,20.67,19.57,5.41,0.055,7517614132
2026-05-01,2026-05-01 09:31:07 EDT,84,CCC,Ccc Intelligent Solutions Hld,20156840,0.95,5.29,5.56,5.2,6.87,0.0343,3104555276
2026-05-01,2026-05-01 09:31:07 EDT,85,SMR,NuScale Power Corporation,19995562,-2.65,12.13,12.41,11.85,4.45,0.0583,4161918125
2026-05-01,2026-05-01 09:31:07 EDT,86,XRX,Xerox Holdings Corp,19937245,20.0,2.7,2.73,2.15,25.779999999999998,0.1525,353095883
2026-05-01,2026-05-01 09:31:07 EDT,87,FFAI,Faraday Future Intelligent Electric Inc,19866920,-6.12,0.4095,0.4733,0.4014,16.48,0.0642,126645490
2026-05-01,2026-05-01 09:31:07 EDT,88,AXTI,Axt Inc,19756845,21.18,96.0,96.32,78.2,22.869999999999997,0.3555,5335567392
2026-05-01,2026-05-01 09:31:07 EDT,89,TLIH,Ten-League International Holdings Ltd,19595049,50.8,3.66,4.61,2.57,84.05,6.664,10761992
2026-05-01,2026-05-01 09:31:07 EDT,90,AES,Aes Corp,19384120,0.11,14.29,14.33,14.26,0.49,0.0272,10189793492
2026-05-01,2026-05-01 09:31:07 EDT,91,GPUS,Hyperscale Data Inc.,19320855,0.13999999999999999,0.1383,0.1389,0.1341,3.4799999999999995,0.0418,63952115
2026-05-01,2026-05-01 09:31:07 EDT,92,VG,"Venture Global, Inc.",19049233,-4.109999999999999,12.73,13.07,12.45,4.67,0.0077,31590685193
2026-05-01,2026-05-01 09:31:07 EDT,93,CUE,Cue Biopharma Inc,18701402,106.38000000000001,30.42,38.0,25.95,81.75,5.7449,99027047
2026-05-01,2026-05-01 09:31:07 EDT,94,CREG,Smart Powerr,18444006,-38.12,0.548,0.664,0.4615,22.869999999999997,0.8033,12581602
2026-05-01,2026-05-01 09:31:07 EDT,95,CLF,Cleveland-Cliffs Inc,18426213,3.04,10.5,10.53,10.06,4.61,0.0323,5989353898
2026-05-01,2026-05-01 09:31:07 EDT,96,KOS,Kosmos Energy Ltd,18377317,3.92,3.201,3.21,2.975,7.630000000000001,0.031,1898494840
2026-05-01,2026-05-01 09:31:07 EDT,97,UAMY,United States Antimony,18368363,1.08,12.14,12.61,11.36,10.41,0.1284,1736970258
2026-05-01,2026-05-01 09:31:07 EDT,98,BSX,Boston Scien Cp,18292874,-1.91,56.51,58.17,56.51,2.88,0.0123,83983758687
2026-05-01,2026-05-01 09:31:07 EDT,99,SMMT,Summit Therapeutics Inc,18031362,-24.91,16.12,16.81,15.14,7.779999999999999,0.0232,12507861024
2026-05-01,2026-05-01 09:31:07 EDT,100,SHPH,SHUTTLE PHARMACTCLS HLDGS INC,18022401,-32.84,0.6917,1.14,0.6617,46.44,3.2233,3867495
2026-05-04,2026-05-04 09:31:10 EDT,1,DVLT,Datavault AI Inc,234008460,-24.709999999999997,0.56,0.6486,0.5572,12.29,0.335,391143128
2026-05-04,2026-05-04 09:31:10 EDT,2,CHSN,CHANSON INTL HLDG,165271796,3.15,0.0295,0.031,0.0288,7.6899999999999995,2.7999,1741349
2026-05-04,2026-05-04 09:31:10 EDT,3,DEVS,Devvstream Corp,144665838,-28.42,0.2221,0.2783,0.205,23.62,27.1129,1185054
2026-05-04,2026-05-04 09:31:10 EDT,4,NVDA,Nvidia Corporation,123550613,0.05,198.54,201.73,194.74,3.52,0.0051,4824594900000
2026-05-04,2026-05-04 09:31:10 EDT,5,NOK,Nokia,119960995,-1.2,13.14,13.53,13.02,3.83,0.0215,73487677446
2026-05-04,2026-05-04 09:31:10 EDT,6,INTC,Intel Corp,117886047,-3.85,95.78,99.82,95.6,4.24,0.0235,481390280000
2026-05-04,2026-05-04 09:31:10 EDT,7,MNDR,Mobile-health Network Solutions,109815223,26.32,1.2,1.74,1.12,65.25999999999999,21.4856,6133332
2026-05-04,2026-05-04 09:31:10 EDT,8,LNAI,Lunai Bioworks,98396747,1.47,0.3246,0.4082,0.319,27.88,2.7128,11773605
2026-05-04,2026-05-04 09:31:10 EDT,9,SGMO,Sangamo Therapeutics Inc,92487879,31.56,0.1776,0.217,0.1292,65.03999999999999,0.2233,73575330
2026-05-04,2026-05-04 09:31:10 EDT,10,CNSP,CNS Pharmaceuticals,83039484,239.23000000000002,7.84,10.54,7.32,139.32999999999998,102.3348,6361760
2026-05-04,2026-05-04 09:31:10 EDT,11,GBTG,"Global Business Travel Group, Inc.",81152220,57.49999999999999,9.34,9.39,9.3,1.52,0.1551,4888022854
2026-05-04,2026-05-04 09:31:10 EDT,12,GRAB,Grab Holdings Limited,68425924,-1.3599999999999999,3.62,3.65,3.54,3.0,0.0167,14843744054
2026-05-04,2026-05-04 09:31:10 EDT,13,SOFI,Sofi Technologies Inc,65726130,-1.4000000000000001,16.2,16.78,16.13,3.9600000000000004,0.0512,20780309559
2026-05-04,2026-05-04 09:31:10 EDT,14,NCLH,Norwegian Cruise Line Hldg Ltd,58607417,-8.59,17.2,18.08,16.91,6.22,0.1277,7894317782
2026-05-04,2026-05-04 09:31:10 EDT,15,BYND,Beyond Meat,58401364,-1.02,0.939,1.02,0.9278,9.719999999999999,0.126,435284324
2026-05-04,2026-05-04 09:31:10 EDT,16,PLTR,Palantir Technologies Inc,55851864,1.3599999999999999,146.03,149.62,145.23,3.05,0.0233,350056852627
2026-05-04,2026-05-04 09:31:10 EDT,17,ADT,ADT Inc,54311053,-6.49,7.06,7.24,6.98,3.44,0.0686,5587949849
2026-05-04,2026-05-04 09:31:10 EDT,18,SOUN,SOUNDHOUND AI INC,51801602,-0.9400000000000001,9.47,10.04,9.32,7.53,0.1215,4036209220
2026-05-04,2026-05-04 09:31:10 EDT,19,BB,Blackberry,51454910,2.86,5.58,6.24,5.55,12.82,0.0875,3277444380
2026-05-04,2026-05-04 09:31:10 EDT,20,F,Ford Mtr Co Del,50680370,-3.2,11.5,11.87,11.46,3.49,0.0127,45823965245
2026-05-04,2026-05-04 09:31:10 EDT,21,PLUG,Plug Power,50339039,0.64,3.13,3.23,3.07,5.140000000000001,0.0361,4365804037
2026-05-04,2026-05-04 09:31:10 EDT,22,PN,Skycorp Solar Group Limited,49674153,89.18,5.42,6.0,4.61,48.52,19.5722,13755960
2026-05-04,2026-05-04 09:31:10 EDT,23,XNDU,XANADU QUANTUM TECHNOLOGIES,48840168,-61.27,13.99,15.99,12.0,11.05,0.1636,4176173982
2026-05-04,2026-05-04 09:31:10 EDT,24,RIVN,"Rivian Automotive, Inc. / De",48476047,-3.4000000000000004,14.51,15.11,14.39,4.760000000000001,0.0386,18231966977
2026-05-04,2026-05-04 09:31:10 EDT,25,TSLA,Tesla Inc,48416577,0.44999999999999996,392.57,394.64,384.8,2.52,0.0129,1474365741419
2026-05-04,2026-05-04 09:31:10 EDT,26,AMZN,Amazon Com,47948890,1.4200000000000002,272.07,276.1,268.82,2.71,0.0045,2926686764252
2026-05-04,2026-05-04 09:31:10 EDT,27,ONDS,Ondas Holdings Inc.,47142511,-5.72,9.73,10.37,9.67,6.7299999999999995,0.0972,4720447986
2026-05-04,2026-05-04 09:31:10 EDT,28,MU,Micron Technology Inc,45686888,6.3100000000000005,576.45,592.77,557.79,6.45,0.0405,650082293698
2026-05-04,2026-05-04 09:31:10 EDT,29,BBAI,BIGBEAR AI HLDGS INC,45414270,0.8500000000000001,4.175,4.35,4.14,5.07,0.0948,1999613953
2026-05-04,2026-05-04 09:31:10 EDT,30,ABVE,Above Food Ingredients,44965476,33.29,0.7119,0.8364,0.54,55.50000000000001,0.8784,36443476
2026-05-04,2026-05-04 09:31:10 EDT,31,AMC,Amc Entmt Hldgs Inc,43834285,-0.33999999999999997,1.445,1.61,1.41,13.79,0.0716,884440319
2026-05-04,2026-05-04 09:31:10 EDT,32,BZAI,Blaize Holdings,43483854,14.78,2.33,2.82,2.295,25.86,0.3543,285994705
2026-05-04,2026-05-04 09:31:10 EDT,33,REKR,Rekor Systems Inc,43114175,-2.62,0.8506,1.05,0.825,25.759999999999998,0.3157,116173397
2026-05-04,2026-05-04 09:31:10 EDT,34,AAPL,Apple Inc,43003351,-1.17,276.87,280.63,274.86,2.06,0.0029,4061086779624
2026-05-04,2026-05-04 09:31:10 EDT,35,BMNR,Bitmine Immersion Technologies Inc,42971910,4.25,22.81,23.17,22.18,4.52,0.0799,12263313361
2026-05-04,2026-05-04 09:31:10 EDT,36,NU,Nu Hldgs Ltd,42153585,-2.01,14.15,14.47,14.09,2.6,0.0087,68777479260
2026-05-04,2026-05-04 09:31:10 EDT,37,MARA,MARA Holdings Inc,42016544,3.2300000000000004,11.83,11.85,11.26,5.1499999999999995,0.1102,4509563633
2026-05-04,2026-05-04 09:31:10 EDT,38,IREN,IREN Ltd,41871860,8.39,49.49,51.29,46.13,11.3,0.126,16444223874
2026-05-04,2026-05-04 09:31:10 EDT,39,BAC,Bank of America Corp,41660550,-1.87,52.24,53.07,52.0,2.01,0.0058,372487785315
2026-05-04,2026-05-04 09:31:10 EDT,40,AMD,Advanced Micro Devices Inc,41467118,-5.27,341.54,361.85,338.7,6.419999999999999,0.0254,556825906579
2026-05-04,2026-05-04 09:31:10 EDT,41,GME,Gamestop Corp,39229932,-10.18,23.83,26.15,23.67,9.35,0.0875,10684779991
2026-05-04,2026-05-04 09:31:10 EDT,42,OWL,Blue Owl Capital Inc,38474047,1.5,10.13,10.53,10.05,4.81,0.0247,15793179630
2026-05-04,2026-05-04 09:31:10 EDT,43,ELPW,Elong Power Holding Limited,37198407,65.84,7.33,10.2,4.56,127.60000000000001,26.062,10462138
2026-05-04,2026-05-04 09:31:10 EDT,44,AAL,American Airline,36549429,-0.25,11.81,12.05,11.65,3.38,0.0553,7810958467
2026-05-04,2026-05-04 09:31:10 EDT,45,SNAP,Snap Inc,35152067,-1.91,6.17,6.3,6.13,2.78,0.0208,10420833778
2026-05-04,2026-05-04 09:31:10 EDT,46,SAFX,XCF GLOBAL INC,34953176,17.41,0.5874,0.6375,0.51,25.480000000000004,0.1182,173724318
2026-05-04,2026-05-04 09:31:10 EDT,47,AUR,Aurora Innovation Inc,34650364,5.06,6.44,6.6,6.14,7.59,0.0177,12623485140
2026-05-04,2026-05-04 09:31:10 EDT,48,ESPR,Esperion Therape,34328915,0.32,3.12,3.12,3.1,0.64,0.1334,803187659
2026-05-04,2026-05-04 09:31:10 EDT,49,ET,Energy Transfer L P,33944652,0.75,20.09,20.23,19.92,1.55,0.0099,69115919811
2026-05-04,2026-05-04 09:31:10 EDT,50,PFE,Pfizer,33931083,0.0,26.33,26.51,26.15,1.37,0.006,149774416876
2026-05-04,2026-05-04 09:31:10 EDT,51,ORCL,Oracle Corp,33287570,4.95,180.33,183.5,174.27,5.37,0.0116,518637375180
2026-05-04,2026-05-04 09:31:10 EDT,52,JBLU,Jetblue Awys Corp,33103022,-1.44,4.79,5.15,4.7,9.26,0.089,1781970502
2026-05-04,2026-05-04 09:31:10 EDT,53,POET,Poet Technologies Inc,32802371,-2.74,7.11,7.86,7.07,10.81,0.2148,1085776504
2026-05-04,2026-05-04 09:31:10 EDT,54,RIG,Transocean,32232929,0.44,6.87,6.94,6.72,3.1399999999999997,0.0291,7603376807
2026-05-04,2026-05-04 09:31:10 EDT,55,NIO,Nio Inc.,32088648,3.05,6.09,6.13,5.95,3.05,0.0128,15259512163
2026-05-04,2026-05-04 09:31:10 EDT,56,XRX,Xerox Holdings Corp,31923658,-3.6999999999999997,2.6,3.17,2.57,22.220000000000002,0.2441,340018257
2026-05-04,2026-05-04 09:31:10 EDT,57,CRCL,CIRCLE INTERNET GROUP INC,31867873,20.0,119.64,119.99,106.9,13.13,0.1289,29576254648
2026-05-04,2026-05-04 09:31:10 EDT,58,CCL,Carnival Corp,31669229,-3.64,25.68,26.77,25.26,5.680000000000001,0.0256,31817525444
2026-05-04,2026-05-04 09:31:10 EDT,59,JOBY,Joby Aviation Inc,30770401,-4.16,8.87,9.22,8.84,4.109999999999999,0.0313,8720711531
2026-05-04,2026-05-04 09:31:10 EDT,60,PATH,Uipath Inc,30639022,1.4500000000000002,10.83,11.06,10.63,3.9800000000000004,0.0585,5671454264
2026-05-04,2026-05-04 09:31:10 EDT,61,CRWV,"CoreWeave, Inc.",29879711,5.46,125.51,129.97,121.42,7.19,0.055,68145079861
2026-05-04,2026-05-04 09:31:10 EDT,62,OPEN,Opendoor Technologies Inc,29861432,-5.7,5.13,5.43,5.07,6.619999999999999,0.031,4948933618
2026-05-04,2026-05-04 09:31:10 EDT,63,NKE,Nike Inc Cl B,29598602,-2.93,43.1,44.34,43.09,2.8000000000000003,0.02,63826231122
2026-05-04,2026-05-04 09:31:10 EDT,64,ACHR,Archer Aviation Inc,29222666,-1.6199999999999999,5.78,5.89,5.7,3.2399999999999998,0.0385,4386678501
2026-05-04,2026-05-04 09:31:10 EDT,65,HOOD,"Robinhood Markets, Inc.",29171356,3.92,76.55,78.29,74.66,4.93,0.0324,68933662113
2026-05-04,2026-05-04 09:31:10 EDT,66,SMCI,Super Micro Computer Inc,29136297,3.06,27.92,28.5,27.34,4.279999999999999,0.0485,16765456099
2026-05-04,2026-05-04 09:31:10 EDT,67,CABA,"Cabaletta Bio, Inc.",29010164,30.270000000000003,3.83,4.05,3.16,30.270000000000003,0.2606,426373968
2026-05-04,2026-05-04 09:31:10 EDT,68,PINS,Pinterest,28846388,3.1399999999999997,20.86,20.86,20.01,4.2,0.0501,12008338926
2026-05-04,2026-05-04 09:31:10 EDT,69,BTG,B2Gold,28426394,-1.95,4.275,4.43,4.26,3.9,0.0213,5717212926
2026-05-04,2026-05-04 09:31:10 EDT,70,SLNH,SOLUNA HOLDINGS INC,28399714,-15.190000000000001,1.34,1.549,1.28,17.01,0.2509,151663464
2026-05-04,2026-05-04 09:31:10 EDT,71,NIVF,NewGenIvf Group,27988023,-1.17,1.69,2.77,1.33,84.2,49.2277,960835
2026-05-04,2026-05-04 09:31:10 EDT,72,MSFT,Microsoft Corp,27883398,-0.2,413.62,420.78,410.8,2.41,0.0038,3072549162268
2026-05-04,2026-05-04 09:31:10 EDT,73,RGTI,Rigetti Computing Inc,27642830,1.1400000000000001,17.7,18.65,17.33,7.539999999999999,0.0832,5882516199
2026-05-04,2026-05-04 09:31:10 EDT,74,NVTS,Navitas Semiconductor Corp,26965128,-8.77,15.92,18.0,15.82,12.49,0.1168,3674220818
2026-05-04,2026-05-04 09:31:10 EDT,75,IONQ,Ionq Inc,26098928,-0.97,45.78,49.14,45.31,8.290000000000001,0.0699,17086100413
2026-05-04,2026-05-04 09:31:10 EDT,76,GOOGL,Alphabet Inc,26031560,-0.63,383.25,387.38,379.8,1.97,0.0021,4643372950975
2026-05-04,2026-05-04 09:31:10 EDT,77,NFLX,Netflix Inc,25429115,-1.11,91.04,92.33,90.92,1.54,0.006,383330043996
2026-05-04,2026-05-04 09:31:10 EDT,78,WULF,Terawulf Inc,24797553,4.6,22.29,22.44,21.23,5.680000000000001,0.0503,10980830940
2026-05-04,2026-05-04 09:31:10 EDT,79,ABEV,Ambev,24708942,0.0,2.9,2.94,2.89,1.72,0.0016,45289487052
2026-05-04,2026-05-04 09:31:10 EDT,80,CMCSA,Comcast Corp,24706855,-0.44,27.07,27.18,26.89,1.0699999999999998,0.0069,96700227037
2026-05-04,2026-05-04 09:31:10 EDT,81,QBTS,D Wave Quantum,24651416,2.22,20.95,21.72,20.14,7.71,0.0671,7692058036
2026-05-04,2026-05-04 09:31:10 EDT,82,NBIS,Nebius Group,24605051,14.2,176.42,179.4,159.71,12.75,0.0969,44792719385
2026-05-04,2026-05-04 09:31:10 EDT,83,CRML,Critical Metals Corp,24532427,3.7800000000000002,12.91,13.96,12.63,10.69,0.201,1575985758
2026-05-04,2026-05-04 09:31:10 EDT,84,VG,"Venture Global, Inc.",24085574,8.129999999999999,13.77,13.81,12.76,8.25,0.0097,34172556517
2026-05-04,2026-05-04 09:31:10 EDT,85,STLA,Stellantis N.V,24025425,-0.7000000000000001,7.08,7.35,7.07,3.93,0.0083,20514181027
2026-05-04,2026-05-04 09:31:10 EDT,86,APLD,Applied Digital,23866002,6.2,35.63,36.24,32.01,12.61,0.0835,10181968674
2026-05-04,2026-05-04 09:31:10 EDT,87,KEEL,Keel Infrastructure Corp,23605332,5.18,3.25,3.28,3.09,6.15,0.0392,1959247914
2026-05-04,2026-05-04 09:31:10 EDT,88,CIFR,Cipher Digital Inc,23147997,4.99,17.89,18.21,17.08,6.63,0.057,7261782836
2026-05-04,2026-05-04 09:31:10 EDT,89,QCOM,Qualcomm Inc,23023057,-4.88,168.38,180.49,166.83,7.720000000000001,0.0218,177472520000
2026-05-04,2026-05-04 09:31:10 EDT,90,T,At&T,22535446,-0.06,26.11,26.14,25.82,1.21,0.0032,181386385287
2026-05-04,2026-05-04 09:31:10 EDT,91,IOVA,Iovance Biotherp,22530528,13.239999999999998,3.85,3.88,3.41,13.819999999999999,0.0505,1719034224
2026-05-04,2026-05-04 09:31:10 EDT,92,RDW,Redwire Corporation,22164427,-7.6,8.63,9.24,8.6,6.8500000000000005,0.1114,1716668622
2026-05-04,2026-05-04 09:31:10 EDT,93,CLNN,Clene,22021958,31.759999999999998,8.09,8.67,6.31,38.440000000000005,1.8697,95286503
2026-05-04,2026-05-04 09:31:10 EDT,94,VALE,Vale S A,21850576,-2.07,15.85,16.18,15.8,2.3800000000000003,0.0051,67571537316
2026-05-04,2026-05-04 09:31:10 EDT,95,BTBT,Bit Digital Inc,21724720,7.01,1.68,1.69,1.57,7.64,0.0665,548649727
2026-05-04,2026-05-04 09:31:10 EDT,96,UAMY,United States Antimony,21631764,-3.37,11.74,12.57,11.53,8.559999999999999,0.1512,1679738948
2026-05-04,2026-05-04 09:31:10 EDT,97,NOW,Servicenow Inc,21599231,0.9199999999999999,92.0,95.62,91.1,4.95,0.021,94852000000
2026-05-04,2026-05-04 09:31:10 EDT,98,CLSK,Cleanspark Inc,21577252,5.34,12.82,13.02,12.12,7.35,0.0844,3278752344
2026-05-04,2026-05-04 09:31:10 EDT,99,ALIT,Alight Inc.,20526027,4.62,0.8152,0.8379,0.7601,9.950000000000001,0.0389,429880546
2026-05-04,2026-05-04 09:31:10 EDT,100,EBAY,Ebay Inc.,20334310,5.050000000000001,109.33,111.38,108.48,2.78,0.0458,48542520000
2026-05-05,2026-05-05 09:31:07 EDT,1,SDOT,Sadot Group,513979897,91.19,0.495,0.6351,0.46,67.63,279.9967,908655
2026-05-05,2026-05-05 09:31:07 EDT,2,CHSN,CHANSON INTL HLDG,233997372,-26.1,0.0218,0.0242,0.02,14.24,3.9641,1286827
2026-05-05,2026-05-05 09:31:07 EDT,3,INTC,Intel Corp,189032880,12.950000000000001,108.18,110.48,100.08,10.86,0.0376,543712680000
2026-05-05,2026-05-05 09:31:07 EDT,4,DGXX,Digi Power X Inc,114004303,29.37,5.11,5.68,4.71,24.560000000000002,1.5512,375550660
2026-05-05,2026-05-05 09:31:07 EDT,5,DVLT,Datavault AI Inc,108905423,1.1400000000000001,0.5664,0.6011,0.5543,8.36,0.1559,395613335
2026-05-05,2026-05-05 09:31:07 EDT,6,NVDA,Nvidia Corporation,108120381,-1.0,196.5,200.24,196.03,2.12,0.0044,4774877100000
2026-05-05,2026-05-05 09:31:07 EDT,7,NOK,Nokia,92454771,2.09,13.42,13.98,13.23,5.71,0.0165,75026232539
2026-05-05,2026-05-05 09:31:07 EDT,8,PLTR,Palantir Technologies Inc,87587302,-6.93,135.91,142.98,134.73,5.65,0.0365,325804814155
2026-05-05,2026-05-05 09:31:07 EDT,9,POET,Poet Technologies Inc,83345857,29.54,9.21,9.71,7.03,37.69,0.5458,1406469986
2026-05-05,2026-05-05 09:31:07 EDT,10,CCL,Carnival Corp,72077467,0.44,25.78,26.29,25.69,2.34,0.0582,31945142465
2026-05-05,2026-05-05 09:31:07 EDT,11,GRAB,Grab Holdings Limited,70707541,1.66,3.68,3.805,3.59,5.94,0.0172,15089772961
2026-05-05,2026-05-05 09:31:07 EDT,12,PLUG,Plug Power,67151854,5.91,3.315,3.4,3.14,8.309999999999999,0.0481,4623846767
2026-05-05,2026-05-05 09:31:07 EDT,13,CIFR,Cipher Digital Inc,61960645,23.53,22.1,22.17,17.65,25.240000000000002,0.1526,8970676393
2026-05-05,2026-05-05 09:31:07 EDT,14,MU,Micron Technology Inc,61356053,11.1,640.45,651.74,605.47,8.03,0.0544,722257272962
2026-05-05,2026-05-05 09:31:07 EDT,15,RIG,Transocean,60346665,-9.16,6.25,6.69,6.22,6.83,0.0545,6917191418
2026-05-05,2026-05-05 09:31:07 EDT,16,SOBR,Sobr Safe Inc,59579817,63.53,1.39,1.5,0.835,78.24,21.2286,3901144
2026-05-05,2026-05-05 09:31:07 EDT,17,PINS,Pinterest,57238882,6.81,22.27,24.71,22.07,12.690000000000001,0.0994,12823097957
2026-05-05,2026-05-05 09:31:07 EDT,18,ONDS,Ondas Holdings Inc.,55875263,-4.16,9.33,9.78,9.16,6.370000000000001,0.116,4493562611
2026-05-05,2026-05-05 09:31:07 EDT,19,PFE,Pfizer,55346607,0.53,26.44,26.74,26.01,2.78,0.0097,150400136050
2026-05-05,2026-05-05 09:31:07 EDT,20,CLRB,Cellectar Biosciences Inc,54277260,12.370000000000001,3.18,4.7,3.11,56.18,12.8009,13483610
2026-05-05,2026-05-05 09:31:07 EDT,21,ABEV,Ambev,52853819,16.55,3.38,3.42,3.24,6.21,0.0034,52783857880
2026-05-05,2026-05-05 09:31:07 EDT,22,SOFI,Sofi Technologies Inc,52805973,-1.11,16.02,16.31,15.94,2.2800000000000002,0.0412,20549417231
2026-05-05,2026-05-05 09:31:07 EDT,23,ACHR,Archer Aviation Inc,52241170,1.04,5.83,5.86,5.57,5.11,0.0688,4428456392
2026-05-05,2026-05-05 09:31:07 EDT,24,SNAP,Snap Inc,51860596,-1.3,6.09,6.36,6.06,4.78,0.0307,10285717619
2026-05-05,2026-05-05 09:31:07 EDT,25,NFLX,Netflix Inc,50290509,-3.44,87.89,91.28,87.57,4.08,0.0119,370087082625
2026-05-05,2026-05-05 09:31:07 EDT,26,OWL,Blue Owl Capital Inc,47746214,6.2700000000000005,10.76,10.81,10.03,7.66,0.0306,16767586073
2026-05-05,2026-05-05 09:31:07 EDT,27,IREN,IREN Ltd,47174592,10.63,54.74,56.13,49.07,14.27,0.142,18189028165
2026-05-05,2026-05-05 09:31:07 EDT,28,TSLA,Tesla Inc,46596299,-0.8200000000000001,389.3,402.09,389.0,3.3300000000000005,0.0124,1462107058704
2026-05-05,2026-05-05 09:31:07 EDT,29,AAPL,Apple Inc,46458500,2.6599999999999997,284.18,284.57,276.5,2.91,0.0032,4168263575840
2026-05-05,2026-05-05 09:31:07 EDT,30,AAL,American Airline,46278081,4.74,12.37,12.45,11.87,4.91,0.07,8181334144
2026-05-05,2026-05-05 09:31:07 EDT,31,MASK,3 E Network Technology Group Limited,45751176,44.14,2.09,2.56,1.82,51.03,39.6869,2409360
2026-05-05,2026-05-05 09:31:07 EDT,32,AMD,Advanced Micro Devices Inc,44818613,4.02,355.26,359.57,344.88,4.3,0.0275,579194154627
2026-05-05,2026-05-05 09:31:07 EDT,33,F,Ford Mtr Co Del,42093918,1.6099999999999999,11.69,11.79,11.58,1.83,0.0106,46561133381
2026-05-05,2026-05-05 09:31:07 EDT,34,AMZN,Amazon Com,41065595,0.54,273.52,278.56,272.38,2.27,0.0038,2942316844263
2026-05-05,2026-05-05 09:31:07 EDT,35,AMOD,Alpha Modus,40311409,-0.04,0.2307,0.2421,0.1974,19.37,0.792,11741547
2026-05-05,2026-05-05 09:31:07 EDT,36,BYND,Beyond Meat,39884677,-2.23,0.9181,0.9592,0.9143,4.78,0.086,425595887
2026-05-05,2026-05-05 09:31:07 EDT,37,SHOP,Shopify Inc,39499926,-15.629999999999999,107.62,118.98,105.6,10.489999999999998,0.0303,140341945405
2026-05-05,2026-05-05 09:31:07 EDT,38,MARA,MARA Holdings Inc,38974912,2.79,12.16,12.29,11.78,4.31,0.1022,4635358730
2026-05-05,2026-05-05 09:31:07 EDT,39,PYPL,Paypal Holdings,38907664,-7.76,46.48,46.72,44.51,4.38,0.0432,41816846172
2026-05-05,2026-05-05 09:31:07 EDT,40,BBAI,BIGBEAR AI HLDGS INC,37389236,-0.48,4.15,4.18,3.98,4.8,0.0781,1987592322
2026-05-05,2026-05-05 09:31:07 EDT,41,BLZE,"Backblaze, Inc.",36900860,63.580000000000005,7.59,8.42,7.13,27.800000000000004,0.6149,455511808
2026-05-05,2026-05-05 09:31:07 EDT,42,NVTS,Navitas Semiconductor Corp,36770782,10.24,17.55,18.14,15.7,15.329999999999998,0.1593,4050413025
2026-05-05,2026-05-05 09:31:07 EDT,43,AMC,Amc Entmt Hldgs Inc,35024191,10.69,1.595,1.63,1.42,14.48,0.0572,976250732
2026-05-05,2026-05-05 09:31:07 EDT,44,BMNR,Bitmine Immersion Technologies Inc,34226282,1.27,23.09,23.35,22.56,3.44,0.0637,12413849430
2026-05-05,2026-05-05 09:31:07 EDT,45,BIYA,Baiya International Group Inc,33842128,9.24,1.3,1.87,1.26,51.25999999999999,13.4295,3275989
2026-05-05,2026-05-05 09:31:07 EDT,46,SMCI,Super Micro Computer Inc,33750762,-0.32,27.83,28.29,27.42,3.1199999999999997,0.0562,16711412724
2026-05-05,2026-05-05 09:31:07 EDT,47,QCOM,Qualcomm Inc,32848475,10.8,186.56,187.22,164.79,13.320000000000002,0.0312,196634240000
2026-05-05,2026-05-05 09:31:07 EDT,48,ET,Energy Transfer L P,32113170,1.52,20.39,20.67,19.93,3.66,0.0093,70130812611
2026-05-05,2026-05-05 09:31:07 EDT,49,BTG,B2Gold,31803160,-1.4000000000000001,4.22,4.4,4.19,4.9,0.0238,5643658140
2026-05-05,2026-05-05 09:31:07 EDT,50,KEEL,Keel Infrastructure Corp,31501467,8.62,3.53,3.56,3.24,9.85,0.0523,2128044657
2026-05-05,2026-05-05 09:31:07 EDT,51,BTBT,Bit Digital Inc,30892715,6.550000000000001,1.79,1.8,1.66,8.33,0.0946,584573222
2026-05-05,2026-05-05 09:31:07 EDT,52,CMCSA,Comcast Corp,30888837,-2.25,26.46,27.22,26.22,3.6900000000000004,0.0086,94521167618
2026-05-05,2026-05-05 09:31:07 EDT,53,SOUN,SOUNDHOUND AI INC,30646716,-3.4799999999999995,9.14,9.58,8.92,7.02,0.0719,3895559902
2026-05-05,2026-05-05 09:31:07 EDT,54,WULF,Terawulf Inc,30295576,5.38,23.49,23.7,22.58,5.0200000000000005,0.0615,11571992767
2026-05-05,2026-05-05 09:31:07 EDT,55,APLD,Applied Digital,29585040,11.93,39.88,39.94,35.69,11.940000000000001,0.1035,11396489215
2026-05-05,2026-05-05 09:31:07 EDT,56,NIO,Nio Inc.,29574403,-2.4699999999999998,5.92,6.19,5.91,4.61,0.0118,14833548770
2026-05-05,2026-05-05 09:31:07 EDT,57,OCGN,Ocugen Inc,29230437,-19.46,1.49,1.57,1.48,4.859999999999999,0.0864,504392597
2026-05-05,2026-05-05 09:31:07 EDT,58,PATH,Uipath Inc,29124860,-1.2,10.7,10.88,10.42,4.25,0.0556,5605964030
2026-05-05,2026-05-05 09:31:07 EDT,59,NCLH,Norwegian Cruise Line Hldg Ltd,29115602,-1.5699999999999998,16.93,17.45,16.91,3.1399999999999997,0.0634,7772608934
2026-05-05,2026-05-05 09:31:07 EDT,60,SES,SES AI,29071189,-5.800000000000001,0.9703,1.03,0.96,6.800000000000001,0.0787,358315648
2026-05-05,2026-05-05 09:31:07 EDT,61,CREG,Smart Powerr,27880749,20.16,0.5227,0.6399,0.4635,40.550000000000004,1.2144,12000736
2026-05-05,2026-05-05 09:31:07 EDT,62,JOBY,Joby Aviation Inc,27830355,-2.03,8.68,8.93,8.63,3.38,0.0283,8533909367
2026-05-05,2026-05-05 09:31:07 EDT,63,AUR,Aurora Innovation Inc,27803118,1.4000000000000001,6.53,6.72,6.42,4.66,0.0142,12799900305
2026-05-05,2026-05-05 09:31:07 EDT,64,NU,Nu Hldgs Ltd,27793642,0.7100000000000001,14.26,14.44,14.17,1.91,0.0057,69312145176
2026-05-05,2026-05-05 09:31:07 EDT,65,RIVN,"Rivian Automotive, Inc. / De",27782086,0.62,14.6,15.07,14.48,4.03,0.0221,18345052920
2026-05-05,2026-05-05 09:31:07 EDT,66,UBER,Uber Technologies,26970158,-1.27,72.99,74.8,72.67,2.88,0.0132,148667846385
2026-05-05,2026-05-05 09:31:07 EDT,67,BB,Blackberry,26856938,0.44999999999999996,5.61,5.87,5.49,6.81,0.0457,3295080852
2026-05-05,2026-05-05 09:31:07 EDT,68,SLQT,Selectquote Inc,26819911,51.2,1.23,1.3,0.94,44.25,0.1521,216836286
2026-05-05,2026-05-05 09:31:07 EDT,69,DNN,Denison Mines,26592438,-4.52,3.59,3.85,3.55,7.9799999999999995,0.0294,3245417310
2026-05-05,2026-05-05 09:31:07 EDT,70,BRBR,Bellring Brands Inc,26587387,-38.73,10.64,11.93,9.22,15.64,0.2267,1247395916
2026-05-05,2026-05-05 09:31:07 EDT,71,OPEN,Opendoor Technologies Inc,26439746,1.95,5.23,5.27,4.96,5.9799999999999995,0.0274,5045404059
2026-05-05,2026-05-05 09:31:07 EDT,72,BAC,Bank of America Corp,26039502,1.7999999999999998,53.13,53.36,52.28,2.06,0.0037,377041861287
2026-05-05,2026-05-05 09:31:07 EDT,73,AREB,American Rebel H,25977579,13.33,0.272,0.385,0.2135,71.46000000000001,4.5934,1538274
2026-05-05,2026-05-05 09:31:07 EDT,74,ESPR,Esperion Therape,25715465,-0.22,3.113,3.12,3.11,0.32,0.0999,801385635
2026-05-05,2026-05-05 09:31:07 EDT,75,MSFT,Microsoft Corp,25024369,-0.5499999999999999,411.35,416.78,408.8,1.9300000000000002,0.0034,3055656901751
2026-05-05,2026-05-05 09:31:07 EDT,76,KOS,Kosmos Energy Ltd,24598193,-4.279999999999999,3.13,3.24,2.95,8.870000000000001,0.0415,1856559143
2026-05-05,2026-05-05 09:31:07 EDT,77,HOOD,"Robinhood Markets, Inc.",24349721,0.63,77.03,78.75,76.49,2.9499999999999997,0.027,69365904540
2026-05-05,2026-05-05 09:31:07 EDT,78,T,At&T,24308611,-0.66,25.93,26.13,25.85,1.0699999999999998,0.0035,180146801639
2026-05-05,2026-05-05 09:31:07 EDT,79,RGTI,Rigetti Computing Inc,24249034,3.2199999999999998,18.27,18.47,17.08,7.85,0.073,6071953161
2026-05-05,2026-05-05 09:31:07 EDT,80,USAR,USA Rare Earth Inc,24000762,7.19,27.42,27.65,24.79,11.18,0.1101,5977165371
2026-05-05,2026-05-05 09:31:07 EDT,81,PUMP,Propetro Holding,23726550,-1.51,16.6,17.26,16.52,4.390000000000001,0.1935,2034828716
2026-05-05,2026-05-05 09:31:07 EDT,82,VALE,Vale S A,23194273,0.5700000000000001,15.93,16.06,15.82,1.52,0.0054,67938287219
2026-05-05,2026-05-05 09:31:07 EDT,83,ORCL,Oracle Corp,23006295,2.87,185.46,186.52,179.0,4.17,0.008,533391491160
2026-05-05,2026-05-05 09:31:07 EDT,84,IONQ,Ionq Inc,22807090,5.029999999999999,48.06,48.34,44.79,7.76,0.0611,17937046436
2026-05-05,2026-05-05 09:31:07 EDT,85,CRWV,"CoreWeave, Inc.",22641818,1.96,127.89,129.52,122.52,5.58,0.0417,69440056280
2026-05-05,2026-05-05 09:31:07 EDT,86,GOOGL,Alphabet Inc,22621650,1.3599999999999999,388.47,392.82,384.02,2.3,0.0019,4706702520000
2026-05-05,2026-05-05 09:31:07 EDT,87,NOW,Servicenow Inc,22505636,0.04,92.01,92.89,89.14,4.07,0.0218,94857155000
2026-05-05,2026-05-05 09:31:07 EDT,88,RDW,Redwire Corporation,22297690,0.41000000000000003,8.68,9.04,8.3,8.559999999999999,0.1121,1725619965
2026-05-05,2026-05-05 09:31:07 EDT,89,CRCL,CIRCLE INTERNET GROUP INC,22231304,-4.5600000000000005,114.08,121.13,112.46,7.26,0.0899,28201764713
2026-05-05,2026-05-05 09:31:07 EDT,90,EZGO,Ezgo Technologies Ltd,22136129,54.47,1.9,2.6,1.24,110.57,1.06,39681015
2026-05-05,2026-05-05 09:31:07 EDT,91,BTE,Baytex Energy,22023229,2.0500000000000003,5.23,5.24,5.06,3.45,0.0301,3817180368
2026-05-05,2026-05-05 09:31:07 EDT,92,ON,On Semiconductr,21983677,0.64,102.7,105.81,96.08,9.54,0.0559,40393535576
2026-05-05,2026-05-05 09:31:07 EDT,93,CYAB,CYABRA INC,21682521,-32.940000000000005,0.57,0.7882,0.57,25.669999999999998,1.5696,7874075
2026-05-05,2026-05-05 09:31:07 EDT,94,FFAI,Faraday Future Intelligent Electric Inc,21435890,-15.559999999999999,0.3344,0.4008,0.3244,19.29,0.0693,103419419
2026-05-05,2026-05-05 09:31:07 EDT,95,MRVL,Marvell Technology Inc,21312642,3.11,168.75,172.98,164.58,5.13,0.0244,147567452218
2026-05-05,2026-05-05 09:31:07 EDT,96,NVO,Novo-Nordisk A/S,21039364,1.13,44.89,45.12,44.21,2.0500000000000003,0.0047,199159073162
2026-05-05,2026-05-05 09:31:07 EDT,97,UMC,United Microelec,20973527,7.82,14.0,14.22,13.42,6.12,0.0083,35207290411
2026-05-05,2026-05-05 09:31:07 EDT,98,RIOT,Riot Platforms Ord Shs,20712551,8.91,20.35,20.42,19.07,7.24,0.0548,7693486774
2026-05-05,2026-05-05 09:31:07 EDT,99,CPNG,Coupang Inc,20598652,2.71,20.81,20.93,20.33,2.94,0.0114,37599350405
2026-05-05,2026-05-05 09:31:07 EDT,100,KOPN,Kopin,20545054,6.260000000000001,4.75,4.9,4.35,12.3,0.112,870976221
2026-05-06,2026-05-06 09:31:08 EDT,1,EZGO,Ezgo Technologies Ltd,221913213,-91.58,0.16,2.99,0.1477,149.59,10.6257,3341559
2026-05-06,2026-05-06 09:31:08 EDT,2,NVDA,Nvidia Corporation,179442224,5.680000000000001,207.67,208.27,198.61,4.91,0.0074,5046259500000
2026-05-06,2026-05-06 09:31:08 EDT,3,CHSN,CHANSON INTL HLDG,174929227,-28.439999999999998,0.0156,0.0204,0.0142,28.439999999999998,2.9635,920848
2026-05-06,2026-05-06 09:31:08 EDT,4,INTC,Intel Corp,153792340,4.49,113.01,113.5,106.58,6.4,0.0306,567988260000
2026-05-06,2026-05-06 09:31:08 EDT,5,SMCI,Super Micro Computer Inc,125275285,24.51,34.65,34.71,31.12,12.9,0.2086,20807300118
2026-05-06,2026-05-06 09:31:08 EDT,6,NOK,Nokia,119959431,-1.7500000000000002,13.19,13.54,13.01,3.95,0.0214,73739908761
2026-05-06,2026-05-06 09:31:08 EDT,7,GCTK,Glucotrack,99941210,16.919999999999998,0.8535,1.18,0.83,47.949999999999996,51.4027,1659442
2026-05-06,2026-05-06 09:31:08 EDT,8,BYND,Beyond Meat,91058819,13.22,1.04,1.05,0.92,14.149999999999999,0.1964,482104044
2026-05-06,2026-05-06 09:31:08 EDT,9,AMD,Advanced Micro Devices Inc,85793093,18.64,421.47,430.57,402.04,8.03,0.0526,687132363830
2026-05-06,2026-05-06 09:31:08 EDT,10,AHMA,AMBITIONS ENTERPRISE MANAGE,84374922,45.45,1.6,1.824,1.46,33.07,2.8385,47560000
2026-05-06,2026-05-06 09:31:08 EDT,11,CPNG,Coupang Inc,79925778,-13.819999999999999,17.89,18.64,16.89,8.43,0.0442,32323516519
2026-05-06,2026-05-06 09:31:08 EDT,12,JOBY,Joby Aviation Inc,66874780,21.2,10.52,10.62,8.87,20.16,0.068,10342940846
2026-05-06,2026-05-06 09:31:08 EDT,13,POET,Poet Technologies Inc,66343374,5.54,9.72,10.12,8.85,13.79,0.4344,1484352689
2026-05-06,2026-05-06 09:31:08 EDT,14,BBAI,BIGBEAR AI HLDGS INC,65288137,5.43,4.365,4.46,3.988,11.39,0.1363,2090614349
2026-05-06,2026-05-06 09:31:08 EDT,15,SNAP,Snap Inc,64635767,0.33,6.13,6.22,6.01,3.44,0.0383,10353275698
2026-05-06,2026-05-06 09:31:08 EDT,16,ERNA,Ernexa,62910247,51.38,6.04,7.7,4.57,78.44,53.9457,7043709
2026-05-06,2026-05-06 09:31:08 EDT,17,GRAB,Grab Holdings Limited,62026446,2.45,3.77,3.95,3.74,5.71,0.0151,15458816321
2026-05-06,2026-05-06 09:31:08 EDT,18,CTRA,Coterra Energy Inc,61498011,-8.64,32.55,34.06,32.46,4.49,0.081,24717057948
2026-05-06,2026-05-06 09:31:08 EDT,19,KEEL,Keel Infrastructure Corp,61493549,16.71,4.12,4.19,3.64,15.58,0.102,2483723509
2026-05-06,2026-05-06 09:31:08 EDT,20,IREN,IREN Ltd,60036985,11.4,60.98,61.5,56.1,9.86,0.1807,20262457755
2026-05-06,2026-05-06 09:31:08 EDT,21,AAL,American Airline,59392289,4.61,12.94,13.12,12.69,3.4799999999999995,0.0898,8558323672
2026-05-06,2026-05-06 09:31:08 EDT,22,PLUG,Plug Power,58628641,-0.3,3.31,3.35,3.22,3.92,0.042,4616872640
2026-05-06,2026-05-06 09:31:08 EDT,23,DVLT,Datavault AI Inc,57660578,-7.449999999999999,0.5242,0.58,0.52,10.59,0.0826,366137906
2026-05-06,2026-05-06 09:31:08 EDT,24,SOFI,Sofi Technologies Inc,55406541,1.7500000000000002,16.3,16.51,15.99,3.2099999999999995,0.0432,20908583075
2026-05-06,2026-05-06 09:31:08 EDT,25,PLTR,Palantir Technologies Inc,54725213,-1.5599999999999998,133.79,135.7,131.15,3.35,0.0228,320708458141
2026-05-06,2026-05-06 09:31:08 EDT,26,ACHR,Archer Aviation Inc,54369103,9.67,6.41,6.46,5.93,9.08,0.0716,4865225247
2026-05-06,2026-05-06 09:31:08 EDT,27,ONDS,Ondas Holdings Inc.,54060962,0.11,9.34,9.46,9.02,4.72,0.1114,4531241952
2026-05-06,2026-05-06 09:31:08 EDT,28,MU,Micron Technology Inc,53192884,4.15,666.8,667.67,627.58,6.260000000000001,0.0472,751973065206
2026-05-06,2026-05-06 09:31:08 EDT,29,MARA,MARA Holdings Inc,52305207,7.1499999999999995,13.03,13.12,12.25,7.1499999999999995,0.1372,4967000349
2026-05-06,2026-05-06 09:31:08 EDT,30,TSLA,Tesla Inc,52052038,2.35,398.53,401.68,384.02,4.54,0.0139,1496783657205
2026-05-06,2026-05-06 09:31:08 EDT,31,AAPL,Apple Inc,50789478,1.16,287.46,288.03,281.08,2.45,0.0035,4222071417828
2026-05-06,2026-05-06 09:31:08 EDT,32,CCL,Carnival Corp,50480792,6.75,27.51,27.62,26.79,3.2199999999999998,0.0407,34078700831
2026-05-06,2026-05-06 09:31:08 EDT,33,AREB,American Rebel H,49466982,5.1499999999999995,0.286,0.3333,0.2311,37.57,8.7468,1617450
2026-05-06,2026-05-06 09:31:08 EDT,34,OWL,Blue Owl Capital Inc,49209114,-2.09,10.53,10.92,10.35,5.3,0.0316,16409004502
2026-05-06,2026-05-06 09:31:08 EDT,35,UWMC,Uwm Holdings Corporation,49090362,1.66,3.487,4.0,3.42,16.91,0.0307,5580637572
2026-05-06,2026-05-06 09:31:08 EDT,36,F,Ford Mtr Co Del,48340137,4.06,12.17,12.25,11.98,2.31,0.0121,48473785843
2026-05-06,2026-05-06 09:31:08 EDT,37,PMAX,Powell Max Limited,47246490,95.28,4.14,4.812,2.51,108.57000000000001,27.5436,7101478
2026-05-06,2026-05-06 09:31:08 EDT,38,WULF,Terawulf Inc,44745095,9.58,25.74,25.76,23.87,8.05,0.0908,12680421193
2026-05-06,2026-05-06 09:31:08 EDT,39,RIG,Transocean,44423628,-0.24,6.24,6.39,5.97,6.72,0.0401,6902145000
2026-05-06,2026-05-06 09:31:08 EDT,40,IONQ,Ionq Inc,43927734,9.51,52.52,53.49,48.57,10.24,0.1177,19601616288
2026-05-06,2026-05-06 09:31:08 EDT,41,AMZN,Amazon Com,43346740,0.51,274.95,277.79,272.21,2.04,0.004,2957699510756
2026-05-06,2026-05-06 09:31:08 EDT,42,CIFR,Cipher Digital Inc,42877434,-0.86,21.91,22.97,21.33,7.3999999999999995,0.1056,8893552931
2026-05-06,2026-05-06 09:31:08 EDT,43,SMR,NuScale Power Corporation,42558039,13.98,13.53,13.67,12.09,13.309999999999999,0.124,4642271413
2026-05-06,2026-05-06 09:31:08 EDT,44,AUR,Aurora Innovation Inc,41026472,11.33,7.27,7.36,6.62,11.41,0.0209,14250424995
2026-05-06,2026-05-06 09:31:08 EDT,45,EVC,Entravision Communications Cp,39762655,93.58999999999999,7.71,8.35,6.37,49.75,0.432,709161881
2026-05-06,2026-05-06 09:31:08 EDT,46,QBTS,D Wave Quantum,37904036,10.68,23.84,24.04,21.7,10.86,0.1032,8755247724
2026-05-06,2026-05-06 09:31:08 EDT,47,CORZ,Core Scientific Inc,37789117,11.0,24.63,25.01,23.43,7.12,0.1197,7773099973
2026-05-06,2026-05-06 09:31:08 EDT,48,ADT,ADT Inc,37753065,-0.5,6.98,7.15,6.96,2.71,0.0478,5508117833
2026-05-06,2026-05-06 09:31:08 EDT,49,DVN,Devon Energy Corp,37463224,-8.67,46.57,48.74,46.45,4.49,0.0603,28918728000
2026-05-06,2026-05-06 09:31:08 EDT,50,NFLX,Netflix Inc,37228374,0.43,88.27,88.55,86.72,2.08,0.0088,371687186066
2026-05-06,2026-05-06 09:31:08 EDT,51,RIOT,Riot Platforms Ord Shs,37059267,16.35,23.68,23.74,22.33,6.93,0.098,8953486672
2026-05-06,2026-05-06 09:31:08 EDT,52,AMC,Amc Entmt Hldgs Inc,36710831,3.15,1.645,1.755,1.61,9.120000000000001,0.06,1006854204
2026-05-06,2026-05-06 09:31:08 EDT,53,COMP,Compass Inc,36203106,27.27,9.24,9.59,8.95,8.88,0.0485,6890652667
2026-05-06,2026-05-06 09:31:08 EDT,54,BMNR,Bitmine Immersion Technologies Inc,36098616,-0.8699999999999999,22.9,23.47,22.63,3.64,0.0671,12309011811
2026-05-06,2026-05-06 09:31:08 EDT,55,NVTS,Navitas Semiconductor Corp,35575317,-4.96,16.68,17.76,15.82,11.08,0.1541,3849623320
2026-05-06,2026-05-06 09:31:08 EDT,56,MNKD,Mannkind,35540841,24.48,3.56,4.29,3.4,31.119999999999997,0.1151,1099312966
2026-05-06,2026-05-06 09:31:08 EDT,57,UBER,Uber Technologies,35480846,8.41,79.09,80.11,76.7,4.67,0.0174,161082293894
2026-05-06,2026-05-06 09:31:08 EDT,58,OPEN,Opendoor Technologies Inc,35414480,4.02,5.44,5.6,5.21,7.46,0.0367,5247991984
2026-05-06,2026-05-06 09:31:08 EDT,59,BTBT,Bit Digital Inc,35198683,7.82,1.93,1.94,1.79,8.38,0.1078,630294032
2026-05-06,2026-05-06 09:31:08 EDT,60,ANET,Arista Networks Inc,35076924,-13.63,147.01,154.83,140.58,8.37,0.0279,185111758249
2026-05-06,2026-05-06 09:31:08 EDT,61,ALIT,Alight Inc.,35044539,7.1,0.9339,1.04,0.8414,22.78,0.0652,501730286
2026-05-06,2026-05-06 09:31:08 EDT,62,NU,Nu Hldgs Ltd,34541563,1.58,14.48,14.55,14.25,2.1399999999999997,0.0071,70357174013
2026-05-06,2026-05-06 09:31:08 EDT,63,T,At&T,34038080,-1.35,25.55,26.01,25.48,2.0500000000000003,0.0049,177530057234
2026-05-06,2026-05-06 09:31:08 EDT,64,RGTI,Rigetti Computing Inc,33872943,9.959999999999999,20.09,20.12,18.49,8.92,0.1019,6676822059
2026-05-06,2026-05-06 09:31:08 EDT,65,SLNH,SOLUNA HOLDINGS INC,33682720,3.8699999999999997,1.61,1.68,1.44,15.479999999999999,0.2948,183971488
2026-05-06,2026-05-06 09:31:08 EDT,66,APLD,Applied Digital,32360728,10.83,44.2,44.25,40.01,10.63,0.1132,12631013623
2026-05-06,2026-05-06 09:31:08 EDT,67,PATH,Uipath Inc,31615686,-1.96,10.49,10.64,10.22,3.93,0.0603,5495940437
2026-05-06,2026-05-06 09:31:08 EDT,68,ABEV,Ambev,31602725,1.63,3.425,3.45,3.38,2.07,0.002,53486601550
2026-05-06,2026-05-06 09:31:08 EDT,69,SMX,SMX,31267966,31.900000000000002,1.53,1.95,1.184,66.07,4.2848,11165072
2026-05-06,2026-05-06 09:31:08 EDT,70,NCLH,Norwegian Cruise Line Hldg Ltd,31246379,4.6,17.72,17.99,17.28,4.19,0.0681,8135431680
2026-05-06,2026-05-06 09:31:08 EDT,71,GLW,Corning,31154779,12.0,181.55,195.81,175.33,12.629999999999999,0.0363,155961632231
2026-05-06,2026-05-06 09:31:08 EDT,72,CRWV,"CoreWeave, Inc.",30938809,7.89,137.98,138.25,130.41,6.13,0.057,74918593834
2026-05-06,2026-05-06 09:31:08 EDT,73,AMZE,"Amaze Holdings, Inc.",30787913,-9.85,0.119,0.1223,0.1129,7.12,0.7607,4816311
2026-05-06,2026-05-06 09:31:08 EDT,74,PINS,Pinterest,30618459,-4.9399999999999995,21.18,21.73,20.7,4.65,0.0547,11864132185
2026-05-06,2026-05-06 09:31:08 EDT,75,PFE,Pfizer,30236380,0.21,26.51,26.68,26.21,1.78,0.0053,150798320979
2026-05-06,2026-05-06 09:31:08 EDT,76,NVO,Novo-Nordisk A/S,29923341,1.96,45.75,47.31,45.53,3.9699999999999998,0.0067,202974551061
2026-05-06,2026-05-06 09:31:08 EDT,77,DGXX,Digi Power X Inc,29791821,22.11,6.24,6.41,5.31,21.529999999999998,0.4054,458598067
2026-05-06,2026-05-06 09:31:08 EDT,78,DNN,Denison Mines,29679527,7.5,3.87,3.88,3.59,8.06,0.0328,3498541780
2026-05-06,2026-05-06 09:31:08 EDT,79,QCOM,Qualcomm Inc,29560404,3.2800000000000002,192.66,197.5,188.22,4.97,0.028,203065748000
2026-05-06,2026-05-06 09:31:08 EDT,80,GOOGL,Alphabet Inc,29277993,2.42,397.82,399.85,392.76,1.83,0.0024,4820023468000
2026-05-06,2026-05-06 09:31:08 EDT,81,UMC,United Microelec,29026136,8.62,15.22,15.41,14.7,5.07,0.0115,38281481828
2026-05-06,2026-05-06 09:31:08 EDT,82,SOUN,SOUNDHOUND AI INC,28911360,2.52,9.37,9.4,8.94,5.029999999999999,0.0678,3993588215
2026-05-06,2026-05-06 09:31:08 EDT,83,MSFT,Microsoft Corp,28765855,0.6,413.87,418.42,405.11,3.2399999999999998,0.0039,3074376557205
2026-05-06,2026-05-06 09:31:08 EDT,84,DOC,Healthpeak Properties Inc,28511437,18.05,19.49,19.64,16.83,16.99,0.041,13550552303
2026-05-06,2026-05-06 09:31:08 EDT,85,CMCSA,Comcast Corp,28063622,-0.08,26.44,26.84,26.39,1.68,0.0079,94449723047
2026-05-06,2026-05-06 09:31:08 EDT,86,BTG,B2Gold,27860412,5.54,4.475,4.57,4.385,4.36,0.0208,5984684876
2026-05-06,2026-05-06 09:31:08 EDT,87,BAC,Bank of America Corp,27288127,0.84,53.57,54.2,53.47,1.37,0.0038,380128878220
2026-05-06,2026-05-06 09:31:08 EDT,88,BZAI,Blaize Holdings,27230029,-19.05,1.87,1.91,1.75,6.93,0.2218,229532231
2026-05-06,2026-05-06 09:31:08 EDT,89,ORCL,Oracle Corp,27172213,4.67,194.0,194.29,182.67,6.2700000000000005,0.0094,557952924000
2026-05-06,2026-05-06 09:31:08 EDT,90,PBR,Petroleo Brasileiro S.A. Petrobras,27067345,-4.0,20.9,21.16,20.78,1.7500000000000002,0.0042,134687257362
2026-05-06,2026-05-06 09:31:08 EDT,91,BB,Blackberry,27029607,7.01,5.99,6.06,5.36,12.5,0.046,3522885282
2026-05-06,2026-05-06 09:31:08 EDT,92,LUMN,Lumen Technologies Inc,26488302,6.36,9.82,9.94,8.38,16.84,0.0257,10112654441
2026-05-06,2026-05-06 09:31:08 EDT,93,KHC,Kraft Heinz Co,26253162,2.35,23.07,23.56,22.68,3.9,0.0221,27355890108
2026-05-06,2026-05-06 09:31:08 EDT,94,RDW,Redwire Corporation,25927776,10.870000000000001,9.64,9.76,8.65,12.770000000000001,0.1303,1916581944
2026-05-06,2026-05-06 09:31:08 EDT,95,CLSK,Cleanspark Inc,25877067,8.129999999999999,14.5,14.63,13.65,7.31,0.1012,3708417238
2026-05-06,2026-05-06 09:31:08 EDT,96,CRBG,Corebridge Financial Inc,25828259,-1.48,28.04,28.58,27.58,3.51,0.0566,12805868000
2026-05-06,2026-05-06 09:31:08 EDT,97,LCID,Lucid Group Inc,25671174,-0.96,6.19,6.24,5.72,8.32,0.0778,2043595538
2026-05-06,2026-05-06 09:31:08 EDT,98,NIO,Nio Inc.,25444015,0.25,5.92,5.95,5.68,4.49,0.0102,14821020435
2026-05-06,2026-05-06 09:31:08 EDT,99,JBLU,Jetblue Awys Corp,24541181,4.130000000000001,5.04,5.16,4.95,4.24,0.066,1874975225
2026-05-06,2026-05-06 09:31:08 EDT,100,HOOD,"Robinhood Markets, Inc.",24394267,2.62,79.05,79.49,76.19,4.279999999999999,0.0271,71184924755
2026-05-07,2026-05-07 09:31:09 EDT,1,EZGO,Ezgo Technologies Ltd,255125148,-56.940000000000005,0.0689,0.115,0.0638,32.0,12.216,1438958
2026-05-07,2026-05-07 09:31:09 EDT,2,GDC,GD CULTURE GROUP LTD,206502061,-87.82,0.151,1.41,0.1366,102.69,3.3987,9174716
2026-05-07,2026-05-07 09:31:09 EDT,3,GLE,Global Engine Group Holding Limited,206297487,52.080000000000005,0.549,0.7444,0.528,59.940000000000005,11.2731,10046700
2026-05-07,2026-05-07 09:31:09 EDT,4,RXT,"Rackspace Technology, Inc.",191933731,55.06999999999999,3.52,4.62,3.36,55.510000000000005,0.7701,877263196
2026-05-07,2026-05-07 09:31:09 EDT,5,NVDA,Nvidia Corporation,165754567,1.76,211.5,214.2,206.5,3.71,0.0068,5139377100000
2026-05-07,2026-05-07 09:31:09 EDT,6,ASBP,Aspire Biopharma Holdings Inc,159525307,-16.669999999999998,0.155,0.235,0.1218,60.86,31.7519,778739
2026-05-07,2026-05-07 09:31:09 EDT,7,NOK,Nokia,126111953,-6.25,12.37,12.84,12.13,5.38,0.0225,69153884856
2026-05-07,2026-05-07 09:31:09 EDT,8,INTC,Intel Corp,119060047,-3.0,109.62,114.51,109.15,4.74,0.0237,550950120000
2026-05-07,2026-05-07 09:31:09 EDT,9,BYND,Beyond Meat,88267748,-14.149999999999999,0.8928,0.93,0.88,4.81,0.1904,413867779
2026-05-07,2026-05-07 09:31:09 EDT,10,SNAP,Snap Inc,87122058,-2.0500000000000003,5.99,6.29,5.59,11.37,0.0513,10158160950
2026-05-07,2026-05-07 09:31:09 EDT,11,AAL,American Airline,81773052,1.8499999999999999,13.18,13.33,12.91,3.25,0.1236,8717056105
2026-05-07,2026-05-07 09:31:09 EDT,12,DVLT,Datavault AI Inc,76446960,-1.8900000000000001,0.5143,0.539,0.47,13.16,0.1024,383910079
2026-05-07,2026-05-07 09:31:09 EDT,13,PLUG,Plug Power,75930449,-5.4399999999999995,3.13,3.28,3.06,6.65,0.0544,4365804037
2026-05-07,2026-05-07 09:31:09 EDT,14,ATRA,Atara Biotherape,75570155,92.82000000000001,9.93,12.45,6.8,109.71,8.8778,84526860
2026-05-07,2026-05-07 09:31:09 EDT,15,SOBR,Sobr Safe Inc,68647112,74.76,1.8,1.991,1.17,79.71000000000001,24.4594,5051842
2026-05-07,2026-05-07 09:31:09 EDT,16,BTG,B2Gold,65974826,10.38,4.945,5.3,4.83,10.489999999999998,0.0493,6613243958
2026-05-07,2026-05-07 09:31:09 EDT,17,TSLA,Tesla Inc,62932291,3.2800000000000002,411.81,415.83,402.12,3.44,0.0168,1546644647316
2026-05-07,2026-05-07 09:31:09 EDT,18,SMCI,Super Micro Computer Inc,60843017,-3.0,33.62,35.58,32.92,7.670000000000001,0.1013,20188203226
2026-05-07,2026-05-07 09:31:09 EDT,19,ACHR,Archer Aviation Inc,59496937,-2.03,6.28,6.5,6.15,5.46,0.0783,4770275496
2026-05-07,2026-05-07 09:31:09 EDT,20,GRAB,Grab Holdings Limited,54203348,0.53,3.79,3.9,3.76,3.71,0.0132,15540825957
2026-05-07,2026-05-07 09:31:09 EDT,21,IREN,IREN Ltd,53738594,-6.77,56.85,62.43,55.41,11.51,0.1617,18890139773
2026-05-07,2026-05-07 09:31:09 EDT,22,SOFI,Sofi Technologies Inc,53699483,-1.8399999999999999,16.0,16.46,15.83,3.8699999999999997,0.0419,20523762528
2026-05-07,2026-05-07 09:31:09 EDT,23,QCOM,Qualcomm Inc,50665713,5.19,202.57,223.66,187.64,18.7,0.0481,213511942000
2026-05-07,2026-05-07 09:31:09 EDT,24,PLTR,Palantir Technologies Inc,49475786,2.45,137.06,140.95,134.8,4.6,0.0206,328561544830
2026-05-07,2026-05-07 09:31:09 EDT,25,AUR,Aurora Innovation Inc,48428407,-1.79,7.14,7.64,6.88,10.45,0.0247,13995603090
2026-05-07,2026-05-07 09:31:09 EDT,26,PFE,Pfizer,46975500,-0.16999999999999998,26.49,26.72,26.16,2.11,0.0082,150949778815
2026-05-07,2026-05-07 09:31:09 EDT,27,FSLY,Fastly,46805520,-38.23,19.5,22.89,18.53,13.81,0.2993,3049174869
2026-05-07,2026-05-07 09:31:09 EDT,28,MU,Micron Technology Inc,46346374,-3.02,646.47,683.09,635.42,7.1499999999999995,0.0411,729046231949
2026-05-07,2026-05-07 09:31:09 EDT,29,FLNC,"Fluence Energy, Inc.",45474542,39.900000000000006,18.97,20.29,16.31,29.310000000000002,0.2472,3489252128
2026-05-07,2026-05-07 09:31:09 EDT,30,AMD,Advanced Micro Devices Inc,44405888,-3.0700000000000003,408.46,421.7,401.08,4.89,0.0272,665928177670
2026-05-07,2026-05-07 09:31:09 EDT,31,ONDS,Ondas Holdings Inc.,42872627,-4.82,8.89,9.25,8.78,5.029999999999999,0.0884,4312927297
2026-05-07,2026-05-07 09:31:09 EDT,32,POET,Poet Technologies Inc,42233308,-1.44,9.58,10.3,9.03,13.07,0.2766,1462973123
2026-05-07,2026-05-07 09:31:09 EDT,33,AAPL,Apple Inc,42149100,-0.03,287.42,292.13,285.78,2.21,0.0029,4221483923588
2026-05-07,2026-05-07 09:31:09 EDT,34,T,At&T,41632971,-1.21,25.26,25.49,25.12,1.4500000000000002,0.006,175515038972
2026-05-07,2026-05-07 09:31:09 EDT,35,IONQ,Ionq Inc,41487210,-9.28,47.69,51.9,46.27,10.71,0.1112,17798954318
2026-05-07,2026-05-07 09:31:09 EDT,36,SOUN,SOUNDHOUND AI INC,40988344,2.77,9.63,9.72,9.11,6.510000000000001,0.0962,4104402829
2026-05-07,2026-05-07 09:31:09 EDT,37,IOVA,Iovance Biotherp,40787487,-13.200000000000001,3.55,4.075,3.46,15.040000000000001,0.0913,1585083505
2026-05-07,2026-05-07 09:31:09 EDT,38,PTON,"Peloton Interactive, Inc.",39555095,8.85,5.66,6.04,5.25,15.290000000000001,0.093,2408268249
2026-05-07,2026-05-07 09:31:09 EDT,39,MARA,MARA Holdings Inc,39470712,-2.53,12.7,13.05,12.23,6.25,0.1035,4841205252
2026-05-07,2026-05-07 09:31:09 EDT,40,KEEL,Keel Infrastructure Corp,38853067,-2.67,4.01,4.11,3.74,8.98,0.0644,2417410503
2026-05-07,2026-05-07 09:31:09 EDT,41,F,Ford Mtr Co Del,38843561,0.08,12.18,12.3,12.06,1.97,0.0097,48533556233
2026-05-07,2026-05-07 09:31:09 EDT,42,ABEV,Ambev,38823735,-4.52,3.275,3.4,3.26,4.08,0.0025,51079172850
2026-05-07,2026-05-07 09:31:09 EDT,43,BBAI,BIGBEAR AI HLDGS INC,38346794,-4.81,4.16,4.39,4.1,6.64,0.0801,1992429712
2026-05-07,2026-05-07 09:31:09 EDT,44,OPEN,Opendoor Technologies Inc,37734663,-2.56,5.32,5.6,5.3,5.489999999999999,0.0391,5132227455
2026-05-07,2026-05-07 09:31:09 EDT,45,NU,Nu Hldgs Ltd,37569369,-1.52,14.26,14.6,14.21,2.69,0.0077,69312145176
2026-05-07,2026-05-07 09:31:09 EDT,46,BMNR,Bitmine Immersion Technologies Inc,36317054,-3.93,22.01,22.73,21.38,5.89,0.0676,11833210306
2026-05-07,2026-05-07 09:31:09 EDT,47,JOBY,Joby Aviation Inc,36281834,-4.99,10.0,10.48,9.67,7.6499999999999995,0.0369,9826776973
2026-05-07,2026-05-07 09:31:09 EDT,48,CORZ,Core Scientific Inc,35966459,-9.22,22.36,23.0,20.81,8.89,0.114,7056699772
2026-05-07,2026-05-07 09:31:09 EDT,49,SMR,NuScale Power Corporation,35895098,-7.1,12.56,13.23,12.23,7.3999999999999995,0.1046,4309455206
2026-05-07,2026-05-07 09:31:09 EDT,50,WULF,Terawulf Inc,35844985,-6.68,24.02,25.16,23.48,6.550000000000001,0.0728,11833089241
2026-05-07,2026-05-07 09:31:09 EDT,51,AMZN,Amazon Com,35329687,-1.39,271.17,276.63,270.49,2.23,0.0033,2917005365760
2026-05-07,2026-05-07 09:31:09 EDT,52,CDE,Coeur Mng Inc,35057276,-3.39,18.12,20.02,17.96,11.01,0.0546,11626966779
2026-05-07,2026-05-07 09:31:09 EDT,53,CMCSA,Comcast Corp,34306708,-0.76,26.24,26.69,26.11,2.19,0.0096,93735277335
2026-05-07,2026-05-07 09:31:09 EDT,54,MSFT,Microsoft Corp,33721508,1.68,420.92,427.98,418.76,2.23,0.0045,3126776735607
2026-05-07,2026-05-07 09:31:09 EDT,55,PATH,Uipath Inc,33660339,4.1000000000000005,10.93,11.09,10.8,2.76,0.0642,5726466060
2026-05-07,2026-05-07 09:31:09 EDT,56,CRWV,"CoreWeave, Inc.",33570111,-6.619999999999999,128.84,133.59,125.43,5.91,0.0618,69955874979
2026-05-07,2026-05-07 09:31:09 EDT,57,DNN,Denison Mines,33413836,-3.5000000000000004,3.725,3.98,3.68,7.7700000000000005,0.037,3367459465
2026-05-07,2026-05-07 09:31:09 EDT,58,TTD,The Trade Desk,33186607,-2.17,23.49,24.66,23.37,5.37,0.0706,11042596593
2026-05-07,2026-05-07 09:31:09 EDT,59,VTRS,Viatris Inc Ord Shs,32809915,9.030000000000001,17.39,17.45,16.36,6.87,0.0282,20249235697
2026-05-07,2026-05-07 09:31:09 EDT,60,U,Unity Software Inc,32726915,-2.0500000000000003,26.72,30.65,26.33,15.840000000000002,0.075,11658738348
2026-05-07,2026-05-07 09:31:09 EDT,61,RMSG,Real Messenger Corp,32215753,35.61,1.79,1.86,1.53,25.0,2.9397,19616540
2026-05-07,2026-05-07 09:31:09 EDT,62,GPUS,Hyperscale Data Inc.,32017932,-8.459999999999999,0.119,0.13,0.118,9.229999999999999,0.0692,55027488
2026-05-07,2026-05-07 09:31:09 EDT,63,HBAN,Huntington Bancshares Inc,31540385,-2.7,16.19,16.65,16.11,3.25,0.0156,32819244203
2026-05-07,2026-05-07 09:31:09 EDT,64,RIG,Transocean,31498003,-1.04,6.17,6.22,6.0,3.53,0.0282,6882859850
2026-05-07,2026-05-07 09:31:09 EDT,65,CPNG,Coupang Inc,31493393,-3.75,17.22,18.35,17.07,7.180000000000001,0.0174,31112965592
2026-05-07,2026-05-07 09:31:09 EDT,66,RDW,Redwire Corporation,31406748,-4.5600000000000005,9.2,10.08,8.85,12.76,0.1579,1830052297
2026-05-07,2026-05-07 09:31:09 EDT,67,AMPX,Amprius Tech,30316520,-27.35,16.12,19.23,15.38,17.349999999999998,0.2153,2269809823
2026-05-07,2026-05-07 09:31:09 EDT,68,ORCL,Oracle Corp,30251263,0.27999999999999997,194.58,200.15,190.8,4.82,0.0105,559621030680
2026-05-07,2026-05-07 09:31:09 EDT,69,ADMA,Adma Biologics,29699107,-15.97,8.47,8.61,7.5,11.01,0.1278,1967786677
2026-05-07,2026-05-07 09:31:09 EDT,70,NFLX,Netflix Inc,29154545,-0.01,88.26,89.4,88.13,1.44,0.0069,371657710476
2026-05-07,2026-05-07 09:31:09 EDT,71,ZTS,Zoetis Inc,28933129,-21.5,87.31,91.61,85.32,5.66,0.0688,36715356470
2026-05-07,2026-05-07 09:31:09 EDT,72,PBR,Petroleo Brasileiro S.A. Petrobras,28081805,-2.4899999999999998,20.39,20.53,19.92,2.94,0.0044,131400630508
2026-05-07,2026-05-07 09:31:09 EDT,73,BAC,Bank of America Corp,27440903,-1.6,52.74,54.0,52.5,2.8000000000000003,0.0039,374274190933
2026-05-07,2026-05-07 09:31:09 EDT,74,PINS,Pinterest,27395490,1.96,21.58,22.43,21.21,5.79,0.0489,12085394330
2026-05-07,2026-05-07 09:31:09 EDT,75,OWL,Blue Owl Capital Inc,27309848,-1.8499999999999999,10.35,10.54,10.17,3.51,0.0175,16128375446
2026-05-07,2026-05-07 09:31:09 EDT,76,NOW,Servicenow Inc,27107895,5.09,93.58,95.55,91.89,4.109999999999999,0.0263,96480980000
2026-05-07,2026-05-07 09:31:09 EDT,77,KVUE,Kenvue Inc.,27013451,0.33999999999999997,17.74,17.89,17.49,2.26,0.0141,34049715704
2026-05-07,2026-05-07 09:31:09 EDT,78,NVTS,Navitas Semiconductor Corp,26873431,-5.34,15.79,16.74,14.95,10.73,0.115,3690330891
2026-05-07,2026-05-07 09:31:09 EDT,79,BB,Blackberry,26831016,1.8399999999999999,6.1,6.15,5.83,5.3,0.0456,3586082640
2026-05-07,2026-05-07 09:31:09 EDT,80,UBER,Uber Technologies,26778964,-3.08,76.74,80.82,76.3,5.7,0.0131,156305939602
2026-05-07,2026-05-07 09:31:09 EDT,81,PR,Permian Resources Corp,26544090,-5.33,20.08,20.57,19.61,4.55,0.0315,16915192786
2026-05-07,2026-05-07 09:31:09 EDT,82,DVN,Devon Energy Corp,26333441,-2.67,45.36,45.86,44.2,3.55,0.0424,28165455000
2026-05-07,2026-05-07 09:31:09 EDT,83,DDOG,"Datadog, Inc.",25836321,31.330000000000002,188.73,198.6,179.47,13.309999999999999,0.073,66782361322
2026-05-07,2026-05-07 09:31:09 EDT,84,RIVN,"Rivian Automotive, Inc. / De",25713769,-1.9900000000000002,14.19,14.64,14.12,3.63,0.0204,17887922847
2026-05-07,2026-05-07 09:31:09 EDT,85,QBTS,D Wave Quantum,25566707,-7.68,22.0,23.68,21.81,7.85,0.0696,8079507128
2026-05-07,2026-05-07 09:31:09 EDT,86,UWMC,Uwm Holdings Corporation,25496142,-3.15,3.38,3.52,3.27,7.16,0.0159,5409238333
2026-05-07,2026-05-07 09:31:09 EDT,87,AMC,Amc Entmt Hldgs Inc,25444923,-7.049999999999999,1.525,1.66,1.52,8.540000000000001,0.0416,933405873
2026-05-07,2026-05-07 09:31:09 EDT,88,RIOT,Riot Platforms Ord Shs,25302628,1.73,24.11,24.14,22.88,5.319999999999999,0.0669,9117226155
2026-05-07,2026-05-07 09:31:09 EDT,89,HLN,Haleon,25240902,0.8500000000000001,9.31,9.36,9.05,3.36,0.0057,41319267517
2026-05-07,2026-05-07 09:31:09 EDT,90,JBLU,Jetblue Awys Corp,25153783,1.79,5.13,5.31,5.02,5.8500000000000005,0.0676,1908456926
2026-05-07,2026-05-07 09:31:09 EDT,91,RGTI,Rigetti Computing Inc,24998323,-8.709999999999999,18.34,19.64,18.07,7.84,0.0752,6095217350
2026-05-07,2026-05-07 09:31:09 EDT,92,HIMX,Himax Technologi,24720382,30.009999999999998,16.03,17.95,14.89,24.82,0.1417,2796047401
2026-05-07,2026-05-07 09:31:09 EDT,93,RKT,Rocket Companies Inc,24708782,-3.55,14.13,14.76,14.06,4.78,0.0087,39974555924
2026-05-07,2026-05-07 09:31:09 EDT,94,CIFR,Cipher Digital Inc,24585724,-5.59,20.69,21.78,19.67,9.629999999999999,0.0606,8396309556
2026-05-07,2026-05-07 09:31:09 EDT,95,BTBT,Bit Digital Inc,24540364,-5.18,1.83,1.92,1.76,8.290000000000001,0.0751,597636310
2026-05-07,2026-05-07 09:31:09 EDT,96,APLD,Applied Digital,24487892,-6.13,41.53,43.85,40.17,8.32,0.0857,11868008954
2026-05-07,2026-05-07 09:31:09 EDT,97,AES,Aes Corp,24194911,-0.44999999999999996,14.28,14.37,14.24,0.8699999999999999,0.0339,10180326353
2026-05-07,2026-05-07 09:31:09 EDT,98,NCLH,Norwegian Cruise Line Hldg Ltd,24036493,-2.82,17.25,17.99,16.99,5.63,0.0524,7919649915
2026-05-07,2026-05-07 09:31:09 EDT,99,PCG,PG&E Us,23994952,-0.06,16.19,16.31,16.01,1.8800000000000001,0.0109,35654018346
2026-05-07,2026-05-07 09:31:09 EDT,100,CELH,Celsius Hldgs Inc,23853686,4.45,34.26,35.75,32.32,10.459999999999999,0.0929,8801259529
2026-05-08,2026-05-08 21:09:59 EDT,1,GDC,GD CULTURE GROUP LTD,475995475,5.96,0.16,0.2316,0.1193,74.37,7.8341,9721553
2026-05-08,2026-05-08 21:09:59 EDT,2,AEHL,Antelope Enterprise Hldgs Ltd,322293055,135.34,1.2,2.84,0.5555,448.03,123.6755,3127149
2026-05-08,2026-05-08 21:09:59 EDT,3,YMAT,J-Star Holding,314211737,110.77,0.5069,0.9799,0.2358,309.4,15.671,10163606
2026-05-08,2026-05-08 21:09:59 EDT,4,AIIO,Robo.ai Inc,261482059,45.96,0.86,1.3,0.8543,75.64,13.2172,17013834
2026-05-08,2026-05-08 21:09:59 EDT,5,EZGO,Ezgo Technologies Ltd,243024259,-41.94,0.04,0.0619,0.039,33.239999999999995,11.6364,835389
2026-05-08,2026-05-08 21:09:59 EDT,6,INTC,Intel Corp,227681300,13.96,124.92,130.57,111.8,17.09,0.0453,627847920000
2026-05-08,2026-05-08 21:09:59 EDT,7,RXT,"Rackspace Technology, Inc.",154114063,55.97,5.49,6.0,3.75,63.92,0.6184,1368231519
2026-05-08,2026-05-08 21:09:59 EDT,8,NVDA,Nvidia Corporation,136421361,1.7500000000000002,215.2,217.8,212.89,2.32,0.0056,5229360000000
2026-05-08,2026-05-08 21:09:59 EDT,9,IREN,IREN Ltd,110542100,7.6499999999999995,61.2,65.61,57.91,13.54,0.3327,20335559439
2026-05-08,2026-05-08 21:09:59 EDT,10,NOK,Nokia,97077368,3.81,12.82,13.05,12.35,5.65,0.0174,71698568852
2026-05-08,2026-05-08 21:09:59 EDT,11,AMZE,"Amaze Holdings, Inc.",91394066,1.8800000000000001,0.13,0.218,0.1218,75.39,2.0306,5850962
2026-05-08,2026-05-08 21:09:59 EDT,12,TRAW,Traws Pharma,89497525,28.24,2.18,2.4,1.79,35.88,5.9072,33028458
2026-05-08,2026-05-08 21:09:59 EDT,13,RKLB,Rocket Lab Usa Inc,79927310,34.22,105.47,105.62,85.87,25.130000000000003,0.1388,60726177131
2026-05-08,2026-05-08 21:09:59 EDT,14,BYND,Beyond Meat,77804547,-6.69,0.8331,0.899,0.8155,9.35,0.1678,386193153
2026-05-08,2026-05-08 21:09:59 EDT,15,ABEV,Ambev,73517002,0.3,3.29,3.355,3.26,2.9000000000000004,0.0047,51313123260
2026-05-08,2026-05-08 21:09:59 EDT,16,POET,Poet Technologies Inc,72053317,14.299999999999999,10.95,11.83,9.81,21.09,0.4718,1672187442
2026-05-08,2026-05-08 21:09:59 EDT,17,MU,Micron Technology Inc,65130914,15.49,746.81,747.21,676.21,10.96,0.0578,842203066627
2026-05-08,2026-05-08 21:09:59 EDT,18,TSLA,Tesla Inc,65049970,4.02,428.35,431.2,416.39,3.5999999999999996,0.0173,1608764320142
2026-05-08,2026-05-08 21:09:59 EDT,19,AMD,Advanced Micro Devices Inc,58134868,11.44,455.19,456.29,418.29,9.29,0.0357,742113908813
2026-05-08,2026-05-08 21:09:59 EDT,20,AAL,American Airline,57836397,1.29,13.35,13.37,13.07,2.2399999999999998,0.0874,8829491578
2026-05-08,2026-05-08 21:09:59 EDT,21,BB,Blackberry,56713576,4.43,6.37,6.61,6.08,8.61,0.0965,3744810888
2026-05-08,2026-05-08 21:09:59 EDT,22,RDW,Redwire Corporation,56024004,20.330000000000002,11.07,11.11,9.36,19.02,0.2816,2202030318
2026-05-08,2026-05-08 21:09:59 EDT,23,SOFI,Sofi Technologies Inc,55866384,-1.5599999999999998,15.75,16.05,15.52,3.3099999999999996,0.0436,20203078738
2026-05-08,2026-05-08 21:09:59 EDT,24,SLNH,SOLUNA HOLDINGS INC,54769360,20.39,1.83,1.92,1.38,35.53,0.4793,209110449
2026-05-08,2026-05-08 21:09:59 EDT,25,EOSE,Eos Energy Enterprises Inc,53900107,25.94,8.01,8.08,6.55,24.060000000000002,0.1588,2719417604
2026-05-08,2026-05-08 21:09:59 EDT,26,OPEN,Opendoor Technologies Inc,53820615,-5.83,5.01,5.5,4.78,13.44,0.0558,4833169089
2026-05-08,2026-05-08 21:09:59 EDT,27,AAPL,Apple Inc,52692761,2.0500000000000003,293.32,294.76,290.0,1.66,0.0036,4308095261920
2026-05-08,2026-05-08 21:09:59 EDT,28,GRAB,Grab Holdings Limited,52453141,-1.8499999999999999,3.72,3.78,3.66,3.16,0.0128,15214800000
2026-05-08,2026-05-08 21:09:59 EDT,29,NU,Nu Hldgs Ltd,50885068,-3.2300000000000004,13.8,14.33,13.75,4.07,0.0105,67076269525
2026-05-08,2026-05-08 21:09:59 EDT,30,SMCI,Super Micro Computer Inc,50774248,5.21,35.37,35.64,32.3,9.93,0.0846,21239046642
2026-05-08,2026-05-08 21:09:59 EDT,31,SOUN,SOUNDHOUND AI INC,49273016,-7.79,8.88,8.92,8.35,5.92,0.1156,3784745288
2026-05-08,2026-05-08 21:09:59 EDT,32,DVLT,Datavault AI Inc,48589603,5.42,0.5422,0.5472,0.504,8.4,0.0568,463885713
2026-05-08,2026-05-08 21:09:59 EDT,33,CRWV,"CoreWeave, Inc.",48479367,-11.4,114.15,123.75,110.55,10.25,0.0893,61979688985
2026-05-08,2026-05-08 21:09:59 EDT,34,MARA,MARA Holdings Inc,48391814,1.8900000000000001,12.94,13.35,12.2,9.06,0.1269,4932692596
2026-05-08,2026-05-08 21:09:59 EDT,35,PLUG,Plug Power,45815735,-0.32,3.12,3.21,3.05,5.11,0.0328,4351855781
2026-05-08,2026-05-08 21:09:59 EDT,36,ACHR,Archer Aviation Inc,45655746,3.18,6.48,6.54,6.08,7.32,0.0601,4922195098
2026-05-08,2026-05-08 21:09:59 EDT,37,PLTR,Palantir Technologies Inc,41745393,0.5499999999999999,137.8,137.88,133.02,3.54,0.0174,330349590430
2026-05-08,2026-05-08 21:09:59 EDT,38,FLNC,"Fluence Energy, Inc.",41472189,27.36,24.16,26.98,23.52,18.240000000000002,0.2255,4443876195
2026-05-08,2026-05-08 21:09:59 EDT,39,TTD,The Trade Desk,41292178,-1.7500000000000002,23.08,23.11,20.73,10.13,0.0878,10849856508
2026-05-08,2026-05-08 21:09:59 EDT,40,ALP,Alpha Compute Corp,41088975,-7.8100000000000005,0.2397,0.27,0.2324,14.04,1.7533,5617270
2026-05-08,2026-05-08 21:09:59 EDT,41,SNAP,Snap Inc,40082028,1.67,6.08,6.09,5.71,6.35,0.0236,10319401600
2026-05-08,2026-05-08 21:09:59 EDT,42,VRAX,Virax Biolabs Group Ltd,39901782,26.669999999999998,0.171,0.1717,0.14,22.96,2.0028,3406906
2026-05-08,2026-05-08 21:09:59 EDT,43,PFE,Pfizer,38903356,-1.4200000000000002,25.68,26.2,25.6,2.2800000000000002,0.0068,146361726259
2026-05-08,2026-05-08 21:09:59 EDT,44,F,Ford Mtr Co Del,38453548,1.15,12.32,12.37,12.18,1.5599999999999998,0.0097,49091413201
2026-05-08,2026-05-08 21:09:59 EDT,45,SMR,NuScale Power Corporation,38130362,-0.24,12.55,12.56,11.62,7.470000000000001,0.1111,4306024112
2026-05-08,2026-05-08 21:09:59 EDT,46,QCOM,Qualcomm Inc,37849999,8.17,219.09,228.05,208.63,9.58,0.0359,230920860000
2026-05-08,2026-05-08 21:09:59 EDT,47,RKT,Rocket Companies Inc,37253393,10.879999999999999,15.69,15.86,14.61,8.690000000000001,0.0132,44387882693
2026-05-08,2026-05-08 21:09:59 EDT,48,CMCSA,Comcast Corp,36599444,-3.2,25.4,26.26,25.35,3.47,0.0102,90734605347
2026-05-08,2026-05-08 21:09:59 EDT,49,WULF,Terawulf Inc,36270219,-2.62,23.39,25.75,22.74,12.53,0.0736,11522729281
2026-05-08,2026-05-08 21:09:59 EDT,50,NFLX,Netflix Inc,36215113,-0.86,87.49,88.04,87.21,0.9400000000000001,0.0086,368402763214
2026-05-08,2026-05-08 21:09:59 EDT,51,BAC,Bank of America Corp,36111182,-2.73,51.31,53.01,51.1,3.63,0.0051,364126066302
2026-05-08,2026-05-08 21:09:59 EDT,52,T,At&T,36012887,-0.4,25.16,25.4,25.12,1.11,0.0052,174820205088
2026-05-08,2026-05-08 21:09:59 EDT,53,JOBY,Joby Aviation Inc,35325517,8.59,10.87,10.9,9.9,9.99,0.0359,10692197801
2026-05-08,2026-05-08 21:09:59 EDT,54,BBAI,BIGBEAR AI HLDGS INC,35187664,0.24,4.18,4.2,3.97,5.52,0.0735,2002008701
2026-05-08,2026-05-08 21:09:59 EDT,55,NVTS,Navitas Semiconductor Corp,34942982,15.260000000000002,18.2,18.2,15.6,16.470000000000002,0.1495,4253579621
2026-05-08,2026-05-08 21:09:59 EDT,56,TOST,Toast Inc,34891628,-14.74,25.05,26.0,24.04,6.64,0.0602,14521459323
2026-05-08,2026-05-08 21:09:59 EDT,57,AMZN,Amazon Com,34732681,0.5599999999999999,272.68,274.0,269.95,1.49,0.0032,2933248601008
2026-05-08,2026-05-08 21:09:59 EDT,58,ONDS,Ondas Holdings Inc.,34077950,1.91,9.06,9.09,8.65,4.95,0.0699,4416784047
2026-05-08,2026-05-08 21:09:59 EDT,59,BTG,B2Gold,34043739,7.07,5.3,5.32,4.96,7.2700000000000005,0.0255,7088006669
2026-05-08,2026-05-08 21:09:59 EDT,60,MSFT,Microsoft Corp,33383790,-1.34,415.12,418.63,414.0,1.0999999999999999,0.0045,3083691814324
2026-05-08,2026-05-08 21:09:59 EDT,61,SRXH,SRX Health Solutions Inc,33066183,3.1300000000000003,0.1155,0.1199,0.1148,4.55,0.0685,55743152
2026-05-08,2026-05-08 21:09:59 EDT,62,KEEL,Keel Infrastructure Corp,31757335,-1.0,3.97,4.16,3.83,8.23,0.0527,2393296682
2026-05-08,2026-05-08 21:09:59 EDT,63,RIVN,"Rivian Automotive, Inc. / De",31623074,0.27999999999999997,14.22,14.35,13.84,3.56,0.0251,17923214690
2026-05-08,2026-05-08 21:09:59 EDT,64,ASBP,Aspire Biopharma Holdings Inc,31284927,19.35,0.185,0.193,0.1103,53.349999999999994,6.2269,929462
2026-05-08,2026-05-08 21:09:59 EDT,65,RIG,Transocean,31209339,3.73,6.4,6.5,6.17,5.43,0.028,7145223526
2026-05-08,2026-05-08 21:09:59 EDT,66,WFC,Wells Fargo Co,31062116,-3.9,75.64,79.03,75.55,4.42,0.0102,231472733326
2026-05-08,2026-05-08 21:09:59 EDT,67,GV,Visionary Holdings,30856304,7.24,0.1823,0.2581,0.1463,64.59,5.5028,1022219
2026-05-08,2026-05-08 21:09:59 EDT,68,GPUS,Hyperscale Data Inc.,30583762,0.08,0.121,0.121,0.1133,6.370000000000001,0.0661,55952320
2026-05-08,2026-05-08 21:09:59 EDT,69,CCL,Carnival Corporation Ltd.,29526401,-2.3,26.38,27.29,26.25,3.85,0.0238,32684825592
2026-05-08,2026-05-08 21:09:59 EDT,70,BMNR,Bitmine Immersion Technologies Inc,28943947,0.77,22.17,22.4,21.48,4.16,0.0538,11919230917
2026-05-08,2026-05-08 21:09:59 EDT,71,DKNG,Draftkings Inc,28569218,1.1900000000000002,25.52,27.21,25.48,6.859999999999999,0.0576,12651356358
2026-05-08,2026-05-08 21:09:59 EDT,72,LYFT,Lyft Inc,28551852,1.34,14.35,14.63,13.8,5.86,0.0747,5483477821
2026-05-08,2026-05-08 21:09:59 EDT,73,AUR,Aurora Innovation Inc,28192178,-0.84,7.08,7.22,6.7,7.28,0.0144,13877992980
2026-05-08,2026-05-08 21:09:59 EDT,74,UPWK,Upwork,26575669,-16.869999999999997,8.82,8.85,7.44,13.29,0.2153,1088532771
2026-05-08,2026-05-08 21:09:59 EDT,75,BTBT,Bit Digital Inc,26516088,-1.6400000000000001,1.8,1.87,1.765,5.74,0.0812,587838994
2026-05-08,2026-05-08 21:09:59 EDT,76,ALIT,Alight Inc.,26018015,7.48,0.9354,0.969,0.8273,16.28,0.0484,502536149
2026-05-08,2026-05-08 21:09:59 EDT,77,HBAN,Huntington Bancshares Inc,26015737,-0.43,16.12,16.31,16.03,1.73,0.0128,32677345062
2026-05-08,2026-05-08 21:09:59 EDT,78,IONQ,Ionq Inc,25990725,3.27,49.24,49.44,45.72,7.8,0.0696,18379812239
2026-05-08,2026-05-08 21:09:59 EDT,79,HIMS,Hims & Hers Health Inc,25969543,10.209999999999999,28.27,28.53,25.4,12.18,0.1124,6532378046
2026-05-08,2026-05-08 21:09:59 EDT,80,CPNG,Coupang Inc,25908967,-1.39,16.98,17.45,16.84,3.54,0.0143,30679335410
2026-05-08,2026-05-08 21:09:59 EDT,81,LFST,"Lifestance Health Group, Inc.",24976010,-12.989999999999998,7.7,8.04,7.67,4.24,0.0644,2986273112
2026-05-08,2026-05-08 21:09:59 EDT,82,PATH,Uipath Inc,24799510,-1.28,10.79,10.84,10.32,4.71,0.0473,5653116998
2026-05-08,2026-05-08 21:09:59 EDT,83,NOW,Servicenow Inc,24699020,-2.58,91.18,91.85,88.99,3.06,0.024,94006580000
2026-05-08,2026-05-08 21:09:59 EDT,84,CSCO,Cisco Sys Inc,24652516,4.79,96.57,97.02,93.14,4.21,0.0062,381441171065
2026-05-08,2026-05-08 21:09:59 EDT,85,CIFR,Cipher Digital Inc,24464279,-0.65,20.55,21.64,19.8,8.9,0.0598,8405960998
2026-05-08,2026-05-08 21:09:59 EDT,86,MASK,3 E Network Technology Group Limited,24400159,28.23,3.18,3.78,2.47,52.82,21.1659,3665916
2026-05-08,2026-05-08 21:09:59 EDT,87,SIDU,Sidus Space Inc,23047130,15.590000000000002,3.41,3.45,2.99,15.590000000000002,0.285,275749152
2026-05-08,2026-05-08 21:09:59 EDT,88,ASTS,Ast Spacemobile Inc,22685040,14.84,75.05,75.4,66.11,14.219999999999999,0.0585,29123672146
2026-05-08,2026-05-08 21:09:59 EDT,89,AVGO,Broadcom Inc,22561421,4.2299999999999995,430.0,435.0,414.0,5.09,0.0048,2035907319120
2026-05-08,2026-05-08 21:09:59 EDT,90,CTM,Castellum Inc,22357752,14.680000000000001,0.753,0.8064,0.7133,14.180000000000001,0.2363,71243400
2026-05-08,2026-05-08 21:09:59 EDT,91,WEN,Wendys Co,22280941,5.04,7.3,7.44,7.02,5.970000000000001,0.117,1390403595
2026-05-08,2026-05-08 21:09:59 EDT,92,HPQ,Hp Inc,21550996,8.05,22.68,22.74,21.0,8.28,0.0236,20741998513
2026-05-08,2026-05-08 21:09:59 EDT,93,POM,POMDOCTOR LTD,21537185,-85.88,0.075,0.53,0.0649,87.57000000000001,0.1807,8939592
2026-05-08,2026-05-08 21:09:59 EDT,94,AKAM,Akamai Technologies Inc,21492867,26.58,147.71,149.76,132.85,14.49,0.146,21746316420
2026-05-08,2026-05-08 21:09:59 EDT,95,GOOGL,Alphabet Inc,21461849,0.7100000000000001,400.8,402.0,396.36,1.4200000000000002,0.0018,4856092800000
2026-05-08,2026-05-08 21:09:59 EDT,96,UBXG,U-BX Technology Ltd.,21167603,-1.26,0.391,0.4008,0.3605,10.18,0.4657,17771266
2026-05-08,2026-05-08 21:09:59 EDT,97,ORCL,Oracle Corp,21158338,0.7000000000000001,195.95,198.0,190.21,4.0,0.0074,563561213700
2026-05-08,2026-05-08 21:09:59 EDT,98,INO,Inovio Pharmaceu,21007953,6.569999999999999,1.46,1.79,1.364,31.09,0.2575,119124255
2026-05-08,2026-05-08 21:09:59 EDT,99,MRNA,Moderna,20925852,11.97,54.35,57.78,48.98,18.11,0.0527,21565333176
2026-05-08,2026-05-08 21:09:59 EDT,100,BSX,Boston Scien Cp,20841325,-4.67,53.93,56.62,53.63,5.28,0.014,80159134803
2026-05-11,2026-05-11 09:31:09 EDT,1,EZGO,Ezgo Technologies Ltd,1705888218,0.0,0.04,0.0686,0.0342,86.0,81.6811,835389
2026-05-11,2026-05-11 09:31:09 EDT,2,MEHA,Functional Brands Inc,951307635,26.179999999999996,0.12,0.22,0.1116,113.99,43.4132,2629544
2026-05-11,2026-05-11 09:31:09 EDT,3,POM,POMDOCTOR LTD,323595804,97.47,0.1481,0.244,0.0713,230.27,2.7149,17652714
2026-05-11,2026-05-11 09:31:09 EDT,4,HAO,Haoxi Health Technology Limited,219563186,-93.84,0.045,0.0664,0.0403,3.58,3.694,2674972
2026-05-11,2026-05-11 09:31:09 EDT,5,INTC,Intel Corp,177903279,3.62,129.44,132.75,123.92,7.07,0.0354,650565440000
2026-05-11,2026-05-11 09:31:09 EDT,6,NVDA,Nvidia Corporation,156522516,1.97,219.44,222.3,213.89,3.91,0.0064,5332392000000
2026-05-11,2026-05-11 09:31:09 EDT,7,PLUG,Plug Power,151850184,12.82,3.52,3.635,3.05,18.75,0.1089,4909786009
2026-05-11,2026-05-11 09:31:09 EDT,8,NOK,Nokia,142120228,8.66,13.93,14.05,12.76,10.059999999999999,0.0254,77905919989
2026-05-11,2026-05-11 09:31:09 EDT,9,WOK,WORK Medical Technology Group LTD,130640569,206.25,3.92,4.08,0.192,303.75,75.7554,6760447
2026-05-11,2026-05-11 09:31:09 EDT,10,IREN,IREN Ltd,107980739,-9.89,55.15,61.72,52.36,15.290000000000001,0.325,18325263232
2026-05-11,2026-05-11 09:31:09 EDT,11,JZXN,Jiuzi Holdings Inc,90422317,48.07,1.34,1.88,1.23,71.82,68.046,1780646
2026-05-11,2026-05-11 09:31:09 EDT,12,ENSC,Ensysce Biosciences Inc,87885530,9.08,0.382,0.3986,0.301,27.87,9.4727,3544126
2026-05-11,2026-05-11 09:31:09 EDT,13,GDC,GD CULTURE GROUP LTD,83360277,-7.5,0.148,0.1537,0.1194,21.44,1.372,8992437
2026-05-11,2026-05-11 09:31:09 EDT,14,POET,Poet Technologies Inc,82850424,26.939999999999998,13.9,14.36,11.51,26.029999999999998,0.5425,2122685429
2026-05-11,2026-05-11 09:31:09 EDT,15,TSLA,Tesla Inc,76708515,3.91,445.08,449.16,416.8,7.55,0.0204,1671589317912
2026-05-11,2026-05-11 09:31:09 EDT,16,MU,Micron Technology Inc,69956117,6.5,795.33,818.67,768.68,6.69,0.062,896920722781
2026-05-11,2026-05-11 09:31:09 EDT,17,SOFI,Sofi Technologies Inc,69621395,3.2399999999999998,16.26,16.32,15.77,3.49,0.0543,20857371912
2026-05-11,2026-05-11 09:31:09 EDT,18,NVTS,Navitas Semiconductor Corp,69379300,24.45,22.65,23.82,18.2,30.91,0.2969,5293603209
2026-05-11,2026-05-11 09:31:09 EDT,19,ACHR,Archer Aviation Inc,62689773,1.08,6.55,6.75,6.24,7.870000000000001,0.0825,4975366958
2026-05-11,2026-05-11 09:31:09 EDT,20,KEEL,Keel Infrastructure Corp,60739685,8.309999999999999,4.3,4.5,3.56,23.68,0.1008,2592235701
2026-05-11,2026-05-11 09:31:09 EDT,21,NU,Nu Hldgs Ltd,60402339,-2.2800000000000002,13.49,13.96,13.42,3.88,0.0124,65545180764
2026-05-11,2026-05-11 09:31:09 EDT,22,RXT,"Rackspace Technology, Inc.",59881221,-14.57,4.69,5.73,4.665,19.400000000000002,0.2403,1168853520
2026-05-11,2026-05-11 09:31:09 EDT,23,BTBT,Bit Digital Inc,59045289,19.439999999999998,2.15,2.2,1.81,21.67,0.1808,702141020
2026-05-11,2026-05-11 09:31:09 EDT,24,IONQ,Ionq Inc,57547381,15.43,56.84,58.54,47.9,21.61,0.1542,21216663844
2026-05-11,2026-05-11 09:31:09 EDT,25,RKLB,Rocket Lab Usa Inc,52634898,11.26,117.35,123.94,104.0,18.91,0.0909,67916428676
2026-05-11,2026-05-11 09:31:09 EDT,26,BYND,Beyond Meat,51129038,-2.94,0.8086,0.8496,0.7815,8.17,0.0992,416705858
2026-05-11,2026-05-11 09:31:09 EDT,27,GRAB,Grab Holdings Limited,50245616,-1.8800000000000001,3.65,3.76,3.62,3.7600000000000002,0.0123,14928500000
2026-05-11,2026-05-11 09:31:09 EDT,28,AEHL,Antelope Enterprise Hldgs Ltd,49458990,19.17,1.43,1.69,1.06,52.5,18.9796,3726519
2026-05-11,2026-05-11 09:31:09 EDT,29,DVLT,Datavault AI Inc,49313533,-5.7700000000000005,0.5109,0.5634,0.5109,9.68,0.0576,437106623
2026-05-11,2026-05-11 09:31:09 EDT,30,F,Ford Mtr Co Del,48636083,-2.3,12.04,12.39,12.01,3.04,0.0122,47963745187
2026-05-11,2026-05-11 09:31:09 EDT,31,MARA,MARA Holdings Inc,47482236,3.4799999999999995,13.39,13.8,12.59,9.35,0.1246,5104231364
2026-05-11,2026-05-11 09:31:09 EDT,32,SMR,NuScale Power Corporation,47419652,5.9799999999999995,13.3,13.63,11.82,14.44,0.1297,4860899374
2026-05-11,2026-05-11 09:31:09 EDT,33,RDW,Redwire Corporation,46646714,9.85,12.16,12.87,10.77,19.02,0.2345,2418851732
2026-05-11,2026-05-11 09:31:09 EDT,34,ALIT,Alight Inc.,45870763,-11.73,0.8257,0.9499,0.8168,14.23,0.0854,443600703
2026-05-11,2026-05-11 09:31:09 EDT,35,AMD,Advanced Micro Devices Inc,45830165,0.79,458.79,469.22,450.88,4.03,0.0281,748103267166
2026-05-11,2026-05-11 09:31:09 EDT,36,AAL,American Airline,45817584,-4.19,12.79,13.1,12.73,2.77,0.0693,8459115902
2026-05-11,2026-05-11 09:31:09 EDT,37,SNAP,Snap Inc,45689580,-5.59,5.74,6.1,5.65,7.32,0.0276,9512103761
2026-05-11,2026-05-11 09:31:09 EDT,38,CLIK,Click Hldgs Ltd,45668913,1.35,2.26,3.44,1.77,74.89,13.9958,7374454
2026-05-11,2026-05-11 09:31:09 EDT,39,BBAI,BIGBEAR AI HLDGS INC,44907377,3.5900000000000003,4.325,4.42,4.07,8.37,0.0938,2071456371
2026-05-11,2026-05-11 09:31:09 EDT,40,QCOM,Qualcomm Inc,44860367,8.42,237.53,247.9,231.2,7.62,0.0426,250356620000
2026-05-11,2026-05-11 09:31:09 EDT,41,HIMS,Hims & Hers Health Inc,44616088,3.11,29.15,30.39,28.55,6.49,0.1931,6735720553
2026-05-11,2026-05-11 09:31:09 EDT,42,CRCL,CIRCLE INTERNET GROUP INC,44217011,15.78,131.53,134.77,105.36,25.869999999999997,0.1789,32515586542
2026-05-11,2026-05-11 09:31:09 EDT,43,ONDS,Ondas Holdings Inc.,43962627,3.9699999999999998,9.42,9.65,8.72,10.26,0.0897,4616536757
2026-05-11,2026-05-11 09:31:09 EDT,44,JOBY,Joby Aviation Inc,42449860,-0.9199999999999999,10.77,11.03,10.16,8.05,0.0432,10593833516
2026-05-11,2026-05-11 09:31:09 EDT,45,RGTI,Rigetti Computing Inc,41290869,8.290000000000001,20.51,20.85,18.33,13.29,0.1243,6816407189
2026-05-11,2026-05-11 09:31:09 EDT,46,HUBC,Hub Cyber Security Israel Ltd,40615539,-21.18,0.195,0.1974,0.17,11.08,31.6801,250000
2026-05-11,2026-05-11 09:31:09 EDT,47,PLTR,Palantir Technologies Inc,40106745,-0.66,136.89,137.14,132.77,3.17,0.0167,328168036531
2026-05-11,2026-05-11 09:31:09 EDT,48,KIDZ,"Classover Holdings, Inc.",40007746,-18.529999999999998,0.5346,0.6284,0.4155,32.440000000000005,30.6467,697893
2026-05-11,2026-05-11 09:31:09 EDT,49,BMNR,Bitmine Immersion Technologies Inc,39879808,3.83,23.02,23.37,21.96,6.36,0.0742,12376215413
2026-05-11,2026-05-11 09:31:09 EDT,50,OPEN,Opendoor Technologies Inc,39822749,-3.19,4.85,4.96,4.71,4.99,0.0413,4678972665
2026-05-11,2026-05-11 09:31:09 EDT,51,NFLX,Netflix Inc,39420929,-2.33,85.45,87.34,85.1,2.56,0.0094,359812734217
2026-05-11,2026-05-11 09:31:09 EDT,52,EOSE,Eos Energy Enterprises Inc,39228576,6.99,8.57,9.25,7.77,18.48,0.1155,2909539184
2026-05-11,2026-05-11 09:31:09 EDT,53,AAPL,Apple Inc,39174608,-0.13,292.68,293.88,290.23,1.25,0.0027,4298695354080
2026-05-11,2026-05-11 09:31:09 EDT,54,PFE,Pfizer,39037859,0.53,25.82,26.18,25.68,1.95,0.0068,147131151222
2026-05-11,2026-05-11 09:31:09 EDT,55,SMCI,Super Micro Computer Inc,38948908,-5.2299999999999995,33.52,36.37,33.44,8.28,0.0649,20128155031
2026-05-11,2026-05-11 09:31:09 EDT,56,ODYS,Odysight.ai,38731026,6.5,4.75,11.12,4.14,156.48,2.31,79642808
2026-05-11,2026-05-11 09:31:09 EDT,57,PRSO,Peraso,38375034,39.2,1.38,1.59,1.14,45.39,3.0523,17350048
2026-05-11,2026-05-11 09:31:09 EDT,58,DGXX,Digi Power X Inc,37703071,12.07,7.43,8.08,7.16,13.88,0.513,546055070
2026-05-11,2026-05-11 09:31:09 EDT,59,AMZN,Amazon Com,37672854,-1.35,268.99,273.63,268.49,1.8900000000000001,0.0035,2893554867189
2026-05-11,2026-05-11 09:31:09 EDT,60,T,At&T,36896440,-1.11,24.88,25.34,24.66,2.7,0.0053,172874670214
2026-05-11,2026-05-11 09:31:09 EDT,61,PATH,Uipath Inc,36636606,-1.25,10.66,10.95,10.61,3.15,0.0699,5582387546
2026-05-11,2026-05-11 09:31:09 EDT,62,SIDU,Sidus Space Inc,35199930,9.68,3.74,3.95,3.45,14.66,0.4353,302434553
2026-05-11,2026-05-11 09:31:09 EDT,63,CCL,Carnival Corporation Ltd.,35003946,-3.5999999999999996,25.43,26.01,24.99,3.8699999999999997,0.0283,31507775391
2026-05-11,2026-05-11 09:31:09 EDT,64,QBTS,D Wave Quantum,34842981,6.419999999999999,24.02,24.78,21.77,13.34,0.0949,8821352782
2026-05-11,2026-05-11 09:31:09 EDT,65,SOUN,SOUNDHOUND AI INC,34568423,-4.84,8.45,8.78,8.36,4.73,0.0811,3602047655
2026-05-11,2026-05-11 09:31:09 EDT,66,CMCSA,Comcast Corp,34559251,-1.46,25.03,25.68,24.88,3.17,0.0097,89412880781
2026-05-11,2026-05-11 09:31:09 EDT,67,MSFT,Microsoft Corp,34266070,-0.59,412.66,412.69,405.5,1.73,0.0046,3065417864952
2026-05-11,2026-05-11 09:31:09 EDT,68,UWMC,Uwm Holdings Corporation,33734024,-1.3299999999999998,3.335,3.45,3.08,10.95,0.0211,5337221847
2026-05-11,2026-05-11 09:31:09 EDT,69,JBLU,Jetblue Awys Corp,32784235,-2.94,4.96,5.21,4.93,5.38,0.0881,1845213714
2026-05-11,2026-05-11 09:31:09 EDT,70,RIG,Transocean,32580295,2.34,6.55,6.64,6.4,3.75,0.0292,7312131482
2026-05-11,2026-05-11 09:31:09 EDT,71,ASTS,Ast Spacemobile Inc,32352166,9.99,82.55,84.94,75.9,12.049999999999999,0.0834,32034099076
2026-05-11,2026-05-11 09:31:09 EDT,72,HPAI,Helport AI Ltd,32233711,28.79,1.27,1.56,1.22,34.48,0.8612,47537329
2026-05-11,2026-05-11 09:31:09 EDT,73,BAC,Bank of America Corp,32144036,-1.52,50.53,51.38,50.28,2.15,0.0045,358590725595
2026-05-11,2026-05-11 09:31:09 EDT,74,GERN,Geron Corp,32010594,0.0,1.39,1.46,1.38,5.76,0.0499,891714153
2026-05-11,2026-05-11 09:31:09 EDT,75,BTG,B2Gold,31498544,1.66,5.39,5.59,5.28,5.75,0.0236,7189222813
2026-05-11,2026-05-11 09:31:09 EDT,76,AUR,Aurora Innovation Inc,31437526,2.54,7.26,7.51,6.9,8.62,0.016,14238334426
2026-05-11,2026-05-11 09:31:09 EDT,77,NCLH,Norwegian Cruise Line Hldg Ltd,30515240,-2.93,16.58,17.02,16.4,3.63,0.0665,7612046121
2026-05-11,2026-05-11 09:31:09 EDT,78,NIO,Nio Inc.,30471454,3.6799999999999997,6.07,6.14,5.87,4.62,0.0122,15196870488
2026-05-11,2026-05-11 09:31:09 EDT,79,CSCO,Cisco Sys Inc,30248225,2.23,98.72,98.83,95.33,3.63,0.0077,389933441106
2026-05-11,2026-05-11 09:31:09 EDT,80,QS,Quantumscape Corp,30228550,6.5,8.03,8.34,7.41,12.33,0.0491,4939614960
2026-05-11,2026-05-11 09:31:09 EDT,81,RKT,Rocket Companies Inc,30214024,-5.390000000000001,14.85,15.55,14.62,5.96,0.0107,41997330693
2026-05-11,2026-05-11 09:31:09 EDT,82,VALE,Vale S A,28457490,2.62,17.07,17.12,16.72,2.41,0.0067,72774268494
2026-05-11,2026-05-11 09:31:09 EDT,83,KVUE,Kenvue Inc.,28417065,-2.3,17.19,17.62,17.13,2.74,0.0148,32995348959
2026-05-11,2026-05-11 09:31:09 EDT,84,OWL,Blue Owl Capital Inc,27920942,-4.55,10.08,10.53,9.98,5.21,0.0179,15715227114
2026-05-11,2026-05-11 09:31:09 EDT,85,SRXH,SRX Health Solutions Inc,27890674,3.81,0.1199,0.1221,0.1155,5.71,0.0578,57866701
2026-05-11,2026-05-11 09:31:09 EDT,86,SLNH,SOLUNA HOLDINGS INC,27845837,-5.46,1.73,1.95,1.73,12.02,0.2437,197683648
2026-05-11,2026-05-11 09:31:09 EDT,87,MRAM,Everspin Technol,27704962,47.68,39.86,44.67,33.66,40.79,1.1816,934620419
2026-05-11,2026-05-11 09:31:09 EDT,88,GOOGL,Alphabet Inc,27624092,-3.0300000000000002,388.64,397.44,388.47,2.2399999999999998,0.0023,4708762240000
2026-05-11,2026-05-11 09:31:09 EDT,89,CRWV,"CoreWeave, Inc.",27371995,0.48,114.7,119.48,111.5,6.99,0.0504,62278320864
2026-05-11,2026-05-11 09:31:09 EDT,90,APLD,Applied Digital,27196229,8.1,44.59,46.64,38.83,18.93,0.0952,12742463744
2026-05-11,2026-05-11 09:31:09 EDT,91,FLNC,"Fluence Energy, Inc.",27130646,4.43,25.23,27.39,22.22,21.4,0.1472,4650158582
2026-05-11,2026-05-11 09:31:09 EDT,92,CLSK,Cleanspark Inc,26981386,0.7000000000000001,14.3,15.04,13.74,9.139999999999999,0.1055,3657266655
2026-05-11,2026-05-11 09:31:09 EDT,93,RZLV,Rezolve Ai,26918610,13.33,2.72,2.74,2.41,13.750000000000002,0.0675,1084811036
2026-05-11,2026-05-11 09:31:09 EDT,94,DNN,Denison Mines,26782941,2.41,3.835,3.92,3.71,5.62,0.0296,3466901221
2026-05-11,2026-05-11 09:31:09 EDT,95,BB,Blackberry,26529001,-2.4299999999999997,6.22,6.52,6.12,6.279999999999999,0.0451,3653689116
2026-05-11,2026-05-11 09:31:09 EDT,96,HOOD,"Robinhood Markets, Inc.",25861049,4.87,80.78,81.14,74.8,8.23,0.0287,72742798504
2026-05-11,2026-05-11 09:31:09 EDT,97,RIVN,"Rivian Automotive, Inc. / De",25765237,-0.98,14.08,14.35,14.0,2.4299999999999997,0.0204,17746755473
2026-05-11,2026-05-11 09:31:09 EDT,98,ABEV,Ambev,25761933,-0.3,3.28,3.34,3.27,2.13,0.0017,51157156320
2026-05-11,2026-05-11 09:31:09 EDT,99,TRAW,Traws Pharma,25591568,-7.340000000000001,2.02,3.23,1.965,58.03,1.6891,30604351
2026-05-11,2026-05-11 09:31:09 EDT,100,GT,Goodyear Tire & Rubr Co,25380523,-8.53,5.95,6.45,5.92,8.15,0.0883,1710259854
2026-05-12,2026-05-12 09:31:11 EDT,1,EZGO,Ezgo Technologies Ltd,593333891,-20.25,0.0319,0.0449,0.0307,35.5,28.4099,666223
2026-05-12,2026-05-12 09:31:11 EDT,2,HAO,Haoxi Health Technology Limited,381739797,-9.56,0.0407,0.0416,0.0362,12.0,6.4219,2419363
2026-05-12,2026-05-12 09:31:11 EDT,3,PLUG,Plug Power,194018429,1.1400000000000001,3.56,3.89,3.46,12.22,0.1391,4965579032
2026-05-12,2026-05-12 09:31:11 EDT,4,CREG,Smart Powerr,170460808,41.9,0.254,0.257,0.2045,29.330000000000002,7.4245,5831618
2026-05-12,2026-05-12 09:31:11 EDT,5,INTC,Intel Corp,170154145,-6.819999999999999,120.61,127.79,115.0,9.879999999999999,0.0339,606185860000
2026-05-12,2026-05-12 09:31:11 EDT,6,NVDA,Nvidia Corporation,157648200,0.61,220.78,223.75,214.92,4.02,0.0065,5364954000000
2026-05-12,2026-05-12 09:31:11 EDT,7,QUBT,Quantum Computing Inc,140009177,15.72,11.78,14.45,11.29,31.04,0.6208,2656650773
2026-05-12,2026-05-12 09:31:11 EDT,8,BZFD,BUZZFEED INC,128879534,90.44,1.39,1.8,1.35,61.650000000000006,3.4241,52317830
2026-05-12,2026-05-12 09:31:11 EDT,9,TDIC,Dreamland Limited,111675922,126.92000000000002,2.36,2.87,1.41,140.38,4.0169,65612016
2026-05-12,2026-05-12 09:31:11 EDT,10,ALP,Alpha Compute Corp,102908548,15.459999999999999,0.2749,0.33,0.234,40.32,4.3913,6442168
2026-05-12,2026-05-12 09:31:11 EDT,11,NOK,Nokia,102823579,-5.35,13.18,13.62,12.84,5.64,0.0184,73683981640
2026-05-12,2026-05-12 09:31:11 EDT,12,POET,Poet Technologies Inc,84395351,-1.22,13.73,14.97,12.97,14.39,0.5526,2096724528
2026-05-12,2026-05-12 09:31:11 EDT,13,USBC,USBC INC.,81781392,38.9,0.7072,0.8881,0.5738,61.870000000000005,0.2107,274495740
2026-05-12,2026-05-12 09:31:11 EDT,14,IREN,IREN Ltd,74446836,2.56,56.56,57.22,53.0,7.6499999999999995,0.224,18793778575
2026-05-12,2026-05-12 09:31:11 EDT,15,MU,Micron Technology Inc,72148963,-3.61,766.58,782.76,706.62,9.569999999999999,0.064,864498368815
2026-05-12,2026-05-12 09:31:11 EDT,16,UBXG,U-BX Technology Ltd.,71984548,-29.520000000000003,0.2127,0.5087,0.2059,100.33000000000001,1.5838,9667387
2026-05-12,2026-05-12 09:31:11 EDT,17,DXF,Eason Technology,67688259,40.72,0.5826,0.6741,0.4246,60.27,23.2629,1695266
2026-05-12,2026-05-12 09:31:11 EDT,18,WOK,WORK Medical Technology Group LTD,62379334,69.89999999999999,6.66,7.33,1.87,139.29,36.1776,11485862
2026-05-12,2026-05-12 09:31:11 EDT,19,SOFI,Sofi Technologies Inc,61656369,-2.21,15.9,16.33,15.55,4.8,0.0481,20395585080
2026-05-12,2026-05-12 09:31:11 EDT,20,TSLA,Tesla Inc,60051068,-2.6,433.45,447.8,422.26,5.74,0.016,1627918511884
2026-05-12,2026-05-12 09:31:11 EDT,21,RXT,"Rackspace Technology, Inc.",58516792,34.97,6.33,6.34,4.75,33.900000000000006,0.2348,1577578418
2026-05-12,2026-05-12 09:31:11 EDT,22,WEN,Wendys Co,57066006,16.86,7.9,8.02,7.12,13.309999999999999,0.2996,1504555000
2026-05-12,2026-05-12 09:31:11 EDT,23,GV,Visionary Holdings,57059181,30.099999999999998,0.271,0.2713,0.1875,40.23,10.1758,1519591
2026-05-12,2026-05-12 09:31:11 EDT,24,DVLT,Datavault AI Inc,54919222,9.379999999999999,0.5588,0.5738,0.5286,8.85,0.0642,478088042
2026-05-12,2026-05-12 09:31:11 EDT,25,ACHR,Archer Aviation Inc,54083610,-2.45,6.38,6.68,6.05,9.629999999999999,0.0712,4846235297
2026-05-12,2026-05-12 09:31:11 EDT,26,HIMS,Hims & Hers Health Inc,52964592,-14.099999999999998,25.03,26.84,24.56,7.82,0.2292,5783707905
2026-05-12,2026-05-12 09:31:11 EDT,27,CNCK,Coincheck Group,52024501,17.71,2.06,2.4,1.97,24.57,0.3977,269477923
2026-05-12,2026-05-12 09:31:11 EDT,28,MARA,MARA Holdings Inc,49582846,-5.0,12.72,12.94,11.73,9.04,0.1301,4848829198
2026-05-12,2026-05-12 09:31:11 EDT,29,RGTI,Rigetti Computing Inc,49003077,-7.02,19.07,21.02,18.23,13.600000000000001,0.1474,6337829600
2026-05-12,2026-05-12 09:31:11 EDT,30,AEHL,Antelope Enterprise Hldgs Ltd,48866337,47.55,2.11,2.53,1.22,91.61,10.0693,10239986
2026-05-12,2026-05-12 09:31:11 EDT,31,AAL,American Airline,47803084,-0.7799999999999999,12.69,12.72,12.38,2.6599999999999997,0.0723,8392977388
2026-05-12,2026-05-12 09:31:11 EDT,32,QBTS,D Wave Quantum,46628314,-6.97,22.36,23.91,20.88,12.61,0.127,8209880993
2026-05-12,2026-05-12 09:31:11 EDT,33,NVTS,Navitas Semiconductor Corp,46529326,-15.010000000000002,19.25,22.0,18.67,14.7,0.1991,4498978445
2026-05-12,2026-05-12 09:31:11 EDT,34,GRAB,Grab Holdings Limited,45147575,-0.27,3.64,3.68,3.61,1.92,0.011,14887600000
2026-05-12,2026-05-12 09:31:11 EDT,35,BMNR,Bitmine Immersion Technologies Inc,44530884,-5.82,21.68,22.5,21.23,5.52,0.0828,11655792795
2026-05-12,2026-05-12 09:31:11 EDT,36,SNAP,Snap Inc,43904296,-3.6700000000000004,5.54,5.75,5.44,5.36,0.0265,9179014413
2026-05-12,2026-05-12 09:31:11 EDT,37,AAPL,Apple Inc,43850987,0.72,294.8,295.27,292.62,0.91,0.003,4329832548800
2026-05-12,2026-05-12 09:31:11 EDT,38,BYND,Beyond Meat,43283009,-1.71,0.7948,0.806,0.7674,4.77,0.084,409594133
2026-05-12,2026-05-12 09:31:11 EDT,39,GTM,Zoominfo Technologies Inc.,42129745,-32.78,4.06,4.4,3.87,8.77,0.1413,1210104538
2026-05-12,2026-05-12 09:31:11 EDT,40,NFLX,Netflix Inc,42061416,2.59,87.66,89.16,85.81,3.92,0.01,369118598964
2026-05-12,2026-05-12 09:31:11 EDT,41,F,Ford Mtr Co Del,42029639,0.67,11.98,12.03,11.8,1.8900000000000001,0.0105,47736617707
2026-05-12,2026-05-12 09:31:11 EDT,42,VG,"Venture Global, Inc.",41632446,14.11,13.26,13.6,12.11,12.82,0.0168,32918859384
2026-05-12,2026-05-12 09:31:11 EDT,43,IONQ,Ionq Inc,41310374,-1.81,55.88,59.15,52.17,12.27,0.1107,20858324694
2026-05-12,2026-05-12 09:31:11 EDT,44,SMR,NuScale Power Corporation,40617429,-9.78,11.99,13.0,11.48,11.42,0.1111,4382119060
2026-05-12,2026-05-12 09:31:11 EDT,45,ALIT,Alight Inc.,40443805,-12.27,0.7265,0.8271,0.7122,13.88,0.0753,390306299
2026-05-12,2026-05-12 09:31:11 EDT,46,KOPN,Kopin,39996790,7.6499999999999995,5.35,6.45,4.77,33.800000000000004,0.2181,980994270
2026-05-12,2026-05-12 09:31:11 EDT,47,AMD,Advanced Micro Devices Inc,38609295,-2.29,448.29,458.8,426.11,7.13,0.0237,730981960457
2026-05-12,2026-05-12 09:31:11 EDT,48,QCOM,Qualcomm Inc,38232570,-11.459999999999999,210.31,230.0,202.0,11.790000000000001,0.0363,221666740000
2026-05-12,2026-05-12 09:31:11 EDT,49,NU,Nu Hldgs Ltd,37756953,-1.7399999999999998,13.27,13.55,13.26,2.15,0.0078,64500151928
2026-05-12,2026-05-12 09:31:11 EDT,50,PLTR,Palantir Technologies Inc,37151306,-0.65,136.0,137.42,133.46,2.8899999999999997,0.0155,326034428872
2026-05-12,2026-05-12 09:31:11 EDT,51,MSFT,Microsoft Corp,36898348,-1.18,407.77,415.5,406.65,2.1399999999999997,0.005,3029092819250
2026-05-12,2026-05-12 09:31:11 EDT,52,OWL,Blue Owl Capital Inc,36726753,-0.9400000000000001,9.99,10.12,9.71,4.07,0.0236,15567117335
2026-05-12,2026-05-12 09:31:11 EDT,53,ONDS,Ondas Holdings Inc.,36516106,-4.03,9.04,9.35,8.8,5.84,0.0745,4430307036
2026-05-12,2026-05-12 09:31:11 EDT,54,TE,T1 Energy,36217649,-3.2300000000000004,5.85,6.5,5.5,16.56,0.1298,1631173443
2026-05-12,2026-05-12 09:31:11 EDT,55,AMZN,Amazon Com,36037440,-1.18,265.82,267.65,262.63,1.87,0.0034,2859454830277
2026-05-12,2026-05-12 09:31:11 EDT,56,GDC,GD CULTURE GROUP LTD,35032136,-4.859999999999999,0.1408,0.1432,0.1301,8.85,0.5766,8554967
2026-05-12,2026-05-12 09:31:11 EDT,57,SMCI,Super Micro Computer Inc,34882356,-2.18,32.79,33.48,31.24,6.68,0.0581,19689803206
2026-05-12,2026-05-12 09:31:11 EDT,58,OPEN,Opendoor Technologies Inc,34714589,-2.8899999999999997,4.71,4.87,4.57,6.1899999999999995,0.036,4543909536
2026-05-12,2026-05-12 09:31:11 EDT,59,BBAI,BIGBEAR AI HLDGS INC,34663485,-3.2399999999999998,4.18,4.31,4.06,5.79,0.0724,2002008701
2026-05-12,2026-05-12 09:31:11 EDT,60,RKLB,Rocket Lab Usa Inc,33897993,0.18,117.56,121.49,112.7,7.489999999999999,0.0586,68037966384
2026-05-12,2026-05-12 09:31:11 EDT,61,RZLV,Rezolve Ai,33720156,3.3099999999999996,2.81,2.91,2.65,9.56,0.0845,1120705519
2026-05-12,2026-05-12 09:31:11 EDT,62,VALE,Vale S A,33572142,-0.18,17.04,17.15,16.6,3.2199999999999998,0.0079,72667655151
2026-05-12,2026-05-12 09:31:11 EDT,63,T,At&T,33192805,1.49,25.24,25.44,24.86,2.32,0.0048,175376072195
2026-05-12,2026-05-12 09:31:11 EDT,64,UAA,Under Armour,33141481,-17.24,5.02,5.11,4.81,4.95,0.0778,2135838355
2026-05-12,2026-05-12 09:31:11 EDT,65,CMCSA,Comcast Corp,32903161,-0.52,24.9,25.4,24.8,2.4,0.0092,88948491069
2026-05-12,2026-05-12 09:31:11 EDT,66,ASTS,Ast Spacemobile Inc,32619568,-11.62,72.96,79.87,69.92,12.049999999999999,0.0841,28312633175
2026-05-12,2026-05-12 09:31:11 EDT,67,KEEL,Keel Infrastructure Corp,32551262,-5.35,4.07,4.21,3.76,10.47,0.054,2453581233
2026-05-12,2026-05-12 09:31:11 EDT,68,HBAN,Huntington Bancshares Inc,32543586,-0.75,15.84,15.99,15.6,2.41,0.0161,32109748498
2026-05-12,2026-05-12 09:31:11 EDT,69,CRWV,"CoreWeave, Inc.",32446984,-6.0600000000000005,107.75,110.98,101.12,8.6,0.0598,58504699853
2026-05-12,2026-05-12 09:31:11 EDT,70,BAC,Bank of America Corp,32250825,0.49,50.8,51.08,49.84,2.45,0.0045,360506805070
2026-05-12,2026-05-12 09:31:11 EDT,71,BTBT,Bit Digital Inc,31846989,-8.84,1.96,2.08,1.84,11.16,0.0975,640091349
2026-05-12,2026-05-12 09:31:11 EDT,72,CLSK,Cleanspark Inc,31785779,-5.800000000000001,13.47,14.34,12.4,13.569999999999999,0.1243,3444991738
2026-05-12,2026-05-12 09:31:11 EDT,73,PCG,PG&E Us,31123569,3.6700000000000004,16.81,16.92,16.2,4.41,0.0141,37008386554
2026-05-12,2026-05-12 09:31:11 EDT,74,NCRA,Nocera,31088822,-20.95,0.1988,0.21,0.1751,13.88,1.8207,3394603
2026-05-12,2026-05-12 09:31:11 EDT,75,PATH,Uipath Inc,30313050,-6.140000000000001,10.01,10.67,9.99,6.38,0.0579,5241838329
2026-05-12,2026-05-12 09:31:11 EDT,76,EOSE,Eos Energy Enterprises Inc,29152263,-5.48,8.1,8.38,7.77,7.12,0.0859,2749972858
2026-05-12,2026-05-12 09:31:11 EDT,77,CCL,Carnival Corporation Ltd.,28779837,-2.32,24.85,25.45,24.74,2.81,0.0232,30789155268
2026-05-12,2026-05-12 09:31:11 EDT,78,CSCO,Cisco Sys Inc,28519639,0.58,99.29,99.93,97.77,2.19,0.0072,392184880140
2026-05-12,2026-05-12 09:31:11 EDT,79,SOUN,SOUNDHOUND AI INC,28309829,-4.62,8.06,8.32,7.85,5.56,0.0664,3435799301
2026-05-12,2026-05-12 09:31:11 EDT,80,JOBY,Joby Aviation Inc,27756247,-2.33,10.49,10.64,10.07,5.24,0.0282,10318413517
2026-05-12,2026-05-12 09:31:11 EDT,81,QS,Quantumscape Corp,27546054,4.859999999999999,8.42,8.55,7.56,12.33,0.0448,5179521539
2026-05-12,2026-05-12 09:31:11 EDT,82,RDW,Redwire Corporation,27354597,-5.0200000000000005,11.55,12.37,11.03,11.020000000000001,0.1375,2297511308
2026-05-12,2026-05-12 09:31:11 EDT,83,DNN,Denison Mines,27107284,-3.9,3.705,3.81,3.555,6.619999999999999,0.03,3349379146
2026-05-12,2026-05-12 09:31:11 EDT,84,PFE,Pfizer,26725385,0.29,25.89,26.09,25.74,1.3599999999999999,0.0047,147530112314
2026-05-12,2026-05-12 09:31:11 EDT,85,GERN,Geron Corp,26715789,0.72,1.4,1.44,1.385,3.9600000000000004,0.0416,898129363
2026-05-12,2026-05-12 09:31:11 EDT,86,MEHA,Functional Brands Inc,26293089,-27.08,0.0875,0.098,0.0852,10.67,1.1999,1917375
2026-05-12,2026-05-12 09:31:11 EDT,87,DDD,3D Systems Corp,25873947,23.9,3.11,3.3,2.755,21.709999999999997,0.1771,454243424
2026-05-12,2026-05-12 09:31:11 EDT,88,CRCL,CIRCLE INTERNET GROUP INC,25792734,-6.03,123.67,140.0,120.5,14.799999999999999,0.1043,30572512641
2026-05-12,2026-05-12 09:31:11 EDT,89,SES,SES AI,25415869,-1.5599999999999998,0.9942,1.03,0.96,6.93,0.0688,367141520
2026-05-12,2026-05-12 09:31:11 EDT,90,RKT,Rocket Companies Inc,25387579,-0.18,14.8,14.93,14.24,4.6899999999999995,0.009,41878510357
2026-05-12,2026-05-12 09:31:11 EDT,91,GOOGL,Alphabet Inc,25361857,-0.33,387.35,388.52,382.77,1.48,0.0021,4693132600000
2026-05-12,2026-05-12 09:31:11 EDT,92,AUR,Aurora Innovation Inc,25199866,-0.5499999999999999,7.22,7.32,6.94,5.3,0.0128,14159886302
2026-05-12,2026-05-12 09:31:11 EDT,93,JBLU,Jetblue Awys Corp,25124891,-4.64,4.73,4.93,4.61,6.45,0.0675,1759649368
2026-05-12,2026-05-12 09:31:11 EDT,94,WULF,Terawulf Inc,24879494,-2.44,22.8,23.33,21.64,7.249999999999999,0.0505,11232074716
2026-05-12,2026-05-12 09:31:11 EDT,95,AG,First Majestic,24806220,2.71,24.22,24.51,22.27,9.48,0.0502,11958418354
2026-05-12,2026-05-12 09:31:11 EDT,96,RIG,Transocean,24155824,-0.31,6.53,6.64,6.43,3.1300000000000003,0.0216,7290360879
2026-05-12,2026-05-12 09:31:11 EDT,97,PYPL,Paypal Holdings,23551122,0.8200000000000001,45.44,45.7,44.35,3.0,0.0267,40082873601
2026-05-12,2026-05-12 09:31:11 EDT,98,CNH,Cnh Industrial,23469378,-1.91,10.76,11.02,10.55,4.24,0.0189,13341867778
2026-05-12,2026-05-12 09:31:11 EDT,99,SLNH,SOLUNA HOLDINGS INC,23342537,2.8899999999999997,1.78,1.81,1.5,17.919999999999998,0.2043,203397048
2026-05-12,2026-05-12 09:31:11 EDT,100,CIFR,Cipher Digital Inc,23318664,-1.08,20.06,20.55,18.65,9.370000000000001,0.057,8205526891
2026-05-13,2026-05-13 09:31:11 EDT,1,QUCY,Quantum Cyber N.V.,507500511,315.12,1.34,1.62,0.4875,350.84,40.5503,16770550
2026-05-13,2026-05-13 09:31:11 EDT,2,EZGO,Ezgo Technologies Ltd,325698361,0.63,0.0321,0.0351,0.0253,30.72,15.595,670400
2026-05-13,2026-05-13 09:31:11 EDT,3,HAO,Haoxi Health Technology Limited,224088065,-15.229999999999999,0.0345,0.0379,0.0281,24.08,3.7697,2050812
2026-05-13,2026-05-13 09:31:11 EDT,4,F,Ford Mtr Co Del,215182098,13.34,13.59,13.94,11.97,16.43,0.054,54151972841
2026-05-13,2026-05-13 09:31:11 EDT,5,WOK,WORK Medical Technology Group LTD,188931875,-58.56,2.76,3.75,1.25,37.54,109.5509,4759907
2026-05-13,2026-05-13 09:31:11 EDT,6,WGRX,Wellgistics Health Inc.,181421879,23.1,0.097,0.1204,0.091,37.31,1.4324,12285377
2026-05-13,2026-05-13 09:31:11 EDT,7,PLUG,Plug Power,159568112,11.24,3.96,4.11,3.41,19.66,0.1144,5523509261
2026-05-13,2026-05-13 09:31:11 EDT,8,NVDA,Nvidia Corporation,147737923,2.29,225.83,227.84,221.57,2.8400000000000003,0.0061,5487669000000
2026-05-13,2026-05-13 09:31:11 EDT,9,NOK,Nokia,145050934,11.73,14.72,14.83,13.47,10.33,0.0259,82296758242
2026-05-13,2026-05-13 09:31:11 EDT,10,EOSE,Eos Energy Enterprises Inc,127205840,2.22,8.28,9.95,8.19,21.73,0.3747,2811083366
2026-05-13,2026-05-13 09:31:11 EDT,11,INTC,Intel Corp,113693101,-0.27,120.29,125.0,116.41,7.12,0.0226,604577540000
2026-05-13,2026-05-13 09:31:11 EDT,12,SRXH,SRX Health Solutions Inc,104580422,26.340000000000003,0.1511,0.154,0.12,28.43,0.1899,83203180
2026-05-13,2026-05-13 09:31:11 EDT,13,TDIC,Dreamland Limited,102708265,876.6899999999999,23.05,30.0,2.92,1147.46,3.6943,640829231
2026-05-13,2026-05-13 09:31:11 EDT,14,GDC,GD CULTURE GROUP LTD,96969279,10.09,0.155,0.175,0.14,24.86,1.5959,9417755
2026-05-13,2026-05-13 09:31:11 EDT,15,HUBC,Hub Cyber Security Israel Ltd,92698410,-15.72,0.1469,0.1685,0.1309,21.57,72.3047,188333
2026-05-13,2026-05-13 09:31:11 EDT,16,AIIO,Robo.ai Inc,80952268,103.91,2.61,2.79,1.4,108.59,4.0919,51635010
2026-05-13,2026-05-13 09:31:11 EDT,17,AEHL,Antelope Enterprise Hldgs Ltd,73456295,71.56,3.62,4.24,2.65,75.36,15.136,17568127
2026-05-13,2026-05-13 09:31:11 EDT,18,TSLA,Tesla Inc,66389281,2.73,445.27,453.4,430.21,5.35,0.0177,1672311168040
2026-05-13,2026-05-13 09:31:11 EDT,19,VNET,VNET GROUP INC,63887178,25.06,11.28,12.02,10.93,12.08,0.2244,3211321733
2026-05-13,2026-05-13 09:31:11 EDT,20,APLS,Apellis Pharmace,63464775,-0.06999999999999999,41.03,41.07,41.03,0.1,0.4957,5252712995
2026-05-13,2026-05-13 09:31:11 EDT,21,QS,Quantumscape Corp,59143273,2.85,8.66,8.98,7.92,12.590000000000002,0.0961,5327156358
2026-05-13,2026-05-13 09:31:11 EDT,22,SOFI,Sofi Technologies Inc,58175677,-3.71,15.31,15.7,15.22,3.05,0.0454,19638767772
2026-05-13,2026-05-13 09:31:11 EDT,23,AUR,Aurora Innovation Inc,57933870,16.34,8.4,8.57,7.18,19.18,0.0295,16474105947
2026-05-13,2026-05-13 09:31:11 EDT,24,NIO,Nio Inc.,56529872,7.57,6.54,6.58,6.06,8.55,0.0226,16387062323
2026-05-13,2026-05-13 09:31:11 EDT,25,FCHL,FITNESS CHAMPS HLDGS LTD,54777624,52.629999999999995,2.03,2.32,1.73,44.36,43.7854,2539627
2026-05-13,2026-05-13 09:31:11 EDT,26,PLTR,Palantir Technologies Inc,54392271,-4.37,130.05,136.99,128.75,6.0600000000000005,0.0227,311770422608
2026-05-13,2026-05-13 09:31:11 EDT,27,NU,Nu Hldgs Ltd,53645796,-3.4299999999999997,12.82,13.27,12.77,3.81,0.011,62288579273
2026-05-13,2026-05-13 09:31:11 EDT,28,MU,Micron Technology Inc,53636593,4.83,803.63,814.95,779.47,4.63,0.0476,906280915405
2026-05-13,2026-05-13 09:31:11 EDT,29,GRAB,Grab Holdings Limited,50536298,-0.27,3.63,3.68,3.56,3.3000000000000003,0.0124,14846700000
2026-05-13,2026-05-13 09:31:11 EDT,30,AAPL,Apple Inc,50448193,1.38,298.87,300.92,293.56,2.5,0.0034,4389610087720
2026-05-13,2026-05-13 09:31:11 EDT,31,IREN,IREN Ltd,48790334,-2.46,55.17,57.59,53.7,6.88,0.1365,19716581444
2026-05-13,2026-05-13 09:31:11 EDT,32,ONDS,Ondas Holdings Inc.,48243722,-1.9900000000000002,8.86,9.18,8.67,5.64,0.0984,4342092958
2026-05-13,2026-05-13 09:31:11 EDT,33,POET,Poet Technologies Inc,47209915,4.66,14.37,14.75,12.94,13.18,0.3091,2194459685
2026-05-13,2026-05-13 09:31:11 EDT,34,ACHR,Archer Aviation Inc,44558224,2.11,6.53,6.75,6.24,7.9799999999999995,0.0587,4956377008
2026-05-13,2026-05-13 09:31:11 EDT,35,SLNH,SOLUNA HOLDINGS INC,43134790,21.349999999999998,2.16,2.19,1.64,30.9,0.3775,246818890
2026-05-13,2026-05-13 09:31:11 EDT,36,PATH,Uipath Inc,43012350,-5.4399999999999995,9.47,9.99,9.32,6.74,0.0821,4958920518
2026-05-13,2026-05-13 09:31:11 EDT,37,SNAP,Snap Inc,40487498,0.72,5.59,5.68,5.31,6.67,0.0244,9263529621
2026-05-13,2026-05-13 09:31:11 EDT,38,RXT,"Rackspace Technology, Inc.",39335464,-8.85,5.77,6.72,5.57,18.25,0.1578,1438013819
2026-05-13,2026-05-13 09:31:11 EDT,39,BABA,Alibaba Group Hldg Ltd,39179074,8.260000000000002,145.91,146.87,130.37,12.24,0.0163,350045457725
2026-05-13,2026-05-13 09:31:11 EDT,40,REI,Ring Energy,39058640,-28.93,1.265,1.41,1.25,8.99,0.1865,264902612
2026-05-13,2026-05-13 09:31:11 EDT,41,BBAI,BIGBEAR AI HLDGS INC,38656952,0.48,4.21,4.34,4.063,6.619999999999999,0.0807,2016377184
2026-05-13,2026-05-13 09:31:11 EDT,42,NVTS,Navitas Semiconductor Corp,38607614,9.969999999999999,21.17,21.68,19.65,10.54,0.1652,4947707724
2026-05-13,2026-05-13 09:31:11 EDT,43,NBIS,Nebius Group,37913638,15.72,207.27,217.34,195.0,12.47,0.1493,52625478670
2026-05-13,2026-05-13 09:31:11 EDT,44,VALE,Vale S A,37397862,-1.06,16.85,17.28,16.8,2.82,0.0088,71836071069
2026-05-13,2026-05-13 09:31:11 EDT,45,AMZN,Amazon Com,37334038,1.6199999999999999,270.13,270.72,263.2,2.83,0.0035,2905817971946
2026-05-13,2026-05-13 09:31:11 EDT,46,PFE,Pfizer,37213442,0.33,25.96,26.09,25.64,1.7399999999999998,0.0065,147929073406
2026-05-13,2026-05-13 09:31:11 EDT,47,AAL,American Airline,37022869,0.16,12.71,12.77,12.56,1.69,0.056,8406205091
2026-05-13,2026-05-13 09:31:11 EDT,48,QUBT,Quantum Computing Inc,35756395,-6.370000000000001,11.03,11.72,10.85,7.430000000000001,0.1585,2487509171
2026-05-13,2026-05-13 09:31:11 EDT,49,JD,Jd.Com Inc,34709944,7.24,33.77,34.3,32.41,5.99,0.0253,46298670000
2026-05-13,2026-05-13 09:31:11 EDT,50,FRVO,Fervo Energy Co.,34662657,35.33,36.54,38.4,36.0,8.89,0.1222,10361367647
2026-05-13,2026-05-13 09:31:11 EDT,51,T,At&T,33589584,-1.94,24.74,25.55,24.73,3.27,0.0048,171901902777
2026-05-13,2026-05-13 09:31:11 EDT,52,BYND,Beyond Meat,33499956,-1.81,0.7804,0.794,0.7646,3.6999999999999997,0.065,402173202
2026-05-13,2026-05-13 09:31:11 EDT,53,RCAT,Red Cat Hldgs Inc,33416269,-14.78,9.4,9.67,9.11,5.08,0.2722,1153778193
2026-05-13,2026-05-13 09:31:11 EDT,54,WOLF,Wolfspeed Inc,33336251,16.400000000000002,62.61,73.54,58.6,27.810000000000002,0.6896,3026509861
2026-05-13,2026-05-13 09:31:11 EDT,55,CMCSA,Comcast Corp,33285578,0.16,24.94,25.08,24.53,2.19,0.0093,89091380211
2026-05-13,2026-05-13 09:31:11 EDT,56,JOBY,Joby Aviation Inc,32644090,5.58,11.08,11.19,10.18,9.629999999999999,0.0332,10893844585
2026-05-13,2026-05-13 09:31:11 EDT,57,CSCO,Cisco Sys Inc,32044621,2.6,101.87,102.01,99.29,2.74,0.0081,402375604188
2026-05-13,2026-05-13 09:31:11 EDT,58,KEEL,Keel Infrastructure Corp,31944617,1.97,4.15,4.29,3.84,11.06,0.053,2501808874
2026-05-13,2026-05-13 09:31:11 EDT,59,VG,"Venture Global, Inc.",31365636,-2.19,12.98,14.01,12.97,7.870000000000001,0.0126,32223740181
2026-05-13,2026-05-13 09:31:11 EDT,60,MRVL,Marvell Technology Inc,31235923,8.18,177.95,182.31,168.91,8.15,0.0357,155609844697
2026-05-13,2026-05-13 09:31:11 EDT,61,MARA,MARA Holdings Inc,30568180,0.24,12.75,13.09,12.29,6.29,0.0802,4860265116
2026-05-13,2026-05-13 09:31:11 EDT,62,OPEN,Opendoor Technologies Inc,30553307,-2.76,4.58,4.87,4.535,7.109999999999999,0.0317,4418493774
2026-05-13,2026-05-13 09:31:11 EDT,63,DVLT,Datavault AI Inc,30520830,-3.74,0.5379,0.5675,0.5379,5.3,0.0357,460206797
2026-05-13,2026-05-13 09:31:11 EDT,64,SLS,Sellas Life Sciences Group Inc,30378241,25.1,6.53,6.72,5.69,19.830000000000002,0.1646,1204997708
2026-05-13,2026-05-13 09:31:11 EDT,65,NFLX,Netflix Inc,30249695,-0.11,87.56,88.62,86.28,2.67,0.0072,368697519111
2026-05-13,2026-05-13 09:31:11 EDT,66,AMD,Advanced Micro Devices Inc,30090060,-0.62,445.5,459.5,432.65,5.99,0.0185,726432584674
2026-05-13,2026-05-13 09:31:11 EDT,67,RDW,Redwire Corporation,29391161,-0.7799999999999999,11.47,11.79,10.91,7.61,0.1478,2281538134
2026-05-13,2026-05-13 09:31:11 EDT,68,RIVN,"Rivian Automotive, Inc. / De",29093367,2.29,14.27,14.68,13.87,5.81,0.0231,17986235838
2026-05-13,2026-05-13 09:31:11 EDT,69,BAC,Bank of America Corp,29014801,-1.8599999999999999,49.84,50.78,49.8,1.9300000000000002,0.0041,353658595092
2026-05-13,2026-05-13 09:31:11 EDT,70,ALIT,Alight Inc.,28583703,9.09,0.7921,0.7961,0.6822,15.690000000000001,0.0532,425549373
2026-05-13,2026-05-13 09:31:11 EDT,71,RKT,Rocket Companies Inc,28360705,-6.550000000000001,13.83,14.56,13.8,5.140000000000001,0.01,39125839238
2026-05-13,2026-05-13 09:31:11 EDT,72,SMR,NuScale Power Corporation,27704295,-0.33,11.96,12.44,11.74,5.83,0.0758,4371154625
2026-05-13,2026-05-13 09:31:11 EDT,73,OCG,Oriental Culture Holding Ltd,27646410,26.88,2.36,2.74,2.2,29.03,14.2591,4575716
2026-05-13,2026-05-13 09:31:11 EDT,74,RR,Richtech Robotics Inc-B,27585048,9.73,2.82,3.035,2.545,19.07,0.1234,630540643
2026-05-13,2026-05-13 09:31:11 EDT,75,MSFT,Microsoft Corp,27576827,-0.63,405.21,406.31,401.03,1.29,0.0037,3010076026407
2026-05-13,2026-05-13 09:31:11 EDT,76,ABEV,Ambev,27495971,-3.53,3.145,3.29,3.135,4.75,0.0018,49051602630
2026-05-13,2026-05-13 09:31:11 EDT,77,ALHC,"Alignment Healthcare, Inc.",27385301,-0.6,18.27,18.72,18.01,3.8600000000000003,0.1325,3777026946
2026-05-13,2026-05-13 09:31:11 EDT,78,RELY,"Remitly Global, Inc.",27348272,-0.45999999999999996,23.75,24.14,23.23,3.81,0.1299,5000825626
2026-05-13,2026-05-13 09:31:11 EDT,79,GOOGL,Alphabet Inc,27335863,3.94,402.62,403.7,385.01,4.82,0.0023,4878143920000
2026-05-13,2026-05-13 09:31:11 EDT,80,CIFR,Cipher Digital Inc,27332966,5.88,21.24,21.61,19.7,9.520000000000001,0.0668,8688204944
2026-05-13,2026-05-13 09:31:11 EDT,81,LCID,Lucid Group Inc,27281548,6.32,6.39,6.72,5.83,14.89,0.0699,2493741003
2026-05-13,2026-05-13 09:31:11 EDT,82,BTBT,Bit Digital Inc,27088904,3.5700000000000003,2.03,2.05,1.93,6.12,0.0829,662951754
2026-05-13,2026-05-13 09:31:11 EDT,83,RGTI,Rigetti Computing Inc,26988423,-3.4299999999999997,18.42,19.17,17.89,6.710000000000001,0.0812,6120143266
2026-05-13,2026-05-13 09:31:11 EDT,84,HPE,Hewlett Packard Enterprise Co,26452075,6.1899999999999995,32.09,32.53,30.17,7.8100000000000005,0.0199,42578747716
2026-05-13,2026-05-13 09:31:11 EDT,85,RKLB,Rocket Lab Usa Inc,26284841,5.609999999999999,124.15,127.22,116.89,8.790000000000001,0.0454,71851935408
2026-05-13,2026-05-13 09:31:11 EDT,86,QCOM,Qualcomm Inc,26039207,1.3599999999999999,213.17,219.49,207.15,5.87,0.0247,224681180000
2026-05-13,2026-05-13 09:31:11 EDT,87,HUMA,Humacyte Inc,25975341,24.18,1.13,1.18,0.86,35.160000000000004,0.117,250881592
2026-05-13,2026-05-13 09:31:11 EDT,88,SOUN,SOUNDHOUND AI INC,25884021,4.47,8.42,8.6,7.87,9.06,0.0598,3643920326
2026-05-13,2026-05-13 09:31:11 EDT,89,QBTS,D Wave Quantum,25415913,-4.16,21.42,22.38,20.7,7.5200000000000005,0.0692,7866501940
2026-05-13,2026-05-13 09:31:11 EDT,90,DGXX,Digi Power X Inc,25352965,0.83,8.46,9.2,7.71,17.76,0.345,621753148
2026-05-13,2026-05-13 09:31:11 EDT,91,RIG,Transocean,25319135,1.4500000000000002,6.64,6.67,6.5,2.6,0.0227,7407587202
2026-05-13,2026-05-13 09:31:11 EDT,92,HIMS,Hims & Hers Health Inc,25228852,-3.58,24.14,24.89,23.26,6.510000000000001,0.109,5586231468
2026-05-13,2026-05-13 09:31:11 EDT,93,GERN,Geron Corp,25129423,0.7100000000000001,1.41,1.45,1.4,3.5700000000000003,0.0392,904544573
2026-05-13,2026-05-13 09:31:11 EDT,94,SMCI,Super Micro Computer Inc,25124486,-2.41,32.0,33.0,31.78,3.74,0.0418,19215422464
2026-05-13,2026-05-13 09:31:11 EDT,95,FLNC,"Fluence Energy, Inc.",25114250,3.85,22.1,22.66,19.67,14.05,0.1363,4073266138
2026-05-13,2026-05-13 09:31:11 EDT,96,BMNR,Bitmine Immersion Technologies Inc,25108946,-2.33,21.17,21.69,21.03,3.02,0.0467,11378913954
2026-05-13,2026-05-13 09:31:11 EDT,97,IAUX,I-80 Gold,24408193,-1.5699999999999998,1.565,1.65,1.53,7.55,0.0284,1346762543
2026-05-13,2026-05-13 09:31:11 EDT,98,KVUE,Kenvue Inc.,24397515,-0.42,17.19,17.37,17.11,1.48,0.0127,33004949002
2026-05-13,2026-05-13 09:31:11 EDT,99,IONQ,Ionq Inc,23729134,-1.11,55.24,56.18,52.94,5.800000000000001,0.0636,20619431927
2026-05-13,2026-05-13 09:31:11 EDT,100,HBAN,Huntington Bancshares Inc,23615208,-3.09,15.35,15.78,15.34,2.81,0.0117,31116454510
2026-05-14,2026-05-14 09:31:07 EDT,1,CREG,Smart Powerr,503126556,257.15,0.7143,0.9099,0.21,349.95,21.9141,16399705
2026-05-14,2026-05-14 09:31:07 EDT,2,ALP,Alpha Compute Corp,319412245,23.18,0.33,0.4314,0.3134,44.05,13.63,7733414
2026-05-14,2026-05-14 09:31:07 EDT,3,SNAL,"Snail, Inc.",273321354,115.10000000000001,1.08,1.67,1.06,121.49000000000001,6.4127,46031762
2026-05-14,2026-05-14 09:31:07 EDT,4,QUCY,Quantum Cyber N.V.,264681834,123.88,3.0,3.97,1.63,174.63,21.1488,37546008
2026-05-14,2026-05-14 09:31:07 EDT,5,ONDS,Ondas Holdings Inc.,240393878,26.52,11.21,11.73,9.6,24.04,0.4905,5493776756
2026-05-14,2026-05-14 09:31:07 EDT,6,F,Ford Mtr Co Del,184811931,6.6000000000000005,14.47,14.94,13.64,9.58,0.0464,57658502356
2026-05-14,2026-05-14 09:31:07 EDT,7,NVDA,Nvidia Corporation,175333425,4.390000000000001,235.74,236.54,229.31,3.2,0.0072,5709746616541
2026-05-14,2026-05-14 09:31:07 EDT,8,AIIO,Robo.ai Inc,160578241,116.09,5.64,9.2,3.26,227.59,8.1168,111579103
2026-05-14,2026-05-14 09:31:07 EDT,9,MOBX,Mobix Labs Inc,156874611,78.74,3.11,4.25,2.49,101.15,14.7374,33105471
2026-05-14,2026-05-14 09:31:07 EDT,10,EZGO,Ezgo Technologies Ltd,155820606,-16.82,0.0267,0.0289,0.024,15.260000000000002,7.461,557622
2026-05-14,2026-05-14 09:31:07 EDT,11,HAO,Haoxi Health Technology Limited,137262258,-23.77,0.0263,0.0281,0.0233,13.91,0.6667,5414885
2026-05-14,2026-05-14 09:31:07 EDT,12,NOK,Nokia,134627523,-1.72,14.45,15.19,14.3,6.05,0.0241,80814689541
2026-05-14,2026-05-14 09:31:07 EDT,13,SRXH,SRX Health Solutions Inc,129227454,-9.77,0.1355,0.1693,0.132,24.8,0.2347,74613043
2026-05-14,2026-05-14 09:31:07 EDT,14,POET,Poet Technologies Inc,121159066,43.15,20.57,20.81,17.39,23.830000000000002,0.7935,3141269013
2026-05-14,2026-05-14 09:31:07 EDT,15,INTC,Intel Corp,114162488,-3.62,115.93,118.57,113.17,4.49,0.0227,582664180000
2026-05-14,2026-05-14 09:31:07 EDT,16,DXF,Eason Technology,94449990,130.20000000000002,1.77,1.99,1.15,110.5,32.4593,5150397
2026-05-14,2026-05-14 09:31:07 EDT,17,PLUG,Plug Power,90843554,-4.29,3.79,3.92,3.69,5.81,0.0651,5286388914
2026-05-14,2026-05-14 09:31:07 EDT,18,NU,Nu Hldgs Ltd,73999257,0.47000000000000003,12.88,13.17,12.84,2.5700000000000003,0.0152,62604518224
2026-05-14,2026-05-14 09:31:07 EDT,19,CSCO,Cisco Sys Inc,70215762,13.41,115.53,119.36,113.97,5.29,0.0178,456331143142
2026-05-14,2026-05-14 09:31:07 EDT,20,SOFI,Sofi Technologies Inc,67501133,4.64,16.02,16.07,15.23,5.45,0.0526,20549514024
2026-05-14,2026-05-14 09:31:07 EDT,21,RDW,Redwire Corporation,66817716,22.16,13.99,14.6,11.96,23.080000000000002,0.3359,2782873004
2026-05-14,2026-05-14 09:31:07 EDT,22,DVLT,Datavault AI Inc,63306796,8.959999999999999,0.5861,0.5993,0.5388,11.25,0.074,501444885
2026-05-14,2026-05-14 09:31:07 EDT,23,AAL,American Airline,61310884,-0.08,12.7,12.95,12.6,2.75,0.0927,8399591239
2026-05-14,2026-05-14 09:31:07 EDT,24,YOOV,Concorde International Group Limited,60699573,76.17,1.22,1.85,0.98,125.63,0.2674,276922270
2026-05-14,2026-05-14 09:31:07 EDT,25,IREN,IREN Ltd,57294007,5.8500000000000005,58.4,60.18,54.0,11.200000000000001,0.1603,20870914561
2026-05-14,2026-05-14 09:31:07 EDT,26,FRMI,Fermi Inc.,56389756,22.830000000000002,7.37,7.74,5.85,31.5,0.0884,4698922141
2026-05-14,2026-05-14 09:31:07 EDT,27,SNAP,Snap Inc,55987631,-4.37,5.37,5.52,5.18,6.0600000000000005,0.0338,8890668410
2026-05-14,2026-05-14 09:31:07 EDT,28,TDIC,Dreamland Limited,50550724,-96.53,0.8,22.73,0.8,95.14,1.104,36641361
2026-05-14,2026-05-14 09:31:07 EDT,29,MARA,MARA Holdings Inc,49684000,4.24,13.29,13.7,12.45,9.8,0.1303,5066111638
2026-05-14,2026-05-14 09:31:07 EDT,30,AUR,Aurora Innovation Inc,49537315,-2.62,8.18,8.48,8.04,5.24,0.0253,16042641268
2026-05-14,2026-05-14 09:31:07 EDT,31,WOK,WORK Medical Technology Group LTD,47122422,-52.900000000000006,1.3,2.32,1.29,37.32,27.3258,2241985
2026-05-14,2026-05-14 09:31:07 EDT,32,KEEL,Keel Infrastructure Corp,46875216,11.08,4.61,4.66,4.05,14.7,0.0778,2779117810
2026-05-14,2026-05-14 09:31:07 EDT,33,EOSE,Eos Energy Enterprises Inc,46695203,-1.3299999999999998,8.17,8.5,7.41,13.16,0.1375,2773738055
2026-05-14,2026-05-14 09:31:07 EDT,34,BTBT,Bit Digital Inc,46552078,4.93,2.13,2.22,1.89,16.259999999999998,0.1425,695609476
2026-05-14,2026-05-14 09:31:07 EDT,35,ACHR,Archer Aviation Inc,46374172,-1.53,6.42,6.56,6.11,6.9,0.0611,4876619217
2026-05-14,2026-05-14 09:31:07 EDT,36,EDBL,Edible Garden AG Inc,46043611,9.9,0.412,0.4907,0.3824,28.89,8.8313,2148040
2026-05-14,2026-05-14 09:31:07 EDT,37,TSLA,Tesla Inc,45004307,-0.44,443.3,451.97,441.16,2.4299999999999997,0.012,1664912392014
2026-05-14,2026-05-14 09:31:07 EDT,38,OPEN,Opendoor Technologies Inc,42075616,-2.4,4.47,4.65,4.425,4.91,0.0436,4312372745
2026-05-14,2026-05-14 09:31:07 EDT,39,MU,Micron Technology Inc,41991091,-3.44,776.01,812.0,775.63,4.53,0.0372,875132900916
2026-05-14,2026-05-14 09:31:07 EDT,40,GRAB,Grab Holdings Limited,41491890,-1.6500000000000001,3.57,3.62,3.55,1.9300000000000002,0.0101,14601300000
2026-05-14,2026-05-14 09:31:07 EDT,41,DGXX,Digi Power X Inc,40835182,-14.66,7.22,9.08,6.92,25.590000000000003,0.5556,530621481
2026-05-14,2026-05-14 09:31:07 EDT,42,LESL,"Leslie'S, Inc.",40478754,144.76,3.5,4.75,1.67,215.38,4.3448,32608012
2026-05-14,2026-05-14 09:31:07 EDT,43,NVTS,Navitas Semiconductor Corp,39698118,5.43,22.32,23.39,20.4,14.149999999999999,0.1699,5216477865
2026-05-14,2026-05-14 09:31:07 EDT,44,RXT,"Rackspace Technology, Inc.",39128334,26.340000000000003,7.29,7.65,5.36,39.69,0.157,1816832017
2026-05-14,2026-05-14 09:31:07 EDT,45,AEHL,Antelope Enterprise Hldgs Ltd,38796866,25.14,4.53,5.89,2.35,97.78999999999999,7.9943,21984425
2026-05-14,2026-05-14 09:31:07 EDT,46,BBAI,BIGBEAR AI HLDGS INC,37014180,3.92,4.375,4.38,4.12,6.18,0.0773,2095403843
2026-05-14,2026-05-14 09:31:07 EDT,47,BMNR,Bitmine Immersion Technologies Inc,36949664,3.8699999999999997,22.0,22.65,20.69,9.25,0.0687,11827834018
2026-05-14,2026-05-14 09:31:07 EDT,48,BAC,Bank of America Corp,36773052,0.02,49.85,50.47,49.49,1.97,0.0052,353765043952
2026-05-14,2026-05-14 09:31:07 EDT,49,PLTR,Palantir Technologies Inc,36571402,2.83,133.73,134.48,129.46,3.8600000000000003,0.0153,320592530684
2026-05-14,2026-05-14 09:31:07 EDT,50,QUBT,Quantum Computing Inc,36562964,6.35,11.73,12.32,10.55,16.05,0.1621,2645374667
2026-05-14,2026-05-14 09:31:07 EDT,51,NIO,Nio Inc.,36119285,-4.279999999999999,6.26,6.5,6.21,4.36,0.0144,15672947222
2026-05-14,2026-05-14 09:31:07 EDT,52,BYND,Beyond Meat,35980014,3.08,0.8044,0.8099,0.756,6.909999999999999,0.0698,414541420
2026-05-14,2026-05-14 09:31:07 EDT,53,HPE,Hewlett Packard Enterprise Co,34309793,6.41,34.13,34.7,33.24,4.54,0.0259,45278895787
2026-05-14,2026-05-14 09:31:07 EDT,54,RGTI,Rigetti Computing Inc,33599353,4.64,19.27,19.84,17.83,10.92,0.1011,6404298709
2026-05-14,2026-05-14 09:31:07 EDT,55,AAPL,Apple Inc,33545625,-0.22,298.21,300.35,295.38,1.66,0.0023,4379916432760
2026-05-14,2026-05-14 09:31:07 EDT,56,SLNH,SOLUNA HOLDINGS INC,32781878,0.0,2.16,2.33,2.03,13.88,0.2319,305309638
2026-05-14,2026-05-14 09:31:07 EDT,57,T,At&T,32593832,-0.32,24.66,24.98,24.65,1.3299999999999998,0.0047,171346035671
2026-05-14,2026-05-14 09:31:07 EDT,58,CBRS,CEREBRAS SYSTEMS INC,32562548,68.15,311.07,385.0,300.0,45.95,0.1513,66951142248
2026-05-14,2026-05-14 09:31:07 EDT,59,FIG,Figma,32489067,6.859999999999999,20.24,20.45,19.05,7.39,0.0617,10665930787
2026-05-14,2026-05-14 09:31:07 EDT,60,MRVL,Marvell Technology Inc,32400439,2.6,182.58,192.15,177.33,8.33,0.0371,159658586372
2026-05-14,2026-05-14 09:31:07 EDT,61,LNKS,Linkers,32203269,20.74,1.63,2.45,1.14,97.04,20.0442,2618779
2026-05-14,2026-05-14 09:31:07 EDT,62,SMCI,Super Micro Computer Inc,32125911,3.2199999999999998,33.03,33.81,31.52,7.16,0.0534,19864852460
2026-05-14,2026-05-14 09:31:07 EDT,63,CMCSA,Comcast Corp,31793771,0.9199999999999999,25.17,25.55,24.91,2.59,0.0089,89912992779
2026-05-14,2026-05-14 09:31:07 EDT,64,ALIT,Alight Inc.,30096983,0.97,0.8008,0.8247,0.7524,9.13,0.056,430223378
2026-05-14,2026-05-14 09:31:07 EDT,65,LUMN,Lumen Technologies Inc,30015719,9.89,10.33,11.29,9.46,19.470000000000002,0.0291,10643113353
2026-05-14,2026-05-14 09:31:07 EDT,66,QS,Quantumscape Corp,29687292,-0.69,8.6,8.89,8.23,7.62,0.0483,5290247653
2026-05-14,2026-05-14 09:31:07 EDT,67,AMZN,Amazon Com,29187898,-1.08,267.22,270.78,266.63,1.54,0.0027,2874514783487
2026-05-14,2026-05-14 09:31:07 EDT,68,NBIS,Nebius Group,29010616,6.7,221.15,233.73,207.75,12.53,0.1143,56149585603
2026-05-14,2026-05-14 09:31:07 EDT,69,GDC,GD CULTURE GROUP LTD,28760792,-8.39,0.142,0.15,0.1386,7.35,0.4734,8627878
2026-05-14,2026-05-14 09:31:07 EDT,70,NFLX,Netflix Inc,28728339,-0.7100000000000001,86.94,88.5,86.66,2.11,0.0068,366086824024
2026-05-14,2026-05-14 09:31:07 EDT,71,JBLU,Jetblue Awys Corp,28674277,3.83,4.88,4.94,4.625,6.710000000000001,0.0771,1815452202
2026-05-14,2026-05-14 09:31:07 EDT,72,RIG,Transocean,28553963,4.38,6.91,6.93,6.6,4.9799999999999995,0.0256,7709026320
2026-05-14,2026-05-14 09:31:07 EDT,73,PATH,Uipath Inc,28401716,1.95,9.66,9.83,9.2,6.65,0.0546,5024880998
2026-05-14,2026-05-14 09:31:07 EDT,74,QBTS,D Wave Quantum,28025501,3.3099999999999996,22.15,22.52,20.39,9.93,0.0763,8134594676
2026-05-14,2026-05-14 09:31:07 EDT,75,SMR,NuScale Power Corporation,27906052,0.96,12.08,12.33,11.4,7.7299999999999995,0.0764,4413184958
2026-05-14,2026-05-14 09:31:07 EDT,76,JOBY,Joby Aviation Inc,27663021,-3.75,10.65,11.04,10.27,6.959999999999999,0.0281,10470878159
2026-05-14,2026-05-14 09:31:07 EDT,77,HOOD,"Robinhood Markets, Inc.",27270748,5.1499999999999995,80.7,81.93,75.11,8.89,0.0303,72670758099
2026-05-14,2026-05-14 09:31:07 EDT,78,CIFR,Cipher Digital Inc,27207839,4.9399999999999995,22.29,22.52,20.66,8.73,0.0665,9117706601
2026-05-14,2026-05-14 09:31:07 EDT,79,MVIS,Microvision,27128652,-21.12,0.5995,0.725,0.5806,19.0,0.083,196026144
2026-05-14,2026-05-14 09:31:07 EDT,80,KLAR,Klarna Group plc,27090572,20.31,16.46,16.49,14.96,11.14,0.0384,11614908453
2026-05-14,2026-05-14 09:31:07 EDT,81,ASTS,Ast Spacemobile Inc,26929427,10.96,83.01,84.51,74.55,13.309999999999999,0.0694,32218220721
2026-05-14,2026-05-14 09:31:07 EDT,82,CRWV,"CoreWeave, Inc.",26874810,2.6100000000000003,114.22,118.21,110.06,7.32,0.0493,62312317068
2026-05-14,2026-05-14 09:31:07 EDT,83,IONQ,Ionq Inc,26099879,4.16,57.56,58.18,53.92,7.71,0.0699,21485418206
2026-05-14,2026-05-14 09:31:07 EDT,84,YMAT,J-Star Holding,26087285,118.87,1.87,2.21,0.7721,168.29000000000002,1.3014,37494464
2026-05-14,2026-05-14 09:31:07 EDT,85,AMD,Advanced Micro Devices Inc,25899889,0.9400000000000001,449.7,453.31,435.69,3.9600000000000004,0.0159,733281107358
2026-05-14,2026-05-14 09:31:07 EDT,86,DOCS,Doximity Inc,25426715,-23.04,18.0,18.39,17.15,5.3,0.1377,3324761244
2026-05-14,2026-05-14 09:31:07 EDT,87,NOW,Servicenow Inc,25295609,3.9899999999999998,90.53,92.0,85.44,7.539999999999999,0.0245,93331275000
2026-05-14,2026-05-14 09:31:07 EDT,88,MSFT,Microsoft Corp,25087288,1.04,409.43,411.84,400.88,2.7,0.0034,3041424020858
2026-05-14,2026-05-14 09:31:07 EDT,89,RKLB,Rocket Lab Usa Inc,24878003,6.77,132.55,133.18,121.31,9.56,0.043,76713443724
2026-05-14,2026-05-14 09:31:07 EDT,90,QCOM,Qualcomm Inc,24276652,-6.140000000000001,200.08,209.44,199.66,4.590000000000001,0.023,210884320000
2026-05-14,2026-05-14 09:31:07 EDT,91,PFE,Pfizer,23989878,-0.77,25.76,26.1,25.72,1.46,0.0042,146817681793
2026-05-14,2026-05-14 09:31:07 EDT,92,LYG,Lloyds Banking,23906444,-0.38999999999999996,5.16,5.26,5.12,2.8000000000000003,0.0016,75287251612
2026-05-14,2026-05-14 09:31:07 EDT,93,SIDU,Sidus Space Inc,23795248,12.27,3.66,3.82,3.19,19.33,0.2943,295965365
2026-05-14,2026-05-14 09:31:07 EDT,94,CRCL,CIRCLE INTERNET GROUP INC,23181839,-2.1999999999999997,123.78,132.44,118.36,11.12,0.0933,30768740993
2026-05-14,2026-05-14 09:31:07 EDT,95,SANA,"Sana Biotechnology, Inc.",22767608,-1.87,3.14,3.28,3.08,6.25,0.0818,873835592
2026-05-14,2026-05-14 09:31:07 EDT,96,DNN,Denison Mines,22721900,-2.92,3.485,3.598,3.39,5.779999999999999,0.0251,3150495634
2026-05-14,2026-05-14 09:31:07 EDT,97,CCL,Carnival Corporation Ltd.,22605391,0.6799999999999999,25.2,26.04,25.19,3.4000000000000004,0.0182,31222805342
2026-05-14,2026-05-14 09:31:07 EDT,98,WULF,Terawulf Inc,22431387,4.54,24.17,24.33,22.88,6.2700000000000005,0.0453,11977024029
2026-05-14,2026-05-14 09:31:07 EDT,99,ORCL,Oracle Corp,22213771,3.1199999999999997,195.68,200.71,185.45,8.04,0.0077,562784681280
2026-05-14,2026-05-14 09:31:07 EDT,100,KVUE,Kenvue Inc.,22167344,-0.03,17.19,17.31,17.1,1.22,0.0115,32995348959
2026-05-15,2026-05-15 09:31:09 EDT,1,HCWB,Hcw Biologics Inc.,383842995,262.02,1.22,1.42,0.991,127.3,57.0001,8215606
2026-05-15,2026-05-15 09:31:09 EDT,2,MRNO,Murano Global Investments,320597845,94.24,0.5664,0.82,0.4077,141.39,4.0421,44924390
2026-05-15,2026-05-15 09:31:09 EDT,3,HUBC,Hub Cyber Security Israel Ltd,264000533,-8.74,0.1368,0.3148,0.1275,124.95,205.9203,175384
2026-05-15,2026-05-15 09:31:09 EDT,4,EZGO,Ezgo Technologies Ltd,244082362,-32.58,0.018,0.02,0.0167,12.36,11.6871,375925
2026-05-15,2026-05-15 09:31:09 EDT,5,NVDA,Nvidia Corporation,173665766,-4.42,225.32,231.5,224.25,3.08,0.0072,5457368743697
2026-05-15,2026-05-15 09:31:09 EDT,6,GPUS,Hyperscale Data Inc.,157616051,12.16,0.1407,0.1877,0.1185,55.36,0.3409,65061913
2026-05-15,2026-05-15 09:31:09 EDT,7,TDIC,Dreamland Limited,141506594,30.0,1.04,1.76,0.6801,134.99,3.0895,47633770
2026-05-15,2026-05-15 09:31:09 EDT,8,ONDS,Ondas Holdings Inc.,138765488,-5.26,10.62,12.12,10.5,14.45,0.2815,5234302466
2026-05-15,2026-05-15 09:31:09 EDT,9,NU,Nu Hldgs Ltd,137317368,-6.03,12.15,12.41,11.78,4.83,0.0283,59056280778
2026-05-15,2026-05-15 09:31:09 EDT,10,AUUD,Auddia Inc,136847220,60.660000000000004,1.96,2.28,1.74,44.26,66.5464,4030583
2026-05-15,2026-05-15 09:31:09 EDT,11,INTC,Intel Corp,129463101,-6.18,108.77,110.57,106.02,3.92,0.0258,546678020000
2026-05-15,2026-05-15 09:31:09 EDT,12,DVLT,Datavault AI Inc,111956975,-12.2,0.5146,0.55,0.5001,8.51,0.1309,440272202
2026-05-15,2026-05-15 09:31:09 EDT,13,NOK,Nokia,108153327,-3.53,13.95,14.06,13.62,3.04,0.0193,77990369941
2026-05-15,2026-05-15 09:31:09 EDT,14,F,Ford Mtr Co Del,107125205,-7.32,13.42,14.05,13.29,5.28,0.0269,53474575094
2026-05-15,2026-05-15 09:31:09 EDT,15,LZMH,LZ Technology Holdings Limited,99275886,19.36,0.1005,0.1596,0.078,96.91,0.5529,18046785
2026-05-15,2026-05-15 09:31:09 EDT,16,POET,Poet Technologies Inc,97825520,-22.36,15.97,20.27,15.95,21.029999999999998,0.6406,2438797576
2026-05-15,2026-05-15 09:31:09 EDT,17,PLUG,Plug Power,96754862,-0.26,3.78,3.99,3.57,11.08,0.0694,5272440658
2026-05-15,2026-05-15 09:31:09 EDT,18,HAO,Haoxi Health Technology Limited,85959876,-14.45,0.0225,0.0245,0.0206,14.829999999999998,0.4175,4632506
2026-05-15,2026-05-15 09:31:09 EDT,19,WOK,WORK Medical Technology Group LTD,82273521,-49.230000000000004,0.66,1.06,0.58,36.919999999999995,47.707,1138238
2026-05-15,2026-05-15 09:31:09 EDT,20,QUCY,Quantum Cyber N.V.,80892730,15.329999999999998,3.46,4.93,2.46,82.33,6.4635,43303062
2026-05-15,2026-05-15 09:31:09 EDT,21,FIG,Figma,76350451,13.19,22.91,23.93,21.31,12.94,0.1449,12072948337
2026-05-15,2026-05-15 09:31:09 EDT,22,EDBL,Edible Garden AG Inc,68527020,-5.489999999999999,0.3894,0.556,0.3031,61.38,13.1437,2030211
2026-05-15,2026-05-15 09:31:09 EDT,23,ALP,Alpha Compute Corp,66250211,0.0,0.33,0.3475,0.2957,15.7,2.827,7733414
2026-05-15,2026-05-15 09:31:09 EDT,24,PIII,P3 HEALTH PARTNERS INC,63873654,180.03,11.29,14.35,5.05,230.72,8.8255,81677111
2026-05-15,2026-05-15 09:31:09 EDT,25,AAPL,Apple Inc,54254716,0.6799999999999999,300.23,303.2,296.53,2.2399999999999998,0.0037,4409584891880
2026-05-15,2026-05-15 09:31:09 EDT,26,RDW,Redwire Corporation,52835703,0.36,14.05,14.57,13.46,7.93,0.2656,2794808128
2026-05-15,2026-05-15 09:31:09 EDT,27,SNAL,"Snail, Inc.",52719584,7.41,1.16,1.45,1.11,31.480000000000004,1.2369,49441522
2026-05-15,2026-05-15 09:31:09 EDT,28,TSLA,Tesla Inc,50955105,-4.75,422.24,434.66,422.0,2.86,0.0136,1585816847291
2026-05-15,2026-05-15 09:31:09 EDT,29,BMNR,Bitmine Immersion Technologies Inc,49256366,-9.68,19.87,21.33,19.86,6.68,0.0916,10682684633
2026-05-15,2026-05-15 09:31:09 EDT,30,SOFI,Sofi Technologies Inc,49216490,-2.56,15.61,15.84,15.38,2.87,0.0384,20023590132
2026-05-15,2026-05-15 09:31:09 EDT,31,MSFT,Microsoft Corp,48704991,3.05,421.92,428.16,412.92,3.7199999999999998,0.0066,3134205170311
2026-05-15,2026-05-15 09:31:09 EDT,32,IREN,IREN Ltd,47082956,-9.35,52.94,56.79,52.86,6.7299999999999995,0.1317,18919627001
2026-05-15,2026-05-15 09:31:09 EDT,33,MU,Micron Technology Inc,46818304,-6.619999999999999,724.66,749.59,719.0,3.94,0.0415,817223757397
2026-05-15,2026-05-15 09:31:09 EDT,34,PATH,Uipath Inc,46278987,6.3100000000000005,10.27,10.48,9.64,8.690000000000001,0.0889,5344953687
2026-05-15,2026-05-15 09:31:09 EDT,35,ACHR,Archer Aviation Inc,45633149,-5.6899999999999995,6.05,6.22,6.0,3.4299999999999997,0.0601,4591769964
2026-05-15,2026-05-15 09:31:09 EDT,36,SLE,Super League Gaming Inc,45147998,48.4,6.04,7.06,5.41,40.54,30.758,8865801
2026-05-15,2026-05-15 09:31:09 EDT,37,T,At&T,43984678,-2.4699999999999998,24.04,24.93,24.03,3.65,0.0063,167038065593
2026-05-15,2026-05-15 09:31:09 EDT,38,AUR,Aurora Innovation Inc,41983070,-5.75,7.71,8.0,7.64,4.3999999999999995,0.0214,15120875816
2026-05-15,2026-05-15 09:31:09 EDT,39,BAC,Bank of America Corp,41622516,-0.16999999999999998,49.77,49.99,49.3,1.38,0.0059,353197316700
2026-05-15,2026-05-15 09:31:09 EDT,40,GRAB,Grab Holdings Limited,41525946,-0.5599999999999999,3.55,3.57,3.46,3.08,0.0102,14519500000
2026-05-15,2026-05-15 09:31:09 EDT,41,SRXH,SRX Health Solutions Inc,41379423,-9.2,0.1253,0.1376,0.124,9.86,0.0751,68996416
2026-05-15,2026-05-15 09:31:09 EDT,42,RIVN,"Rivian Automotive, Inc. / De",40973186,-5.029999999999999,13.79,14.15,13.66,3.34,0.0325,17381232811
2026-05-15,2026-05-15 09:31:09 EDT,43,AMZN,Amazon Com,40183292,-1.15,264.14,264.35,260.89,1.29,0.0037,2841382886425
2026-05-15,2026-05-15 09:31:09 EDT,44,MARA,MARA Holdings Inc,39589708,-6.4,12.44,12.89,12.13,5.76,0.1039,4742093964
2026-05-15,2026-05-15 09:31:09 EDT,45,GDC,GD CULTURE GROUP LTD,39288084,3.8,0.1474,0.1577,0.13,19.509999999999998,0.6466,8955981
2026-05-15,2026-05-15 09:31:09 EDT,46,BYND,Beyond Meat,38354763,-0.01,0.8043,0.8354,0.78,6.890000000000001,0.0744,414489885
2026-05-15,2026-05-15 09:31:09 EDT,47,SNAP,Snap Inc,37836054,3.17,5.53,5.63,5.26,6.9,0.0228,9164099965
2026-05-15,2026-05-15 09:31:09 EDT,48,SLNH,SOLUNA HOLDINGS INC,37657310,2.78,2.22,2.355,1.96,18.29,0.2664,313790462
2026-05-15,2026-05-15 09:31:09 EDT,49,CSCO,Cisco Sys Inc,37624720,2.32,118.21,118.82,114.0,4.17,0.0095,466916856494
2026-05-15,2026-05-15 09:31:09 EDT,50,AAL,American Airline,36917512,-3.0700000000000003,12.31,12.6,12.28,2.48,0.0558,8141651036
2026-05-15,2026-05-15 09:31:09 EDT,51,PFE,Pfizer,36716393,-1.63,25.33,25.83,25.24,2.29,0.0064,144366920800
2026-05-15,2026-05-15 09:31:09 EDT,52,CDE,Coeur Mng Inc,36536833,-9.229999999999999,17.61,18.31,17.59,3.71,0.0353,18217734589
2026-05-15,2026-05-15 09:31:09 EDT,53,RXT,"Rackspace Technology, Inc.",35502467,-20.16,5.82,7.33,5.79,21.12,0.1425,1450474944
2026-05-15,2026-05-15 09:31:09 EDT,54,FLO,Flowers Foods Inc,35208649,-1.6400000000000001,7.19,7.44,7.11,4.5,0.1662,1523247997
2026-05-15,2026-05-15 09:31:09 EDT,55,SIDU,Sidus Space Inc,35091234,9.56,4.01,4.2,3.36,22.95,0.4339,324268064
2026-05-15,2026-05-15 09:31:09 EDT,56,NOW,Servicenow Inc,34090348,5.08,95.1,96.67,91.99,5.17,0.0331,98048100000
2026-05-15,2026-05-15 09:31:09 EDT,57,BBAI,BIGBEAR AI HLDGS INC,33345481,-6.8500000000000005,4.08,4.24,4.08,3.65,0.0696,1954113756
2026-05-15,2026-05-15 09:31:09 EDT,58,CMCSA,Comcast Corp,32841438,-1.63,24.76,25.54,24.69,3.37,0.0092,88448379071
2026-05-15,2026-05-15 09:31:09 EDT,59,BLDP,Ballard Power,32227888,7.75,4.45,4.725,3.9,19.98,0.1069,1341567528
2026-05-15,2026-05-15 09:31:09 EDT,60,KEEL,Keel Infrastructure Corp,32173729,-4.77,4.39,4.49,4.21,6.069999999999999,0.0534,2646491797
2026-05-15,2026-05-15 09:31:09 EDT,61,PLTR,Palantir Technologies Inc,31951284,0.19,133.99,135.64,132.29,2.5100000000000002,0.0133,321215831798
2026-05-15,2026-05-15 09:31:09 EDT,62,BIYA,Baiya International Group Inc,31808838,17.119999999999997,0.905,1.4,0.847,71.57,5.4033,5327664
2026-05-15,2026-05-15 09:31:09 EDT,63,BTBT,Bit Digital Inc,31384908,-15.260000000000002,1.805,1.97,1.74,10.8,0.0961,589471880
2026-05-15,2026-05-15 09:31:09 EDT,64,NVTS,Navitas Semiconductor Corp,31286826,-4.4799999999999995,21.32,21.58,19.54,9.139999999999999,0.1339,4982764699
2026-05-15,2026-05-15 09:31:09 EDT,65,RIG,Transocean,30124441,1.7399999999999998,7.03,7.06,6.74,4.62,0.027,7848581467
2026-05-15,2026-05-15 09:31:09 EDT,66,IAUX,I-80 Gold,29680388,-6.05,1.475,1.525,1.44,5.41,0.0345,1269312940
2026-05-15,2026-05-15 09:31:09 EDT,67,NFLX,Netflix Inc,29421139,0.09,87.02,89.49,86.69,3.2199999999999998,0.007,366423687906
2026-05-15,2026-05-15 09:31:09 EDT,68,UWMC,Uwm Holdings Corporation,29102202,-0.66,3.01,3.03,2.95,2.64,0.0182,4819275250
2026-05-15,2026-05-15 09:31:09 EDT,69,VALE,Vale S A,28862430,-1.51,16.33,16.35,15.87,2.9000000000000004,0.0068,69639836186
2026-05-15,2026-05-15 09:31:09 EDT,70,ABEV,Ambev,28485650,-2.3800000000000003,3.075,3.13,3.05,2.54,0.0018,47959834050
2026-05-15,2026-05-15 09:31:09 EDT,71,AMD,Advanced Micro Devices Inc,28473469,-5.6899999999999995,424.1,439.0,423.36,3.4799999999999995,0.0175,691537730999
2026-05-15,2026-05-15 09:31:09 EDT,72,XOM,Exxon Mobil,27376138,4.07,157.93,158.0,153.0,3.29,0.0066,654611505294
2026-05-15,2026-05-15 09:31:09 EDT,73,SMCI,Super Micro Computer Inc,26959512,-6.02,31.04,31.96,30.64,4.0,0.0448,18668029681
2026-05-15,2026-05-15 09:31:09 EDT,74,IONQ,Ionq Inc,26832486,-9.64,51.93,54.7,51.29,5.93,0.0719,19383908399
2026-05-15,2026-05-15 09:31:09 EDT,75,RGTI,Rigetti Computing Inc,26831768,-7.37,17.85,18.47,17.55,4.77,0.0807,5932368031
2026-05-15,2026-05-15 09:31:09 EDT,76,CSGP,Costar Group Inc,26504136,2.6100000000000003,32.68,33.02,31.92,3.45,0.0649,13345064766
2026-05-15,2026-05-15 09:31:09 EDT,77,NIO,Nio Inc.,26383853,-2.4,6.11,6.21,6.02,3.04,0.0105,15297097169
2026-05-15,2026-05-15 09:31:09 EDT,78,AIIO,Robo.ai Inc,26160882,-28.720000000000002,4.02,5.5,3.45,36.35,1.3224,79529786
2026-05-15,2026-05-15 09:31:09 EDT,79,QS,Quantumscape Corp,25832916,-6.859999999999999,8.01,8.13,7.89,2.79,0.042,4927312058
2026-05-15,2026-05-15 09:31:09 EDT,80,EOSE,Eos Energy Enterprises Inc,25357127,-3.73,7.87,8.09,7.59,6.12,0.0747,2670189695
2026-05-15,2026-05-15 09:31:09 EDT,81,NKE,Nike Inc Cl B,25316721,-0.3,41.89,42.78,41.84,2.2399999999999998,0.0171,62034357812
2026-05-15,2026-05-15 09:31:09 EDT,82,JOBY,Joby Aviation Inc,25159781,-2.54,10.37,10.58,10.04,5.08,0.0256,10200376375
2026-05-15,2026-05-15 09:31:09 EDT,83,QCOM,Qualcomm Inc,24831504,0.7000000000000001,201.49,207.4,199.16,4.12,0.0236,212370460000
2026-05-15,2026-05-15 09:31:09 EDT,84,WMT,Walmart,24720574,-0.76,131.45,133.95,130.79,2.39,0.0031,1047786703196
2026-05-15,2026-05-15 09:31:09 EDT,85,SMR,NuScale Power Corporation,24704820,-6.97,11.21,11.63,11.16,3.9,0.0676,4097043758
2026-05-15,2026-05-15 09:31:09 EDT,86,MRVL,Marvell Technology Inc,24550206,-3.1199999999999997,176.89,182.12,173.34,4.81,0.0281,154682918958
2026-05-15,2026-05-15 09:31:09 EDT,87,WULF,Terawulf Inc,23872134,-7.6499999999999995,22.32,23.12,22.05,4.41,0.0482,11060288636
2026-05-15,2026-05-15 09:31:09 EDT,88,QBTS,D Wave Quantum,23582886,-8.09,20.34,21.23,20.2,4.65,0.0642,7469871590
2026-05-15,2026-05-15 09:31:09 EDT,89,NCLH,Norwegian Cruise Line Hldg Ltd,23550418,-2.5700000000000003,15.52,15.9,15.45,2.8000000000000003,0.0513,7125389372
2026-05-15,2026-05-15 09:31:09 EDT,90,BTE,Baytex Energy,23245090,4.130000000000001,5.16,5.19,4.955,4.64,0.0318,3769693913
2026-05-15,2026-05-15 09:31:09 EDT,91,OPEN,Opendoor Technologies Inc,23231513,-2.01,4.38,4.44,4.28,3.58,0.0241,4225546448
2026-05-15,2026-05-15 09:31:09 EDT,92,VG,"Venture Global, Inc.",23130064,9.22,14.21,14.4,13.4,7.6899999999999995,0.0093,35302727606
2026-05-15,2026-05-15 09:31:09 EDT,93,RKT,Rocket Companies Inc,22946279,-6.4399999999999995,13.36,13.99,13.27,5.01,0.0081,37801181085
2026-05-15,2026-05-15 09:31:09 EDT,94,AMZE,"Amaze Holdings, Inc.",22877997,-18.77,0.1722,0.21,0.1521,27.38,0.5083,7750274
2026-05-15,2026-05-15 09:31:09 EDT,95,NBIS,Nebius Group,22696746,-0.5499999999999999,219.94,228.79,211.8,7.68,0.0894,55842368788
2026-05-15,2026-05-15 09:31:09 EDT,96,VZ,Verizon Comms,22420886,-1.4200000000000002,46.39,47.48,46.34,2.42,0.0054,193704177834
2026-05-15,2026-05-15 09:31:09 EDT,97,DGXX,Digi Power X Inc,22344775,4.43,7.54,8.04,6.8,17.169999999999998,0.304,554139331
2026-05-15,2026-05-15 09:31:09 EDT,98,CREG,Smart Powerr,22214488,-33.28,0.4766,0.5889,0.4041,25.869999999999997,0.9676,10942320
2026-05-15,2026-05-15 09:31:09 EDT,99,RKLB,Rocket Lab Usa Inc,21953656,-5.87,124.77,130.37,121.8,6.47,0.0379,72210761022
2026-05-15,2026-05-15 09:31:09 EDT,100,KVUE,Kenvue Inc.,21782412,-0.5499999999999999,17.1,17.36,16.98,2.2399999999999998,0.0113,32822548179
2026-05-18,2026-05-18 09:31:11 EDT,1,VRAX,Virax Biolabs Group Ltd,756745940,53.09,0.235,0.5335,0.225,200.98,37.9827,4682006
2026-05-18,2026-05-18 09:31:11 EDT,2,WGRX,Wellgistics Health Inc.,575387579,108.38000000000001,0.174,0.2194,0.0864,159.28,4.543,22037686
2026-05-18,2026-05-18 09:31:11 EDT,3,AIM,Aim Immunotech,467057638,57.709999999999994,0.399,0.693,0.2739,165.65,32.0704,5810842
2026-05-18,2026-05-18 09:31:11 EDT,4,SBFM,Sunshine Biopharma Inc,418902810,79.51,0.51,2.32,0.4114,671.81,83.6821,2553031
2026-05-18,2026-05-18 09:31:11 EDT,5,PMI,"Picard Medical, Inc.",334609696,6.88,0.1719,0.267,0.1281,86.81,3.6233,15874938
2026-05-18,2026-05-18 09:31:11 EDT,6,GOVX,Geovax Labs Inc,206856877,79.67,2.21,4.39,1.78,212.19,59.5571,7675904
2026-05-18,2026-05-18 09:31:11 EDT,7,NXXT,NextNRG Inc.,193906905,46.22,0.41,0.5668,0.394,61.629999999999995,1.2371,64264738
2026-05-18,2026-05-18 09:31:11 EDT,8,CREG,Smart Powerr,175439847,30.59,0.6224,1.19,0.605,122.74000000000001,7.6414,14289761
2026-05-18,2026-05-18 09:31:11 EDT,9,INTC,Intel Corp,144001819,-0.5499999999999999,108.17,115.53,103.85,10.74,0.0287,543662420000
2026-05-18,2026-05-18 09:31:11 EDT,10,NVDA,Nvidia Corporation,143776999,-1.3299999999999998,222.32,230.0,218.37,5.16,0.0059,5384707168022
2026-05-18,2026-05-18 09:31:11 EDT,11,EZGO,Ezgo Technologies Ltd,139539326,-25.56,0.0134,0.0154,0.0126,15.559999999999999,6.6814,279855
2026-05-18,2026-05-18 09:31:11 EDT,12,HIVE,HIVE Digital Technologies Ltd,108493440,28.62,3.46,3.92,3.27,24.16,0.4284,876268424
2026-05-18,2026-05-18 09:31:11 EDT,13,NOK,Nokia,90939082,-1.6099999999999999,13.73,14.48,13.5,7.03,0.0163,76787936844
2026-05-18,2026-05-18 09:31:11 EDT,14,HAO,Haoxi Health Technology Limited,89968982,-20.89,0.0178,0.0207,0.016,20.89,0.437,3664827
2026-05-18,2026-05-18 09:31:11 EDT,15,PLUG,Plug Power,85656176,-8.73,3.45,3.81,3.32,12.959999999999999,0.0614,4812988332
2026-05-18,2026-05-18 09:31:11 EDT,16,TE,T1 Energy,84561961,23.75,7.02,7.18,6.33,14.99,0.3028,1959088730
2026-05-18,2026-05-18 09:31:11 EDT,17,RDW,Redwire Corporation,81932367,-0.9199999999999999,13.93,15.81,12.97,20.200000000000003,0.4119,2770937881
2026-05-18,2026-05-18 09:31:11 EDT,18,ONDS,Ondas Holdings Inc.,77801945,-8.66,9.7,10.67,9.46,11.39,0.1569,4808897705
2026-05-18,2026-05-18 09:31:11 EDT,19,POET,Poet Technologies Inc,74207563,-11.020000000000001,14.21,17.16,13.33,23.98,0.4859,2170025896
2026-05-18,2026-05-18 09:31:11 EDT,20,NU,Nu Hldgs Ltd,70028190,0.7799999999999999,12.29,12.4,12.06,2.79,0.0144,59712461675
2026-05-18,2026-05-18 09:31:11 EDT,21,F,Ford Mtr Co Del,68726840,-2.76,13.04,13.99,13.02,7.28,0.0172,51940468432
2026-05-18,2026-05-18 09:31:11 EDT,22,CMND,Clearmind Medici,67571582,-26.900000000000002,0.3801,0.6031,0.3411,50.38,45.0526,570088
2026-05-18,2026-05-18 09:31:11 EDT,23,SOFI,Sofi Technologies Inc,66363642,0.64,15.71,16.32,15.34,6.279999999999999,0.0517,20151864252
2026-05-18,2026-05-18 09:31:11 EDT,24,RIG,Transocean,61368496,7.739999999999999,7.59,7.64,6.92,10.23,0.055,8473788525
2026-05-18,2026-05-18 09:31:11 EDT,25,WOK,WORK Medical Technology Group LTD,59865482,-42.42,0.38,0.5255,0.3333,29.12,34.7126,655349
2026-05-18,2026-05-18 09:31:11 EDT,26,GCTS,"GCT Semiconductor Holding, Inc.",59589440,40.98,2.58,2.68,2.0,37.16,0.7172,214349818
2026-05-18,2026-05-18 09:31:11 EDT,27,AAL,American Airline,59020562,0.41000000000000003,12.36,12.8,12.21,4.79,0.0892,8174720293
2026-05-18,2026-05-18 09:31:11 EDT,28,MU,Micron Technology Inc,58667789,-5.949999999999999,681.54,757.0,663.25,12.94,0.052,768595865118
2026-05-18,2026-05-18 09:31:11 EDT,29,ACHR,Archer Aviation Inc,57877186,-2.23,5.92,6.2,5.82,6.279999999999999,0.0762,4493022223
2026-05-18,2026-05-18 09:31:11 EDT,30,GOSS,Gossamer Bio,56705092,-43.32,0.1927,0.3,0.1634,40.18,0.2416,45225973
2026-05-18,2026-05-18 09:31:11 EDT,31,DVLT,Datavault AI Inc,55436435,-2.8400000000000003,0.5,0.5143,0.4732,7.99,0.0648,427780997
2026-05-18,2026-05-18 09:31:11 EDT,32,TSLA,Tesla Inc,51395977,-2.9000000000000004,409.99,421.13,405.33,3.74,0.0137,1539809229871
2026-05-18,2026-05-18 09:31:11 EDT,33,NOW,Servicenow Inc,50086303,8.76,103.44,104.68,97.85,7.180000000000001,0.0486,106678499520
2026-05-18,2026-05-18 09:31:11 EDT,34,BMNR,Bitmine Immersion Technologies Inc,47207559,-5.6899999999999995,18.74,19.37,18.29,5.4399999999999995,0.0878,10075164068
2026-05-18,2026-05-18 09:31:11 EDT,35,AIIO,Robo.ai Inc,47062738,39.300000000000004,5.6,6.36,4.23,52.99,2.3789,110787762
2026-05-18,2026-05-18 09:31:11 EDT,36,SRXH,SRX Health Solutions Inc,45967643,-0.32,0.125,0.14,0.1245,12.4,0.0779,73781846
2026-05-18,2026-05-18 09:31:11 EDT,37,SNAP,Snap Inc,44523946,2.17,5.65,5.71,5.46,4.61,0.0269,9362959277
2026-05-18,2026-05-18 09:31:11 EDT,38,IREN,IREN Ltd,42628386,-4.68,50.46,53.08,48.48,8.690000000000001,0.1193,18033327890
2026-05-18,2026-05-18 09:31:11 EDT,39,KEEL,Keel Infrastructure Corp,42009863,-4.78,4.18,4.64,3.96,15.49,0.0697,2519894240
2026-05-18,2026-05-18 09:31:11 EDT,40,PCG,PG&E Us,41860181,-1.6400000000000001,15.87,16.44,15.28,7.19,0.019,34938295309
2026-05-18,2026-05-18 09:31:11 EDT,41,D,Dominion Energy Inc,39746798,9.43,67.55,68.97,66.45,4.08,0.0452,59407212472
2026-05-18,2026-05-18 09:31:11 EDT,42,NEE,Nextera Energy Inc,39360524,-4.61,89.07,91.6,86.63,5.319999999999999,0.0189,185741363485
2026-05-18,2026-05-18 09:31:11 EDT,43,FIG,Figma,38943129,6.329999999999999,24.36,24.41,21.6,12.26,0.0737,12871253318
2026-05-18,2026-05-18 09:31:11 EDT,44,T,At&T,38223539,1.71,24.44,24.58,23.85,3.04,0.0055,169817401127
2026-05-18,2026-05-18 09:31:11 EDT,45,GDC,GD CULTURE GROUP LTD,37279641,-2.31,0.144,0.1499,0.132,12.139999999999999,0.6136,8749398
2026-05-18,2026-05-18 09:31:11 EDT,46,LABT,Lakewood-Amedex,37216711,-36.65,0.9502,1.47,0.9201,36.66,5.3201,6647094
2026-05-18,2026-05-18 09:31:11 EDT,47,HCWB,Hcw Biologics Inc.,36229935,9.84,1.34,1.6,0.9481,53.43,5.3801,9023699
2026-05-18,2026-05-18 09:31:11 EDT,48,CRWV,"CoreWeave, Inc.",36136721,-3.29,103.77,106.95,98.65,7.739999999999999,0.0662,56613834804
2026-05-18,2026-05-18 09:31:11 EDT,49,MARA,MARA Holdings Inc,35281331,-2.09,12.18,12.26,11.62,5.12,0.0925,4643874726
2026-05-18,2026-05-18 09:31:11 EDT,50,CMCSA,Comcast Corp,34474273,0.69,24.93,25.36,24.62,2.9899999999999998,0.0097,89055657926
2026-05-18,2026-05-18 09:31:11 EDT,51,GRAB,Grab Holdings Limited,34397978,-0.27999999999999997,3.54,3.6,3.48,3.38,0.0084,14478600000
2026-05-18,2026-05-18 09:31:11 EDT,52,AAPL,Apple Inc,34203985,-0.8,297.84,300.66,294.91,1.92,0.0023,4374482111040
2026-05-18,2026-05-18 09:31:11 EDT,53,NFLX,Netflix Inc,34127523,3.02,89.65,89.82,86.33,4.0,0.0081,377498088035
2026-05-18,2026-05-18 09:31:11 EDT,54,PFE,Pfizer,33485749,0.0,25.33,25.39,25.19,0.7799999999999999,0.0059,144366920800
2026-05-18,2026-05-18 09:31:11 EDT,55,AMZN,Amazon Com,33468160,0.27,264.86,268.85,262.53,2.39,0.0031,2849128005218
2026-05-18,2026-05-18 09:31:11 EDT,56,BAC,Bank of America Corp,32929557,1.91,50.72,50.92,49.72,2.41,0.0046,359939077818
2026-05-18,2026-05-18 09:31:11 EDT,57,ALP,Alpha Compute Corp,32826601,10.09,0.3633,0.3633,0.3022,18.52,1.4008,8513785
2026-05-18,2026-05-18 09:31:11 EDT,58,SLNH,SOLUNA HOLDINGS INC,32631730,-12.16,1.95,2.14,1.81,14.860000000000001,0.2309,275626757
2026-05-18,2026-05-18 09:31:11 EDT,59,BBAI,BIGBEAR AI HLDGS INC,32163152,-3.92,3.92,4.04,3.81,5.64,0.0672,1877481844
2026-05-18,2026-05-18 09:31:11 EDT,60,RKLB,Rocket Lab Usa Inc,32049179,5.12,131.16,138.38,125.68,10.18,0.0554,75908979848
2026-05-18,2026-05-18 09:31:11 EDT,61,HIMS,Hims & Hers Health Inc,31926847,-11.020000000000001,22.29,23.98,22.14,7.35,0.1379,5159192021
2026-05-18,2026-05-18 09:31:11 EDT,62,PLTR,Palantir Technologies Inc,31629414,0.86,135.14,135.94,131.33,3.44,0.0132,323972740571
2026-05-18,2026-05-18 09:31:11 EDT,63,SMR,NuScale Power Corporation,31573851,-6.54,10.5,11.21,10.18,9.17,0.0864,3835724732
2026-05-18,2026-05-18 09:31:11 EDT,64,ABEV,Ambev,31223866,2.44,3.145,3.15,3.11,1.3,0.002,49051602630
2026-05-18,2026-05-18 09:31:11 EDT,65,WULF,Terawulf Inc,31084949,-5.29,21.14,21.69,20.26,6.41,0.0627,10475560115
2026-05-18,2026-05-18 09:31:11 EDT,66,MSFT,Microsoft Corp,30922380,0.38,423.54,425.11,415.61,2.25,0.0042,3146239234532
2026-05-18,2026-05-18 09:31:11 EDT,67,RGTI,Rigetti Computing Inc,30904128,-6.890000000000001,16.62,17.93,16.02,10.7,0.093,5524468172
2026-05-18,2026-05-18 09:31:11 EDT,68,NIO,Nio Inc.,30600516,-3.44,5.89,6.07,5.83,3.93,0.0122,14745850424
2026-05-18,2026-05-18 09:31:11 EDT,69,BYND,Beyond Meat,30512215,-5.25,0.7621,0.7976,0.7444,6.61,0.0592,392742436
2026-05-18,2026-05-18 09:31:11 EDT,70,NVTS,Navitas Semiconductor Corp,30460233,-7.739999999999999,19.67,21.76,18.83,13.77,0.1303,4597137975
2026-05-18,2026-05-18 09:31:11 EDT,71,RXT,"Rackspace Technology, Inc.",29914514,-17.53,4.8,5.99,4.65,23.02,0.12,1196267995
2026-05-18,2026-05-18 09:31:11 EDT,72,MCW,Mister Car Wash Inc,29381247,0.0,7.1,7.11,7.07,0.5599999999999999,0.0893,2335151234
2026-05-18,2026-05-18 09:31:11 EDT,73,SIDU,Sidus Space Inc,29075634,-2.4899999999999998,3.91,4.351,3.61,18.48,0.3596,316181579
2026-05-18,2026-05-18 09:31:11 EDT,74,AUUD,Auddia Inc,28917336,20.919999999999998,2.37,2.57,1.89,34.69,14.062,4873715
2026-05-18,2026-05-18 09:31:11 EDT,75,CISS,C3is,28680144,3.93,3.17,6.06,3.07,98.03,54.2871,1674726
2026-05-18,2026-05-18 09:31:11 EDT,76,RIVN,"Rivian Automotive, Inc. / De",28577149,-3.19,13.35,13.79,13.14,4.71,0.0227,16826646702
2026-05-18,2026-05-18 09:31:11 EDT,77,AMD,Advanced Micro Devices Inc,28200776,-0.73,420.99,438.8,410.71,6.619999999999999,0.0173,686466563012
2026-05-18,2026-05-18 09:31:11 EDT,78,PATH,Uipath Inc,28023225,3.6999999999999997,10.65,10.84,10.05,7.68,0.0538,5542722178
2026-05-18,2026-05-18 09:31:11 EDT,79,VALE,Vale S A,27769187,-0.0,16.32,16.61,16.13,2.91,0.0065,69596337942
2026-05-18,2026-05-18 09:31:11 EDT,80,AUR,Aurora Innovation Inc,26597260,-3.7600000000000002,7.42,7.61,7.21,5.19,0.0136,14552126920
2026-05-18,2026-05-18 09:31:11 EDT,81,QS,Quantumscape Corp,26492886,-5.489999999999999,7.57,8.01,7.21,10.05,0.0431,4656648225
2026-05-18,2026-05-18 09:31:11 EDT,82,SMCI,Super Micro Computer Inc,26421036,-0.61,30.85,31.3,29.52,5.7299999999999995,0.0439,18553760169
2026-05-18,2026-05-18 09:31:11 EDT,83,GOOGL,Alphabet Inc,26201397,0.04,396.94,408.61,394.53,3.55,0.0022,4809325040000
2026-05-18,2026-05-18 09:31:11 EDT,84,LYG,Lloyds Banking,25616170,2.5700000000000003,5.18,5.2,5.13,1.39,0.0018,75579062664
2026-05-18,2026-05-18 09:31:11 EDT,85,EOSE,Eos Energy Enterprises Inc,25537884,-5.53,7.43,7.87,7.3,7.249999999999999,0.0752,2522589220
2026-05-18,2026-05-18 09:31:11 EDT,86,TDIC,Dreamland Limited,25509468,-32.11,0.7061,0.9534,0.6735,26.91,0.557,32340581
2026-05-18,2026-05-18 09:31:11 EDT,87,OPEN,Opendoor Technologies Inc,25475676,-2.2800000000000002,4.28,4.42,4.175,5.59,0.0264,4129072784
2026-05-18,2026-05-18 09:31:11 EDT,88,QUCY,Quantum Cyber N.V.,25005505,-4.62,3.3,4.44,3.25,34.39,1.998,41300608
2026-05-18,2026-05-18 09:31:11 EDT,89,QBTS,D Wave Quantum,24506352,-6.29,19.07,20.11,18.33,8.75,0.0667,7003821241
2026-05-18,2026-05-18 09:31:11 EDT,90,VZ,Verizon Comms,24401435,0.97,46.82,47.02,45.81,2.6,0.0058,195499668166
2026-05-18,2026-05-18 09:31:11 EDT,91,MRVL,Marvell Technology Inc,24309187,-4.5,168.93,182.71,165.1,9.959999999999999,0.0278,147907197514
2026-05-18,2026-05-18 09:31:11 EDT,92,BB,Blackberry,24216473,3.15,6.39,6.64,6.11,8.559999999999999,0.0413,3742002083
2026-05-18,2026-05-18 09:31:11 EDT,93,CSCO,Cisco Sys Inc,23973180,0.5700000000000001,118.88,119.39,116.03,2.8400000000000003,0.0061,469563284832
2026-05-18,2026-05-18 09:31:11 EDT,94,ASTS,Ast Spacemobile Inc,23876166,3.7800000000000002,86.83,89.96,81.83,9.719999999999999,0.0615,33700856586
2026-05-18,2026-05-18 09:31:11 EDT,95,HUBC,Hub Cyber Security Israel Ltd,23741049,-6.7299999999999995,0.1276,0.1501,0.112,27.85,18.518,163589
2026-05-18,2026-05-18 09:31:11 EDT,96,QNCX,Quince,23455798,-13.5,0.9948,1.35,0.9,39.129999999999995,1.4389,16215976
2026-05-18,2026-05-18 09:31:11 EDT,97,CLSK,Cleanspark Inc,23300290,2.52,13.44,13.93,12.68,9.569999999999999,0.0908,3448819664
2026-05-18,2026-05-18 09:31:11 EDT,98,GPUS,Hyperscale Data Inc.,23148814,-4.18,0.1392,0.1434,0.1311,8.42,0.0501,64368289
2026-05-18,2026-05-18 09:31:11 EDT,99,RKT,Rocket Companies Inc,22944018,-2.5100000000000002,13.02,13.61,12.96,4.91,0.0081,36825027831
2026-05-18,2026-05-18 09:31:11 EDT,100,INFY,Infosys,22917198,4.35,12.59,12.68,11.97,5.88,0.0057,50947184292
2026-05-19,2026-05-19 09:31:07 EDT,1,HAO,Haoxi Health Technology Limited,820759249,-21.349999999999998,0.014,0.0166,0.0131,19.66,3.9864,2882448
2026-05-19,2026-05-19 09:31:07 EDT,2,GIPR,Generation Incom,458457804,75.89,0.429,0.5882,0.2863,123.78,84.1488,2337268
2026-05-19,2026-05-19 09:31:07 EDT,3,NXXT,NextNRG Inc.,362819808,100.02,0.8201,1.09,0.39,170.73000000000002,2.3147,128545150
2026-05-19,2026-05-19 09:31:07 EDT,4,VRAX,Virax Biolabs Group Ltd,178576518,31.490000000000002,0.309,0.38,0.2623,50.09,8.9631,6156340
2026-05-19,2026-05-19 09:31:07 EDT,5,HUBC,Hub Cyber Security Israel Ltd,153961145,3.45,0.132,0.177,0.12,44.67,120.0896,169230
2026-05-19,2026-05-19 09:31:07 EDT,6,INTC,Intel Corp,148156929,2.4299999999999997,110.8,113.07,102.4,9.86,0.0295,556880800000
2026-05-19,2026-05-19 09:31:07 EDT,7,AMST,Amesite Inc,147844641,120.07000000000001,1.73,2.67,1.65,129.75,25.2597,10125664
2026-05-19,2026-05-19 09:31:07 EDT,8,NVDA,Nvidia Corporation,138311189,-0.77,220.61,224.48,217.91,2.96,0.0057,5343290069887
2026-05-19,2026-05-19 09:31:07 EDT,9,ONCO,Onconetix,123837191,-61.56,0.1175,0.189,0.1155,24.04,178.7161,81418
2026-05-19,2026-05-19 09:31:07 EDT,10,MGN,MEGAN HLDGS LTD,109397404,18.67,0.1805,0.2017,0.1363,43.0,2.9567,6678500
2026-05-19,2026-05-19 09:31:07 EDT,11,CODX,Co-Diagnostics Inc,106959756,43.8,1.97,2.75,1.8,69.34,29.6907,7096856
2026-05-19,2026-05-19 09:31:07 EDT,12,INM,Inmed Pharmaceuticals Inc,91072420,135.05,1.6,1.79,1.31,70.52000000000001,27.4806,5302500
2026-05-19,2026-05-19 09:31:07 EDT,13,MTVA,MetaVia Inc,82853648,69.37,1.88,2.09,1.53,50.449999999999996,16.0433,9709015
2026-05-19,2026-05-19 09:31:07 EDT,14,MEHA,Functional Brands Inc,82061494,-5.81,0.0697,0.0697,0.0573,16.76,3.7449,1527326
2026-05-19,2026-05-19 09:31:07 EDT,15,NOK,Nokia,81384392,-0.58,13.66,13.99,13.09,6.550000000000001,0.0146,76396446999
2026-05-19,2026-05-19 09:31:07 EDT,16,POET,Poet Technologies Inc,76206743,-8.02,13.07,13.83,11.82,14.14,0.499,1995935148
2026-05-19,2026-05-19 09:31:07 EDT,17,GRAB,Grab Holdings Limited,72244520,-1.13,3.5,3.57,3.49,2.26,0.0177,14315000000
2026-05-19,2026-05-19 09:31:07 EDT,18,WGRX,Wellgistics Health Inc.,67384230,-3.45,0.168,0.192,0.1296,35.86,0.532,21277766
2026-05-19,2026-05-19 09:31:07 EDT,19,AAL,American Airline,67378531,-2.4299999999999997,12.06,12.29,11.97,2.63,0.1019,7976304752
2026-05-19,2026-05-19 09:31:07 EDT,20,TE,T1 Energy,66110704,-1.79,6.88,6.98,6.08,12.790000000000001,0.2367,1919990737
2026-05-19,2026-05-19 09:31:07 EDT,21,SOFI,Sofi Technologies Inc,62974365,-3.06,15.23,15.64,14.92,4.58,0.0491,19536148476
2026-05-19,2026-05-19 09:31:07 EDT,22,WOK,WORK Medical Technology Group LTD,62216047,-38.16,0.235,0.295,0.2196,19.84,36.0756,405281
2026-05-19,2026-05-19 09:31:07 EDT,23,MU,Micron Technology Inc,60944000,2.52,698.74,725.94,652.21,10.82,0.054,787992890795
2026-05-19,2026-05-19 09:31:07 EDT,24,ONDS,Ondas Holdings Inc.,55270776,-5.93,9.13,9.88,8.97,9.379999999999999,0.1115,4523834181
2026-05-19,2026-05-19 09:31:07 EDT,25,NOW,Servicenow Inc,55111486,-1.55,101.83,110.81,100.77,9.71,0.0534,105018093640
2026-05-19,2026-05-19 09:31:07 EDT,26,RDW,Redwire Corporation,53340854,-0.43,13.9,14.46,12.86,11.459999999999999,0.2682,2764970319
2026-05-19,2026-05-19 09:31:07 EDT,27,HIVE,HIVE Digital Technologies Ltd,51193561,-3.18,3.35,3.59,3.115,13.73,0.2021,848410179
2026-05-19,2026-05-19 09:31:07 EDT,28,WNW,Meiwu Technology Company Ltd,50799074,97.1,4.75,6.37,3.7,110.79,1.9293,125069737
2026-05-19,2026-05-19 09:31:07 EDT,29,NU,Nu Hldgs Ltd,50240332,-0.16,12.27,12.4,11.96,3.58,0.0103,59639552687
2026-05-19,2026-05-19 09:31:07 EDT,30,ACHR,Archer Aviation Inc,49450184,-0.25,5.91,6.08,5.69,6.59,0.0651,4485426243
2026-05-19,2026-05-19 09:31:07 EDT,31,RUBI,Rubico Inc,49079098,-20.810000000000002,1.37,3.52,1.35,125.42999999999999,63.9229,1051866
2026-05-19,2026-05-19 09:31:07 EDT,32,TSLA,Tesla Inc,45254481,-1.43,404.11,405.63,393.63,2.93,0.012,1517725573509
2026-05-19,2026-05-19 09:31:07 EDT,33,PLUG,Plug Power,44826545,-4.06,3.31,3.45,3.21,6.959999999999999,0.0321,4617678661
2026-05-19,2026-05-19 09:31:07 EDT,34,DVLT,Datavault AI Inc,44358634,-9.68,0.4516,0.4932,0.45,8.64,0.0518,386371796
2026-05-19,2026-05-19 09:31:07 EDT,35,BAC,Bank of America Corp,43981399,0.06999999999999999,50.72,51.28,50.38,1.78,0.0062,359939077818
2026-05-19,2026-05-19 09:31:07 EDT,36,PATH,Uipath Inc,42142232,-0.9900000000000001,10.53,11.3,10.42,8.290000000000001,0.081,5480268970
2026-05-19,2026-05-19 09:31:07 EDT,37,F,Ford Mtr Co Del,41284958,0.19,13.05,13.23,12.72,3.91,0.0104,52000238821
2026-05-19,2026-05-19 09:31:07 EDT,38,RIVN,"Rivian Automotive, Inc. / De",40138125,-3.37,12.9,13.25,12.65,4.46,0.0318,16259456364
2026-05-19,2026-05-19 09:31:07 EDT,39,AMZN,Amazon Com,39974754,-2.08,259.34,262.22,255.19,2.65,0.0037,2789748761132
2026-05-19,2026-05-19 09:31:07 EDT,40,SBFM,Sunshine Biopharma Inc,39071161,-13.73,0.44,0.47,0.4128,11.219999999999999,7.805,2202615
2026-05-19,2026-05-19 09:31:07 EDT,41,AMD,Advanced Micro Devices Inc,38454406,-1.6500000000000001,414.05,428.75,393.36,8.41,0.0236,675150194577
2026-05-19,2026-05-19 09:31:07 EDT,42,AAPL,Apple Inc,38297984,0.38,298.97,300.51,296.35,1.4000000000000001,0.0026,4391078823320
2026-05-19,2026-05-19 09:31:07 EDT,43,GOOGL,Alphabet Inc,37904395,-2.34,387.66,397.15,386.12,2.78,0.0031,4696888560000
2026-05-19,2026-05-19 09:31:07 EDT,44,RIG,Transocean,37826451,-1.8499999999999999,7.45,7.66,7.33,4.35,0.0339,8311904555
2026-05-19,2026-05-19 09:31:07 EDT,45,T,At&T,37296402,2.29,24.99,24.99,24.42,2.33,0.0054,173638987486
2026-05-19,2026-05-19 09:31:07 EDT,46,IREN,IREN Ltd,37283456,-5.390000000000001,47.74,49.27,46.0,6.4799999999999995,0.1043,17061257896
2026-05-19,2026-05-19 09:31:07 EDT,47,RKT,Rocket Companies Inc,36044830,-2.91,12.67,12.9,12.38,3.9899999999999998,0.0127,35848874577
2026-05-19,2026-05-19 09:31:07 EDT,48,MARA,MARA Holdings Inc,34961159,2.13,12.44,12.59,11.53,8.66,0.0917,4743005057
2026-05-19,2026-05-19 09:31:07 EDT,49,PFE,Pfizer,34613950,1.38,25.68,25.96,25.24,2.8400000000000003,0.0061,146361726259
2026-05-19,2026-05-19 09:31:07 EDT,50,ABEV,Ambev,34303301,0.16,3.145,3.15,3.06,2.87,0.0022,49051602630
2026-05-19,2026-05-19 09:31:07 EDT,51,FIG,Figma,34225333,-4.43,23.28,25.84,23.09,11.29,0.0648,12300606619
2026-05-19,2026-05-19 09:31:07 EDT,52,CLSK,Cleanspark Inc,33971223,9.3,14.69,14.74,13.06,12.5,0.1324,3769580422
2026-05-19,2026-05-19 09:31:07 EDT,53,NFLX,Netflix Inc,33741670,-0.36,89.33,91.46,88.69,3.09,0.008,376150632506
2026-05-19,2026-05-19 09:31:07 EDT,54,CMCSA,Comcast Corp,33286058,-0.52,24.8,25.25,24.68,2.29,0.0093,88591268213
2026-05-19,2026-05-19 09:31:07 EDT,55,SRXH,SRX Health Solutions Inc,32556489,-6.5,0.1166,0.13,0.1165,10.83,0.0552,68823706
2026-05-19,2026-05-19 09:31:07 EDT,56,CSCO,Cisco Sys Inc,31831604,-2.94,115.38,118.5,114.79,3.1199999999999997,0.0081,455738659185
2026-05-19,2026-05-19 09:31:07 EDT,57,SNAP,Snap Inc,31525648,-2.1999999999999997,5.55,5.77,5.48,5.16,0.019,9188957379
2026-05-19,2026-05-19 09:31:07 EDT,58,DNN,Denison Mines,31373303,-2.62,3.165,3.24,3.09,4.62,0.0347,2864378684
2026-05-19,2026-05-19 09:31:07 EDT,59,MSFT,Microsoft Corp,31080690,-1.44,417.42,432.7,416.5,3.82,0.0042,3100777214143
2026-05-19,2026-05-19 09:31:07 EDT,60,AUR,Aurora Innovation Inc,30511311,-6.47,6.94,7.38,6.82,7.55,0.0156,13610749437
2026-05-19,2026-05-19 09:31:07 EDT,61,RKLB,Rocket Lab Usa Inc,29737601,-2.94,127.31,129.57,115.23,10.93,0.0514,73680788536
2026-05-19,2026-05-19 09:31:07 EDT,62,AMIX,Autonomix Medical Inc,29689532,-10.0,0.2836,0.2836,0.2002,26.47,2.6022,3235689
2026-05-19,2026-05-19 09:31:07 EDT,63,CRWV,"CoreWeave, Inc.",29461556,-3.82,99.81,101.31,94.82,6.25,0.054,54453376234
2026-05-19,2026-05-19 09:31:07 EDT,64,PLTR,Palantir Technologies Inc,29251058,0.09,135.26,137.46,133.6,2.86,0.0122,324260418009
2026-05-19,2026-05-19 09:31:07 EDT,65,CPNG,Coupang Inc,28960533,-2.87,15.25,15.73,15.11,3.95,0.0161,27374729065
2026-05-19,2026-05-19 09:31:07 EDT,66,BMNR,Bitmine Immersion Technologies Inc,28879676,-0.59,18.62,18.96,18.29,3.54,0.0537,10010648609
2026-05-19,2026-05-19 09:31:07 EDT,67,CCL,Carnival Corporation Ltd.,28869433,-4.05,23.9,24.71,23.67,4.18,0.0233,29612105066
2026-05-19,2026-05-19 09:31:07 EDT,68,SES,SES AI,28593758,-2.4,1.015,1.04,0.961,7.6,0.0774,374822614
2026-05-19,2026-05-19 09:31:07 EDT,69,SMR,NuScale Power Corporation,28434432,-3.8600000000000003,10.07,10.3,9.67,6.0600000000000005,0.0778,3680395240
2026-05-19,2026-05-19 09:31:07 EDT,70,CXAI,CXApp,27999974,20.0,0.1692,0.1797,0.1406,27.73,0.3995,11859105
2026-05-19,2026-05-19 09:31:07 EDT,71,CNEY,Cn Energy Group Inc,27791762,119.77,1.61,1.67,0.68,135.14,3.3879,13207324
2026-05-19,2026-05-19 09:31:07 EDT,72,PURR,Hyperliquid Strategies Inc,27407568,12.41,7.79,7.94,7.2,10.68,0.2036,1048702038
2026-05-19,2026-05-19 09:31:07 EDT,73,CREG,Smart Powerr,26902408,-26.119999999999997,0.4598,0.6999,0.4,48.18,1.1718,10556607
2026-05-19,2026-05-19 09:31:07 EDT,74,KEEL,Keel Infrastructure Corp,26054755,0.72,4.21,4.25,3.89,8.61,0.0432,2537979605
2026-05-19,2026-05-19 09:31:07 EDT,75,HIMS,Hims & Hers Health Inc,25884891,0.65,22.43,22.69,21.53,5.2,0.1118,5191596098
2026-05-19,2026-05-19 09:31:07 EDT,76,TRNR,Interactive Strength Inc.,25823423,-4.72,1.01,1.06,0.7506,29.189999999999998,12.5538,2077588
2026-05-19,2026-05-19 09:31:07 EDT,77,GOSS,Gossamer Bio,25757236,3.32,0.1991,0.219,0.1946,12.659999999999998,0.1097,46728029
2026-05-19,2026-05-19 09:31:07 EDT,78,BYND,Beyond Meat,25434309,-0.63,0.7573,0.7573,0.7236,4.42,0.0494,390268793
2026-05-19,2026-05-19 09:31:07 EDT,79,BBAI,BIGBEAR AI HLDGS INC,25160468,-2.02,3.841,3.908,3.75,4.02,0.0525,1839644837
2026-05-19,2026-05-19 09:31:07 EDT,80,OPEN,Opendoor Technologies Inc,24904680,0.47000000000000003,4.3,4.33,4.15,4.21,0.0258,4148367517
2026-05-19,2026-05-19 09:31:07 EDT,81,MRVL,Marvell Technology Inc,24816135,4.35,176.27,181.64,162.85,11.12,0.0283,154333757804
2026-05-19,2026-05-19 09:31:07 EDT,82,EOSE,Eos Energy Enterprises Inc,24720989,-7.3999999999999995,6.88,7.27,6.75,7.000000000000001,0.0728,2335856505
2026-05-19,2026-05-19 09:31:07 EDT,83,NEE,Nextera Energy Inc,24689584,1.11,90.04,90.27,87.36,3.27,0.0118,187764144698
2026-05-19,2026-05-19 09:31:07 EDT,84,NVTS,Navitas Semiconductor Corp,24282660,-1.22,19.43,19.7,17.5,11.18,0.1039,4541046815
2026-05-19,2026-05-19 09:31:07 EDT,85,JOBY,Joby Aviation Inc,23408754,-3.4299999999999997,10.0,10.19,9.77,4.06,0.0238,9836428520
2026-05-19,2026-05-19 09:31:07 EDT,86,GOOG,Alphabet Inc,23311245,-2.09,384.9,393.36,383.0,2.64,0.0019,4663448400000
2026-05-19,2026-05-19 09:31:07 EDT,87,QXO,QXO Inc,23241376,-4.55,15.94,16.54,15.5,6.23,0.0321,11559178398
2026-05-19,2026-05-19 09:31:07 EDT,88,SMCI,Super Micro Computer Inc,23075774,-0.9400000000000001,30.56,31.35,29.47,6.09,0.0384,18379348809
2026-05-19,2026-05-19 09:31:07 EDT,89,NIO,Nio Inc.,22656378,-2.3,5.75,5.8,5.7,1.7000000000000002,0.009,14395057041
2026-05-19,2026-05-19 09:31:07 EDT,90,BTG,B2Gold,22628738,-1.7000000000000002,4.62,4.73,4.59,2.98,0.017,6155769455
2026-05-19,2026-05-19 09:31:07 EDT,91,NKE,Nike Inc Cl B,22584569,-0.33999999999999997,42.43,43.2,41.81,3.26,0.0153,62826632375
2026-05-19,2026-05-19 09:31:07 EDT,92,WULF,Terawulf Inc,22566426,0.95,21.34,21.41,19.6,8.540000000000001,0.0455,10574666644
2026-05-19,2026-05-19 09:31:07 EDT,93,PBR,Petroleo Brasileiro S.A. Petrobras,22211918,-1.4000000000000001,20.41,20.56,20.12,2.1,0.0034,131529517836
2026-05-19,2026-05-19 09:31:07 EDT,94,TOST,Toast Inc,22028668,2.67,23.25,23.77,22.53,5.48,0.038,13482100000
2026-05-19,2026-05-19 09:31:07 EDT,95,BSX,Boston Scien Cp,21967713,1.63,56.83,57.59,56.24,2.41,0.0148,84469564822
2026-05-19,2026-05-19 09:31:07 EDT,96,VALE,Vale S A,21947414,-1.78,16.02,16.12,15.84,1.69,0.0051,68317830723
2026-05-19,2026-05-19 09:31:07 EDT,97,IONQ,Ionq Inc,21888945,-1.76,48.44,49.44,45.51,7.960000000000001,0.0586,18081196281
2026-05-19,2026-05-19 09:31:07 EDT,98,INFY,Infosys,21853895,1.27,12.75,13.27,12.53,5.84,0.0054,51594646523
2026-05-19,2026-05-19 09:31:07 EDT,99,CDE,Coeur Mng Inc,21822092,-4.34,16.74,17.19,16.55,3.66,0.0211,17317710222
2026-05-19,2026-05-19 09:31:07 EDT,100,PCG,PG&E Us,21615977,3.53,16.41,16.43,15.85,3.63,0.0098,36138507786
2026-05-20,2026-05-20 09:31:10 EDT,1,SLXN,Silexion Therapeutics Corp,325562516,85.65,0.5298,0.666,0.3658,111.60000000000001,77.7008,2219837
2026-05-20,2026-05-20 09:31:10 EDT,2,HAO,Haoxi Health Technology Limited,307073050,0.7100000000000001,0.0141,0.0166,0.0122,31.430000000000003,1.4914,2903037
2026-05-20,2026-05-20 09:31:10 EDT,3,MEHA,Functional Brands Inc,228309167,14.49,0.085,0.0905,0.0666,34.29,5.3414,3633163
2026-05-20,2026-05-20 09:31:10 EDT,4,JUNS,"JUPITER NEUROSCIENCES, INC.",222232377,-31.56,0.205,0.5298,0.1721,111.77999999999999,6.1253,7437656
2026-05-20,2026-05-20 09:31:10 EDT,5,PHGE,Biomx Inc,200507831,57.78,0.596,0.713,0.38,89.03999999999999,19.8297,6026463
2026-05-20,2026-05-20 09:31:10 EDT,6,HCWB,Hcw Biologics Inc.,191213400,123.11000000000001,2.43,3.99,1.04,278.3,28.3949,16363872
2026-05-20,2026-05-20 09:31:10 EDT,7,WOK,WORK Medical Technology Group LTD,189211737,-18.43,0.189,0.235,0.18,23.400000000000002,109.7132,325950
2026-05-20,2026-05-20 09:31:10 EDT,8,GDC,GD CULTURE GROUP LTD,188407909,-19.86,0.116,0.15,0.0911,41.92,3.1009,7048126
2026-05-20,2026-05-20 09:31:10 EDT,9,INTC,Intel Corp,161118528,7.1,118.96,121.94,114.8,6.4399999999999995,0.0321,597892960000
2026-05-20,2026-05-20 09:31:10 EDT,10,NVDA,Nvidia Corporation,150144474,1.23,223.47,226.13,220.5,2.55,0.0062,5412560772030
2026-05-20,2026-05-20 09:31:10 EDT,11,CAPS,Capstone Holding Corp.,126319820,31.22,0.3851,0.4756,0.3452,42.71,8.7504,5559267
2026-05-20,2026-05-20 09:31:10 EDT,12,GCL,GCL Global Holdings Ltd,120853335,91.57,0.7445,0.9641,0.6854,64.56,0.9441,95302479
2026-05-20,2026-05-20 09:31:10 EDT,13,WGRX,Wellgistics Health Inc.,118392829,-25.180000000000003,0.129,0.23,0.102,76.19,0.9348,16338284
2026-05-20,2026-05-20 09:31:10 EDT,14,NXXT,NextNRG Inc.,116541515,-17.11,0.6729,1.06,0.65,49.99,0.7435,105472542
2026-05-20,2026-05-20 09:31:10 EDT,15,TE,T1 Energy,104989352,25.509999999999998,8.69,9.42,7.22,31.979999999999997,0.3759,2426868292
2026-05-20,2026-05-20 09:31:10 EDT,16,AAL,American Airline,85232071,7.46,12.95,13.09,12.04,8.73,0.1289,8564937524
2026-05-20,2026-05-20 09:31:10 EDT,17,NOK,Nokia,76592751,-0.79,13.63,14.05,13.3,5.489999999999999,0.0137,76228665636
2026-05-20,2026-05-20 09:31:10 EDT,18,NU,Nu Hldgs Ltd,63681001,3.95,12.76,12.79,12.34,3.6999999999999997,0.0131,62035828112
2026-05-20,2026-05-20 09:31:10 EDT,19,HIVE,HIVE Digital Technologies Ltd,61363452,15.370000000000001,3.87,4.07,3.2,25.97,0.2423,980103699
2026-05-20,2026-05-20 09:31:10 EDT,20,MTVA,MetaVia Inc,60896615,56.379999999999995,2.89,3.31,1.92,73.94,11.7917,14925029
2026-05-20,2026-05-20 09:31:10 EDT,21,RKDA,Arcadia Bioscien,59351462,-5.949999999999999,0.9468,1.56,0.805,82.17,28.855,1947457
2026-05-20,2026-05-20 09:31:10 EDT,22,PLUG,Plug Power,59150996,0.6,3.31,3.43,3.22,6.34,0.0424,4617678661
2026-05-20,2026-05-20 09:31:10 EDT,23,DVLT,Datavault AI Inc,57720344,-2.77,0.4391,0.4597,0.43,6.58,0.0675,375677272
2026-05-20,2026-05-20 09:31:10 EDT,24,ORBS,Eightco Holdings Ord Shs,57394228,21.92,0.9001,0.98,0.725,34.93,0.1527,338235333
2026-05-20,2026-05-20 09:31:10 EDT,25,RDW,Redwire Corporation,51585478,7.19,14.78,15.12,13.33,12.85,0.2593,2940018799
2026-05-20,2026-05-20 09:31:10 EDT,26,MARA,MARA Holdings Inc,50990460,6.11,13.15,13.5,12.53,7.8,0.1338,5013707114
2026-05-20,2026-05-20 09:31:10 EDT,27,POET,Poet Technologies Inc,50588657,13.16,14.78,14.88,13.58,9.950000000000001,0.2931,2550960100
2026-05-20,2026-05-20 09:31:10 EDT,28,CCL,Carnival Corporation Ltd.,48947427,9.02,26.04,26.34,23.46,12.07,0.0395,32257370519
2026-05-20,2026-05-20 09:31:10 EDT,29,MU,Micron Technology Inc,47257586,4.67,731.99,735.66,700.66,5.01,0.0419,825490047991
2026-05-20,2026-05-20 09:31:10 EDT,30,BAC,Bank of America Corp,47226836,1.17,51.15,51.58,50.49,2.1399999999999997,0.0067,362955128845
2026-05-20,2026-05-20 09:31:10 EDT,31,ACHR,Archer Aviation Inc,46678978,-1.8599999999999999,5.77,6.04,5.74,5.08,0.0615,4385007386
2026-05-20,2026-05-20 09:31:10 EDT,32,SOFI,Sofi Technologies Inc,44089579,2.53,15.69,15.72,15.03,4.53,0.0344,20126209428
2026-05-20,2026-05-20 09:31:10 EDT,33,NIO,Nio Inc.,43580587,-2.6100000000000003,5.58,5.71,5.54,2.94,0.0174,13981621982
2026-05-20,2026-05-20 09:31:10 EDT,34,TSLA,Tesla Inc,43509887,2.58,417.26,415.15,406.39,2.17,0.0116,1567113342413
2026-05-20,2026-05-20 09:31:10 EDT,35,IREN,IREN Ltd,43175249,10.6,52.71,53.12,48.55,9.569999999999999,0.1208,18837429906
2026-05-20,2026-05-20 09:31:10 EDT,36,ONDS,Ondas Holdings Inc.,42730907,2.96,9.36,9.54,9.12,4.6,0.0862,4640338404
2026-05-20,2026-05-20 09:31:10 EDT,37,VIDA,VIDA Global Inc.,42522858,74.67,4.27,4.15,2.52,71.17999999999999,3.0694,59155580
2026-05-20,2026-05-20 09:31:10 EDT,38,RIVN,"Rivian Automotive, Inc. / De",42425915,5.66,13.73,13.67,12.77,6.950000000000001,0.0337,17305607433
2026-05-20,2026-05-20 09:31:10 EDT,39,F,Ford Mtr Co Del,41118887,0.9199999999999999,13.21,13.31,12.92,2.9899999999999998,0.0103,52617866179
2026-05-20,2026-05-20 09:31:10 EDT,40,CLSK,Cleanspark Inc,41017863,4.82,15.4,16.34,14.6,11.84,0.1598,3951772532
2026-05-20,2026-05-20 09:31:10 EDT,41,MWC,"Micware Co., Ltd.",39038993,52.54,7.15,13.95,7.08,145.55,0.6618,421792185
2026-05-20,2026-05-20 09:31:10 EDT,42,GRAB,Grab Holdings Limited,38813836,-0.13999999999999999,3.51,3.519,3.39,3.6799999999999997,0.0095,14355900000
2026-05-20,2026-05-20 09:31:10 EDT,43,T,At&T,38299445,0.0,24.93,25.28,24.79,1.97,0.0055,173222087156
2026-05-20,2026-05-20 09:31:10 EDT,44,SMCI,Super Micro Computer Inc,37497786,9.87,33.46,33.96,30.87,10.11,0.0623,20123462407
2026-05-20,2026-05-20 09:31:10 EDT,45,BBAI,BIGBEAR AI HLDGS INC,37229878,5.86,4.07,4.14,3.85,7.55,0.0777,1949324261
2026-05-20,2026-05-20 09:31:10 EDT,46,AAPL,Apple Inc,37131925,1.0,302.25,302.8,298.09,1.58,0.0025,4439253351000
2026-05-20,2026-05-20 09:31:10 EDT,47,NVTS,Navitas Semiconductor Corp,36596463,18.43,22.99,23.37,19.95,17.599999999999998,0.1566,5373065686
2026-05-20,2026-05-20 09:31:10 EDT,48,BB,Blackberry,35792716,-0.24,6.2,6.38,6.1,4.43,0.0611,3630650416
2026-05-20,2026-05-20 09:31:10 EDT,49,PFE,Pfizer,34909263,0.58,25.79,26.03,25.67,1.38,0.0061,146960167897
2026-05-20,2026-05-20 09:31:10 EDT,50,AMD,Advanced Micro Devices Inc,34861320,7.720000000000001,447.58,449.39,426.05,5.64,0.0214,729824234003
2026-05-20,2026-05-20 09:31:10 EDT,51,AMC,Amc Entmt Hldgs Inc,34070170,13.969999999999999,1.535,1.6,1.435,12.13,0.0452,1157653591
2026-05-20,2026-05-20 09:31:10 EDT,52,AMZN,Amazon Com,33727228,2.1399999999999997,265.01,265.58,259.53,2.33,0.0031,2850741571634
2026-05-20,2026-05-20 09:31:10 EDT,53,CMCSA,Comcast Corp,33177279,0.4,24.88,25.17,24.74,1.7500000000000002,0.0093,88877046498
2026-05-20,2026-05-20 09:31:10 EDT,54,PATH,Uipath Inc,32965806,1.66,10.75,10.76,10.1,6.260000000000001,0.0633,5594766517
2026-05-20,2026-05-20 09:31:10 EDT,55,NCLH,Norwegian Cruise Line Hldg Ltd,32959008,8.59,16.04,16.41,14.64,11.940000000000001,0.0718,7361831094
2026-05-20,2026-05-20 09:31:10 EDT,56,ABEV,Ambev,32059110,2.54,3.225,3.24,3.145,3.02,0.0021,50299338150
2026-05-20,2026-05-20 09:31:10 EDT,57,RIG,Transocean,31105155,-1.8800000000000001,7.35,7.64,7.24,5.37,0.0279,8200260437
2026-05-20,2026-05-20 09:31:10 EDT,58,RXT,"Rackspace Technology, Inc.",30721543,-13.309999999999999,4.0,4.652,3.94,15.17,0.1233,996889996
2026-05-20,2026-05-20 09:31:10 EDT,59,PLTR,Palantir Technologies Inc,30672454,1.1900000000000002,137.15,136.89,132.42,3.3000000000000003,0.0128,328791337645
2026-05-20,2026-05-20 09:31:10 EDT,60,GOOGL,Alphabet Inc,30344974,0.22999999999999998,388.91,393.86,382.9,2.83,0.0025,4712033560000
2026-05-20,2026-05-20 09:31:10 EDT,61,ONCO,Onconetix,29710731,-8.09,0.11,0.119,0.0911,23.74,42.8771,76221
2026-05-20,2026-05-20 09:31:10 EDT,62,NOW,Servicenow Inc,29460541,0.88,103.27,103.13,97.5,5.53,0.0286,106503177160
2026-05-20,2026-05-20 09:31:10 EDT,63,MRVL,Marvell Technology Inc,29089125,5.800000000000001,186.8,193.32,182.28,6.260000000000001,0.0332,163553332716
2026-05-20,2026-05-20 09:31:10 EDT,64,MSFT,Microsoft Corp,27325140,0.8999999999999999,421.06,421.57,411.3,2.46,0.0037,3127816716466
2026-05-20,2026-05-20 09:31:10 EDT,65,JBLU,Jetblue Awys Corp,27313784,7.76,4.73,4.75,4.35,9.13,0.0734,1759649368
2026-05-20,2026-05-20 09:31:10 EDT,66,WMT,Walmart,27180646,-2.06,130.85,133.65,130.89,2.06,0.0034,1043004108887
2026-05-20,2026-05-20 09:31:10 EDT,67,KEEL,Keel Infrastructure Corp,26873642,-0.48,4.23,4.35,4.11,5.7,0.0446,2550036515
2026-05-20,2026-05-20 09:31:10 EDT,68,RGTI,Rigetti Computing Inc,26858774,7.17,16.88,17.21,15.85,8.52,0.0808,5610891862
2026-05-20,2026-05-20 09:31:10 EDT,69,CPNG,Coupang Inc,26808190,2.82,15.62,15.75,15.03,4.72,0.0149,28038902819
2026-05-20,2026-05-20 09:31:10 EDT,70,BMNR,Bitmine Immersion Technologies Inc,26305861,4.08,19.38,19.65,18.65,5.34,0.0489,10419246512
2026-05-20,2026-05-20 09:31:10 EDT,71,CSCO,Cisco Sys Inc,25716241,-1.0999999999999999,114.35,116.92,113.85,2.6599999999999997,0.0065,451670269352
2026-05-20,2026-05-20 09:31:10 EDT,72,NKE,Nike Inc Cl B,25470642,4.130000000000001,44.19,44.28,41.84,5.75,0.0172,65440397988
2026-05-20,2026-05-20 09:31:10 EDT,73,SNAP,Snap Inc,25149535,0.8099999999999999,5.63,5.65,5.36,5.140000000000001,0.0152,9321530253
2026-05-20,2026-05-20 09:31:10 EDT,74,IBRX,Immunitybio Inc,24663545,4.83,8.05,8.64,8.05,7.670000000000001,0.0235,8431199514
2026-05-20,2026-05-20 09:31:10 EDT,75,APLD,Applied Digital,24614782,7.380000000000001,39.52,39.55,36.35,8.74,0.0861,11293612181
2026-05-20,2026-05-20 09:31:10 EDT,76,OPEN,Opendoor Technologies Inc,24557184,1.7399999999999998,4.4,4.47,4.215,5.93,0.0255,4244841180
2026-05-20,2026-05-20 09:31:10 EDT,77,GPUS,Hyperscale Data Inc.,23972828,9.229999999999999,0.1424,0.1463,0.1307,11.899999999999999,0.0494,69123313
2026-05-20,2026-05-20 09:31:10 EDT,78,UWMC,Uwm Holdings Corporation,23621577,2.23,3.015,3.02,2.87,5.140000000000001,0.0148,4827280690
2026-05-20,2026-05-20 09:31:10 EDT,79,PETZ,Tdh Hldgs Inc,23206863,43.21,1.15,1.44,0.915,64.8,2.248,11871758
2026-05-20,2026-05-20 09:31:10 EDT,80,JOBY,Joby Aviation Inc,23169855,0.44999999999999996,10.08,10.38,9.8,5.8500000000000005,0.0236,9910201733
2026-05-20,2026-05-20 09:31:10 EDT,81,QUCY,Quantum Cyber N.V.,23148502,33.73,3.29,3.76,2.27,59.13,1.8496,41175455
2026-05-20,2026-05-20 09:31:10 EDT,82,NFLX,Netflix Inc,23097586,-1.1199999999999999,88.09,88.55,87.5,1.18,0.0055,370929242331
2026-05-20,2026-05-20 09:31:10 EDT,83,RKT,Rocket Companies Inc,22945171,7.3,13.63,13.63,12.55,8.52,0.0081,38565127110
2026-05-20,2026-05-20 09:31:10 EDT,84,BYND,Beyond Meat,22600661,3.0,0.7866,0.79,0.7319,7.670000000000001,0.0439,405368325
2026-05-20,2026-05-20 09:31:10 EDT,85,VFC,V.F. Corp,22543475,-3.9699999999999998,16.23,16.74,15.77,5.79,0.0576,6348247740
2026-05-20,2026-05-20 09:31:10 EDT,86,AVTR,Avantor,22392326,3.01,7.88,7.9,7.42,6.16,0.0328,5376698790
2026-05-20,2026-05-20 09:31:10 EDT,87,BTG,B2Gold,22292437,0.65,4.665,4.75,4.545,4.44,0.0167,6215728248
2026-05-20,2026-05-20 09:31:10 EDT,88,RKLB,Rocket Lab Usa Inc,22222203,5.19,134.28,135.35,124.26,8.709999999999999,0.0384,77714682937
2026-05-20,2026-05-20 09:31:10 EDT,89,UZX,Linkage Global Inc,22171799,-12.9,0.3045,0.6783,0.235,131.19,1.708,3952771
2026-05-20,2026-05-20 09:31:10 EDT,90,IONQ,Ionq Inc,22161637,8.450000000000001,52.49,52.74,48.36,9.049999999999999,0.0594,19592939570
2026-05-20,2026-05-20 09:31:10 EDT,91,VRAX,Virax Biolabs Group Ltd,22078721,0.29,0.319,0.368,0.2451,39.77,1.1082,6355574
2026-05-20,2026-05-20 09:31:10 EDT,92,QBTS,D Wave Quantum,21657807,6.21,19.28,19.45,18.32,6.21,0.059,7079111401
2026-05-20,2026-05-20 09:31:10 EDT,93,HUBC,Hub Cyber Security Israel Ltd,21535309,-4.47,0.128,0.15,0.1211,21.89,16.7975,164102
2026-05-20,2026-05-20 09:31:10 EDT,94,AGNC,Agnc Invt Corp,21460545,1.1400000000000001,10.25,10.29,10.09,1.97,0.0187,11766275038
2026-05-20,2026-05-20 09:31:10 EDT,95,SMR,NuScale Power Corporation,21385532,4.03,10.41,10.65,9.98,6.660000000000001,0.0585,3804658833
2026-05-20,2026-05-20 09:31:10 EDT,96,VG,"Venture Global, Inc.",21363020,-4.569999999999999,14.02,14.9,13.82,7.31,0.0086,34830699580
2026-05-20,2026-05-20 09:31:10 EDT,97,CIFR,Cipher Digital Inc,21183623,3.9899999999999998,19.48,20.43,19.06,7.290000000000001,0.0518,7968278357
2026-05-20,2026-05-20 09:31:10 EDT,98,TTD,The Trade Desk,21157446,-0.8699999999999999,21.02,21.03,20.23,3.7800000000000002,0.045,9881677748
2026-05-20,2026-05-20 09:31:10 EDT,99,ALIT,Alight Inc.,21000071,-6.069999999999999,0.7959,0.8267,0.7618,7.670000000000001,0.0391,427590892
2026-05-20,2026-05-20 09:31:10 EDT,100,INFY,Infosys,20603280,-0.04,12.78,12.76,12.3,3.5900000000000003,0.0051,51695812496
2026-05-22,2026-05-22 21:09:59 EDT,1,QTEX,QTREX QUANTUM LTD,788564742,140.01,0.727,1.06,0.4413,204.26000000000002,17.7312,32332060
2026-05-22,2026-05-22 21:09:59 EDT,2,MEHA,Functional Brands Inc,628189656,38.690000000000005,0.1061,0.1578,0.0965,80.13,28.6676,2324955
2026-05-22,2026-05-22 21:09:59 EDT,3,RGTI,Rigetti Computing Inc,204233224,19.869999999999997,26.42,27.79,22.66,23.25,0.6144,8781976480
2026-05-22,2026-05-22 21:09:59 EDT,4,KIDZ,"Classover Holdings, Inc.",173549152,24.73,0.458,0.6884,0.4345,69.06,21.8464,3638379
2026-05-22,2026-05-22 21:09:59 EDT,5,NVDA,Nvidia Corporation,169275710,-1.9,215.33,221.01,214.8,2.8000000000000003,0.007,5215405696699
2026-05-22,2026-05-22 21:09:59 EDT,6,QBTS,D Wave Quantum,141703186,14.219999999999999,29.4,31.55,26.11,21.13,0.3864,10782085469
2026-05-22,2026-05-22 21:09:59 EDT,7,NOK,Nokia,127724373,9.1,15.47,15.78,14.58,8.5,0.0228,86519255862
2026-05-22,2026-05-22 21:09:59 EDT,8,WOK,WORK Medical Technology Group LTD,120787848,-30.06,0.1119,0.1373,0.1118,15.939999999999998,70.038,192983
2026-05-22,2026-05-22 21:09:59 EDT,9,F,Ford Mtr Co Del,109712162,9.22,14.93,14.95,13.77,8.63,0.0275,59491460965
2026-05-22,2026-05-22 21:09:59 EDT,10,BIYA,Baiya International Group Inc,101542215,110.53,1.3,1.46,1.02,71.26,17.2488,7652998
2026-05-22,2026-05-22 21:09:59 EDT,11,AAL,American Airline,99284833,1.91,13.85,14.18,13.58,4.38,0.1501,9160184147
2026-05-22,2026-05-22 21:09:59 EDT,12,NIO,Nio Inc.,87983830,-7.140000000000001,5.2,5.28,5.12,2.86,0.0351,13029468514
2026-05-22,2026-05-22 21:09:59 EDT,13,INTC,Intel Corp,82663024,1.13,119.84,122.78,118.09,3.9600000000000004,0.0164,602315840000
2026-05-22,2026-05-22 21:09:59 EDT,14,ACHR,Archer Aviation Inc,79302266,3.92,6.36,6.43,6.15,4.66,0.1044,4831043337
2026-05-22,2026-05-22 21:09:59 EDT,15,LFS,Leifras Co. Ltd.,77867638,89.33,3.55,4.58,3.15,76.27000000000001,2.9765,92870197
2026-05-22,2026-05-22 21:09:59 EDT,16,TIGR,Up Fintech Hldg Ltd,72549714,-25.34,4.36,4.74,4.0,12.67,0.3861,819193236
2026-05-22,2026-05-22 21:09:59 EDT,17,PLUG,Plug Power,71431978,0.0,3.78,3.92,3.69,6.08,0.0512,5273361129
2026-05-22,2026-05-22 21:09:59 EDT,18,QUBT,Quantum Computing Inc,68053940,7.89,12.31,13.39,11.61,15.6,0.3017,2776335689
2026-05-22,2026-05-22 21:09:59 EDT,19,INFQ,Infleqtion Inc,65623640,11.219999999999999,16.35,18.2,15.71,16.939999999999998,0.3032,3539316006
2026-05-22,2026-05-22 21:09:59 EDT,20,BBAI,BIGBEAR AI HLDGS INC,65595698,-0.48,4.18,4.59,4.11,11.43,0.137,2002008701
2026-05-22,2026-05-22 21:09:59 EDT,21,TE,T1 Energy,62714487,-7.340000000000001,8.08,8.74,7.72,11.68,0.2246,2256512750
2026-05-22,2026-05-22 21:09:59 EDT,22,FUTU,Futu Holdings Limited,61357709,-27.529999999999998,89.76,94.88,80.5,11.57,0.4377,12583857153
2026-05-22,2026-05-22 21:09:59 EDT,23,ONDS,Ondas Holdings Inc.,59348684,-1.31,9.06,9.57,9.06,5.5,0.1197,4491609609
2026-05-22,2026-05-22 21:09:59 EDT,24,SOFI,Sofi Technologies Inc,58168199,-0.19,15.62,15.93,15.36,3.64,0.0453,20036417544
2026-05-22,2026-05-22 21:09:59 EDT,25,BB,Blackberry,57770284,18.95,7.91,8.03,6.7,20.0,0.0986,4635745729
2026-05-22,2026-05-22 21:09:59 EDT,26,DVLT,Datavault AI Inc,57118248,11.129999999999999,0.4642,0.4835,0.415,16.400000000000002,0.0668,397151878
2026-05-22,2026-05-22 21:09:59 EDT,27,RDW,Redwire Corporation,55447729,13.94,17.49,17.89,15.7,14.27,0.2787,3479088552
2026-05-22,2026-05-22 21:09:59 EDT,28,IONQ,Ionq Inc,52650118,8.07,63.64,65.8,58.0,12.959999999999999,0.1411,23754899490
2026-05-22,2026-05-22 21:09:59 EDT,29,NVTS,Navitas Semiconductor Corp,51180816,19.98,29.25,29.5,24.41,20.880000000000003,0.219,6836110105
2026-05-22,2026-05-22 21:09:59 EDT,30,NU,Nu Hldgs Ltd,49641713,-3.27,12.73,13.26,12.71,4.18,0.0102,61875428337
2026-05-22,2026-05-22 21:09:59 EDT,31,HPQ,Hp Inc,48674187,15.25,25.24,25.57,22.58,13.63,0.0532,23083247022
2026-05-22,2026-05-22 21:09:59 EDT,32,NXXT,NextNRG Inc.,48598030,23.05,0.861,0.96,0.6908,38.43,0.309,135399962
2026-05-22,2026-05-22 21:09:59 EDT,33,HIVE,HIVE Digital Technologies Ltd,47046977,5.71,4.07,4.23,3.75,12.47,0.1858,1030755053
2026-05-22,2026-05-22 21:09:59 EDT,34,TSLA,Tesla Inc,46104710,1.95,426.01,431.51,420.51,2.63,0.0123,1599975926284
2026-05-22,2026-05-22 21:09:59 EDT,35,GOVX,Geovax Labs Inc,45856100,32.36,3.64,4.31,3.53,28.360000000000003,13.2026,12642666
2026-05-22,2026-05-22 21:09:59 EDT,36,AAPL,Apple Inc,43670223,1.26,308.82,311.4,305.84,1.82,0.003,4535749279920
2026-05-22,2026-05-22 21:09:59 EDT,37,MDLN,MEDLINE INC,43070555,-0.24,37.01,38.4,36.97,3.8699999999999997,0.0328,48619793178
2026-05-22,2026-05-22 21:09:59 EDT,38,RYOJ,Ryojbaba Co. Ltd.,41283106,148.76,5.0,8.1,2.43,282.09,3.5743,57750000
2026-05-22,2026-05-22 21:09:59 EDT,39,OPEN,Opendoor Technologies Inc,41206027,-0.88,4.53,4.62,4.455,3.61,0.0427,4370256942
2026-05-22,2026-05-22 21:09:59 EDT,40,SIDU,Sidus Space Inc,40583051,23.97,5.12,5.22,4.15,25.91,0.5019,414028052
2026-05-22,2026-05-22 21:09:59 EDT,41,MTVA,MetaVia Inc,40338057,34.150000000000006,3.85,4.31,3.35,33.45,7.8108,19882824
2026-05-22,2026-05-22 21:09:59 EDT,42,MARA,MARA Holdings Inc,40169120,1.92,13.81,14.11,13.41,5.17,0.1054,5265345646
2026-05-22,2026-05-22 21:09:59 EDT,43,KEEL,Keel Infrastructure Corp,40109691,3.66,4.81,5.03,4.57,9.91,0.0665,2899686912
2026-05-22,2026-05-22 21:09:59 EDT,44,SMCI,Super Micro Computer Inc,39440978,6.34,35.58,35.94,33.68,6.710000000000001,0.0656,21398469589
2026-05-22,2026-05-22 21:09:59 EDT,45,PATH,Uipath Inc,39347026,3.4099999999999997,10.93,11.11,10.67,4.16,0.0756,5688446329
2026-05-22,2026-05-22 21:09:59 EDT,46,PCLA,PicoCELA,37042732,194.22,6.62,7.4,4.54,127.10999999999999,3.8531,63643389
2026-05-22,2026-05-22 21:09:59 EDT,47,IREN,IREN Ltd,36358440,-2.12,56.83,58.82,55.56,5.609999999999999,0.1017,20309830043
2026-05-22,2026-05-22 21:09:59 EDT,48,SPCE,Virgin Galactic Holdings Inc,36357526,17.82,3.24,3.42,2.775,23.44,0.3611,326214339
2026-05-22,2026-05-22 21:09:59 EDT,49,JOBY,Joby Aviation Inc,36013418,5.0,10.92,11.25,10.42,7.9799999999999995,0.0366,10741379943
2026-05-22,2026-05-22 21:09:59 EDT,50,MU,Micron Technology Inc,36002915,-1.46,751.0,780.2,747.2,4.32,0.0319,846928272301
2026-05-22,2026-05-22 21:09:59 EDT,51,GPUS,Hyperscale Data Inc.,35653773,3.81,0.1635,0.168,0.154,8.89,0.0735,79365601
2026-05-22,2026-05-22 21:09:59 EDT,52,PTON,"Peloton Interactive, Inc.",34904214,10.23,5.71,5.79,5.38,7.84,0.0806,2472383891
2026-05-22,2026-05-22 21:09:59 EDT,53,AMD,Advanced Micro Devices Inc,34758602,3.9899999999999998,467.51,481.41,461.71,4.37,0.0213,762322104738
2026-05-22,2026-05-22 21:09:59 EDT,54,AKTX,Akari Therapeutics Plc,34043144,255.45,18.27,18.99,8.58,202.51000000000002,29.7427,20911604
2026-05-22,2026-05-22 21:09:59 EDT,55,POET,Poet Technologies Inc,33765990,-1.55,14.59,15.4,14.32,7.290000000000001,0.1956,2518166973
2026-05-22,2026-05-22 21:09:59 EDT,56,ORBS,Eightco Holdings Ord Shs,33289014,3.81,0.9447,1.065,0.9014,17.98,0.0886,354994910
2026-05-22,2026-05-22 21:09:59 EDT,57,RKLB,Rocket Lab Usa Inc,32970699,8.219999999999999,135.76,139.76,131.31,6.74,0.057,78571234402
2026-05-22,2026-05-22 21:09:59 EDT,58,SOUN,SOUNDHOUND AI INC,32945215,-1.7999999999999998,8.17,8.84,8.09,9.01,0.0761,3535727917
2026-05-22,2026-05-22 21:09:59 EDT,59,BTBT,Bit Digital Inc,32729143,2.58,1.99,2.07,1.94,6.7,0.0937,694888935
2026-05-22,2026-05-22 21:09:59 EDT,60,CXAI,CXApp,32517049,-9.25,0.1815,0.2346,0.1782,28.199999999999996,0.4639,12721203
2026-05-22,2026-05-22 21:09:59 EDT,61,RIG,Transocean,31891909,-0.15,6.81,6.86,6.65,3.08,0.0286,7602964408
2026-05-22,2026-05-22 21:09:59 EDT,62,VCIG,VCI Global Ltd,31792471,64.79,1.33,1.47,0.7821,85.22999999999999,13.9737,3025972
2026-05-22,2026-05-22 21:09:59 EDT,63,LAES,Sealsq Corp,31404158,3.36,3.38,3.56,3.25,9.48,0.141,752976116
2026-05-22,2026-05-22 21:09:59 EDT,64,HPE,Hewlett Packard Enterprise Co,30722422,10.63,37.58,37.75,34.5,9.55,0.0232,49863176664
2026-05-22,2026-05-22 21:09:59 EDT,65,ASTS,Ast Spacemobile Inc,30710495,10.01,105.86,107.59,98.41,9.51,0.0791,41086867191
2026-05-22,2026-05-22 21:09:59 EDT,66,GRAB,Grab Holdings Limited,30655749,-1.4000000000000001,3.51,3.62,3.49,3.65,0.0075,14355900000
2026-05-22,2026-05-22 21:09:59 EDT,67,QCOM,Qualcomm Inc,30375674,11.600000000000001,238.16,243.0,214.17,13.51,0.0288,251020640000
2026-05-22,2026-05-22 21:09:59 EDT,68,WMT,Walmart,30330576,-0.88,120.27,121.95,118.91,2.5,0.0038,958671029239
2026-05-22,2026-05-22 21:09:59 EDT,69,SMR,NuScale Power Corporation,30207994,0.62,11.4,11.81,11.14,5.91,0.0827,4166485178
2026-05-22,2026-05-22 21:09:59 EDT,70,BYND,Beyond Meat,30014604,-2.87,0.7659,0.8148,0.7571,7.32,0.0582,394700738
2026-05-22,2026-05-22 21:09:59 EDT,71,PLTR,Palantir Technologies Inc,27578014,-0.38999999999999996,136.88,139.02,134.3,3.4299999999999997,0.0115,328144063411
2026-05-22,2026-05-22 21:09:59 EDT,72,AMZN,Amazon Com,27535526,-0.8,266.32,269.79,266.24,1.32,0.0026,2864833384995
2026-05-22,2026-05-22 21:09:59 EDT,73,BULL,Webull,27372804,-6.510000000000001,6.18,6.57,6.06,7.720000000000001,0.0515,3286639349
2026-05-22,2026-05-22 21:09:59 EDT,74,RIVN,"Rivian Automotive, Inc. / De",27073398,0.49,14.22,14.4,14.08,2.3,0.0215,17923214690
2026-05-22,2026-05-22 21:09:59 EDT,75,BAC,Bank of America Corp,26683681,0.6,51.8,52.15,51.65,0.95,0.0038,367603395721
2026-05-22,2026-05-22 21:09:59 EDT,76,CMCSA,Comcast Corp,26578100,0.5,25.21,25.35,24.91,1.7500000000000002,0.0074,90038020779
2026-05-22,2026-05-22 21:09:59 EDT,77,LIMN,Liminatus Pharma,26448558,-31.14,0.1694,0.182,0.132,20.330000000000002,0.5893,7602271
2026-05-22,2026-05-22 21:09:59 EDT,78,ABEV,Ambev,26066304,-2.1399999999999997,3.2,3.24,3.18,1.83,0.0017,49909420800
2026-05-22,2026-05-22 21:09:59 EDT,79,AUR,Aurora Innovation Inc,25529938,-1.39,7.07,7.46,7.03,6.0,0.013,13865705839
2026-05-22,2026-05-22 21:09:59 EDT,80,T,At&T,25280871,-0.32,25.26,25.43,25.19,0.95,0.0036,175515038972
2026-05-22,2026-05-22 21:09:59 EDT,81,BMNR,Bitmine Immersion Technologies Inc,24657547,-3.7199999999999998,18.88,19.87,18.82,5.38,0.0459,10150432102
2026-05-22,2026-05-22 21:09:59 EDT,82,EOSE,Eos Energy Enterprises Inc,24593893,-1.35,8.06,8.64,7.99,7.969999999999999,0.0724,2736483057
2026-05-22,2026-05-22 21:09:59 EDT,83,STLA,Stellantis N.V,24484481,0.66,7.61,7.73,7.51,2.8400000000000003,0.0085,22050034091
2026-05-22,2026-05-22 21:09:59 EDT,84,NFLX,Netflix Inc,23847195,-0.7799999999999999,88.6,89.97,88.17,2.02,0.0057,373076749580
2026-05-22,2026-05-22 21:09:59 EDT,85,GDC,GD CULTURE GROUP LTD,23722437,-1.3599999999999999,0.109,0.118,0.1009,15.479999999999999,0.3904,6622808
2026-05-22,2026-05-22 21:09:59 EDT,86,JBLU,Jetblue Awys Corp,23701943,0.8,5.05,5.11,4.95,3.19,0.0637,1878695414
2026-05-22,2026-05-22 21:09:59 EDT,87,NOW,Servicenow Inc,23646295,2.45,102.13,104.59,99.43,5.17,0.0229,105327486040
2026-05-22,2026-05-22 21:09:59 EDT,88,IOVA,Iovance Biotherp,23101121,11.08,4.11,4.2,3.69,13.780000000000001,0.0517,1835124847
2026-05-22,2026-05-22 21:09:59 EDT,89,SRXH,SRX Health Solutions Inc,22678143,-1.55,0.127,0.1275,0.1226,3.49,0.0384,74962355
2026-05-22,2026-05-22 21:09:59 EDT,90,MSFT,Microsoft Corp,22390344,-0.12,418.57,424.4,416.33,1.92,0.003,3109319914053
2026-05-22,2026-05-22 21:09:59 EDT,91,PFE,Pfizer,22320030,-0.19,25.9,26.15,25.76,1.5,0.0039,147615603977
2026-05-22,2026-05-22 21:09:59 EDT,92,CSCO,Cisco Sys Inc,22237164,1.87,120.41,120.79,117.68,2.6100000000000003,0.0056,475606621187
2026-05-22,2026-05-22 21:09:59 EDT,93,APLD,Applied Digital,22215231,-4.4799999999999995,45.87,48.5,45.41,6.43,0.0777,13108248753
2026-05-22,2026-05-22 21:09:59 EDT,94,PURR,Hyperliquid Strategies Inc,22015327,-9.55,7.67,8.76,7.38,16.27,0.1635,1032547449
2026-05-22,2026-05-22 21:09:59 EDT,95,SNAP,Snap Inc,21693939,0.53,5.72,5.84,5.65,3.34,0.0131,9478960542
2026-05-22,2026-05-22 21:09:59 EDT,96,SLNH,SOLUNA HOLDINGS INC,21394744,-2.29,1.71,1.89,1.7,10.86,0.1356,269747975
2026-05-22,2026-05-22 21:09:59 EDT,97,QS,Quantumscape Corp,21355074,-2.15,8.2,8.57,8.09,5.7299999999999995,0.0347,5044189623
2026-05-22,2026-05-22 21:09:59 EDT,98,CLSK,Cleanspark Inc,21145807,1.3299999999999998,15.97,16.66,15.71,6.0,0.0824,4098039437
2026-05-22,2026-05-22 21:09:59 EDT,99,GMM,Global Mofy AI Ltd,20939686,-72.1,0.2711,0.3713,0.264,10.95,0.4061,13980099
2026-05-22,2026-05-22 21:09:59 EDT,100,HOOD,"Robinhood Markets, Inc.",20817545,-3.0,73.64,77.11,73.26,5.07,0.0231,66313192397
2026-05-25,2026-05-22 21:09:59 EDT,1,QTEX,QTREX Quantum Ltd.,788564742,140.01,0.727,1.06,0.4413,204.26000000000002,17.7312,32332060
2026-05-25,2026-05-22 21:09:59 EDT,2,MEHA,Functional Brands Inc,628189656,38.690000000000005,0.1061,0.1578,0.0965,80.13,28.6676,2324955
2026-05-25,2026-05-22 21:09:59 EDT,3,RGTI,Rigetti Computing Inc,204233224,19.869999999999997,26.42,27.79,22.66,23.25,0.6144,8781976480
2026-05-25,2026-05-22 21:09:59 EDT,4,KIDZ,"Classover Holdings, Inc.",173549152,24.73,0.458,0.6884,0.4345,69.06,21.8464,3638379
2026-05-25,2026-05-22 21:09:59 EDT,5,NVDA,Nvidia Corporation,169275710,-1.9,215.33,221.01,214.8,2.8000000000000003,0.007,5215405696699
2026-05-25,2026-05-22 21:09:59 EDT,6,QBTS,D Wave Quantum,141703186,14.219999999999999,29.4,31.55,26.11,21.13,0.3864,10782085469
2026-05-25,2026-05-22 21:09:59 EDT,7,NOK,Nokia,127724373,9.1,15.47,15.78,14.58,8.5,0.0228,86519255862
2026-05-25,2026-05-22 21:09:59 EDT,8,WOK,WORK Medical Technology Group LTD,120787848,-30.06,0.1119,0.1373,0.1118,15.939999999999998,70.038,192983
2026-05-25,2026-05-22 21:09:59 EDT,9,F,Ford Mtr Co Del,109712162,9.22,14.93,14.95,13.77,8.63,0.0275,59491460965
2026-05-25,2026-05-22 21:09:59 EDT,10,BIYA,Baiya International Group Inc,101542215,110.53,1.3,1.46,1.02,71.26,17.2488,7652998
2026-05-25,2026-05-22 21:09:59 EDT,11,AAL,American Airline,99284833,1.91,13.85,14.18,13.58,4.38,0.1501,9160184147
2026-05-25,2026-05-22 21:09:59 EDT,12,NIO,Nio Inc.,87983830,-7.140000000000001,5.2,5.28,5.12,2.86,0.0351,13029468514
2026-05-25,2026-05-22 21:09:59 EDT,13,INTC,Intel Corp,82663024,1.13,119.84,122.78,118.09,3.9600000000000004,0.0164,602315840000
2026-05-25,2026-05-22 21:09:59 EDT,14,ACHR,Archer Aviation Inc,79302266,3.92,6.36,6.43,6.15,4.66,0.1044,4831043337
2026-05-25,2026-05-22 21:09:59 EDT,15,LFS,Leifras Co. Ltd.,77867638,89.33,3.55,4.58,3.15,76.27000000000001,2.9765,92870197
2026-05-25,2026-05-22 21:09:59 EDT,16,TIGR,Up Fintech Hldg Ltd,72549714,-25.34,4.36,4.74,4.0,12.67,0.3861,819193236
2026-05-25,2026-05-22 21:09:59 EDT,17,PLUG,Plug Power,71431978,0.0,3.78,3.92,3.69,6.08,0.0512,5273361129
2026-05-25,2026-05-22 21:09:59 EDT,18,QUBT,Quantum Computing Inc,68053940,7.89,12.31,13.39,11.61,15.6,0.3017,2776335689
2026-05-25,2026-05-22 21:09:59 EDT,19,INFQ,Infleqtion Inc,65623640,11.219999999999999,16.35,18.2,15.71,16.939999999999998,0.3032,3539316006
2026-05-25,2026-05-22 21:09:59 EDT,20,BBAI,BIGBEAR AI HLDGS INC,65595698,-0.48,4.18,4.59,4.11,11.43,0.137,2002008701
2026-05-25,2026-05-22 21:09:59 EDT,21,TE,T1 Energy,62714487,-7.340000000000001,8.08,8.74,7.72,11.68,0.2246,2256512750
2026-05-25,2026-05-22 21:09:59 EDT,22,FUTU,Futu Holdings Limited,61357709,-27.529999999999998,89.76,94.88,80.5,11.57,0.4377,12583857153
2026-05-25,2026-05-22 21:09:59 EDT,23,ONDS,Ondas Holdings Inc.,59348684,-1.31,9.06,9.57,9.06,5.5,0.1197,4491609609
2026-05-25,2026-05-22 21:09:59 EDT,24,SOFI,Sofi Technologies Inc,58168199,-0.19,15.62,15.93,15.36,3.64,0.0453,20036417544
2026-05-25,2026-05-22 21:09:59 EDT,25,BB,Blackberry,57770284,18.95,7.91,8.03,6.7,20.0,0.0986,4635745729
2026-05-25,2026-05-22 21:09:59 EDT,26,DVLT,Datavault AI Inc,57118248,11.129999999999999,0.4642,0.4835,0.415,16.400000000000002,0.0668,397151878
2026-05-25,2026-05-22 21:09:59 EDT,27,RDW,Redwire Corporation,55447729,13.94,17.49,17.89,15.7,14.27,0.2787,3479088552
2026-05-25,2026-05-22 21:09:59 EDT,28,IONQ,Ionq Inc,52650118,8.07,63.64,65.8,58.0,12.959999999999999,0.1411,23754899490
2026-05-25,2026-05-22 21:09:59 EDT,29,NVTS,Navitas Semiconductor Corp,51180816,19.98,29.25,29.5,24.41,20.880000000000003,0.219,6836110105
2026-05-25,2026-05-22 21:09:59 EDT,30,NU,Nu Hldgs Ltd,49641713,-3.27,12.73,13.26,12.71,4.18,0.0102,61875428337
2026-05-25,2026-05-22 21:09:59 EDT,31,HPQ,Hp Inc,48674187,15.25,25.24,25.57,22.58,13.63,0.0532,23083247022
2026-05-25,2026-05-22 21:09:59 EDT,32,NXXT,NextNRG Inc.,48598030,23.05,0.861,0.96,0.6908,38.43,0.309,135399962
2026-05-25,2026-05-22 21:09:59 EDT,33,HIVE,HIVE Digital Technologies Ltd,47046977,5.71,4.07,4.23,3.75,12.47,0.1858,1030755053
2026-05-25,2026-05-22 21:09:59 EDT,34,TSLA,Tesla Inc,46104710,1.95,426.01,431.51,420.51,2.63,0.0123,1599975926284
2026-05-25,2026-05-22 21:09:59 EDT,35,GOVX,Geovax Labs Inc,45856100,32.36,3.64,4.31,3.53,28.360000000000003,13.2026,12642666
2026-05-25,2026-05-22 21:09:59 EDT,36,AAPL,Apple Inc,43670223,1.26,308.82,311.4,305.84,1.82,0.003,4535749279920
2026-05-25,2026-05-22 21:09:59 EDT,37,MDLN,MEDLINE INC,43070555,-0.24,37.01,38.4,36.97,3.8699999999999997,0.0328,48619793178
2026-05-25,2026-05-22 21:09:59 EDT,38,RYOJ,Ryojbaba Co. Ltd.,41283106,148.76,5.0,8.1,2.43,282.09,3.5743,57750000
2026-05-25,2026-05-22 21:09:59 EDT,39,OPEN,Opendoor Technologies Inc,41206027,-0.88,4.53,4.62,4.455,3.61,0.0427,4370256942
2026-05-25,2026-05-22 21:09:59 EDT,40,SIDU,Sidus Space Inc,40583051,23.97,5.12,5.22,4.15,25.91,0.5019,414028052
2026-05-25,2026-05-22 21:09:59 EDT,41,MTVA,MetaVia Inc,40338057,34.150000000000006,3.85,4.31,3.35,33.45,7.8108,19882824
2026-05-25,2026-05-22 21:09:59 EDT,42,MARA,MARA Holdings Inc,40169120,1.92,13.81,14.11,13.41,5.17,0.1054,5265345646
2026-05-25,2026-05-22 21:09:59 EDT,43,KEEL,Keel Infrastructure Corp,40109691,3.66,4.81,5.03,4.57,9.91,0.0665,2899686912
2026-05-25,2026-05-22 21:09:59 EDT,44,SMCI,Super Micro Computer Inc,39440978,6.34,35.58,35.94,33.68,6.710000000000001,0.0656,21398469589
2026-05-25,2026-05-22 21:09:59 EDT,45,PATH,Uipath Inc,39347026,3.4099999999999997,10.93,11.11,10.67,4.16,0.0756,5688446329
2026-05-25,2026-05-22 21:09:59 EDT,46,PCLA,PicoCELA,37042732,194.22,6.62,7.4,4.54,127.10999999999999,3.8531,63643389
2026-05-25,2026-05-22 21:09:59 EDT,47,IREN,IREN Ltd,36358440,-2.12,56.83,58.82,55.56,5.609999999999999,0.1017,20309830043
2026-05-25,2026-05-22 21:09:59 EDT,48,SPCE,Virgin Galactic Holdings Inc,36357526,17.82,3.24,3.42,2.775,23.44,0.3611,326214339
2026-05-25,2026-05-22 21:09:59 EDT,49,JOBY,Joby Aviation Inc,36013418,5.0,10.92,11.25,10.42,7.9799999999999995,0.0366,10741379943
2026-05-25,2026-05-22 21:09:59 EDT,50,MU,Micron Technology Inc,36002915,-1.46,751.0,780.2,747.2,4.32,0.0319,846928272301
2026-05-25,2026-05-22 21:09:59 EDT,51,GPUS,Hyperscale Data Inc.,35653773,3.81,0.1635,0.168,0.154,8.89,0.0735,79365601
2026-05-25,2026-05-22 21:09:59 EDT,52,PTON,"Peloton Interactive, Inc.",34904214,10.23,5.71,5.79,5.38,7.84,0.0806,2472383891
2026-05-25,2026-05-22 21:09:59 EDT,53,AMD,Advanced Micro Devices Inc,34758602,3.9899999999999998,467.51,481.41,461.71,4.37,0.0213,762322104738
2026-05-25,2026-05-22 21:09:59 EDT,54,AKTX,Akari Therapeutics Plc,34043144,255.45,18.27,18.99,8.58,202.51000000000002,29.7427,20911604
2026-05-25,2026-05-22 21:09:59 EDT,55,POET,Poet Technologies Inc,33765990,-1.55,14.59,15.4,14.32,7.290000000000001,0.1956,2518166973
2026-05-25,2026-05-22 21:09:59 EDT,56,ORBS,Eightco Holdings Ord Shs,33289014,3.81,0.9447,1.065,0.9014,17.98,0.0886,354994910
2026-05-25,2026-05-22 21:09:59 EDT,57,RKLB,Rocket Lab Usa Inc,32970699,8.219999999999999,135.76,139.76,131.31,6.74,0.057,78571234402
2026-05-25,2026-05-22 21:09:59 EDT,58,SOUN,SOUNDHOUND AI INC,32945215,-1.7999999999999998,8.17,8.84,8.09,9.01,0.0761,3535727917
2026-05-25,2026-05-22 21:09:59 EDT,59,BTBT,Bit Digital Inc,32729143,2.58,1.99,2.07,1.94,6.7,0.0937,694888935
2026-05-25,2026-05-22 21:09:59 EDT,60,CXAI,CXApp,32517049,-9.25,0.1815,0.2346,0.1782,28.199999999999996,0.4639,12721203
2026-05-25,2026-05-22 21:09:59 EDT,61,RIG,Transocean,31891909,-0.15,6.81,6.86,6.65,3.08,0.0286,7602964408
2026-05-25,2026-05-22 21:09:59 EDT,62,VCIG,VCI Global Ltd,31792471,64.79,1.33,1.47,0.7821,85.22999999999999,13.9737,3025972
2026-05-25,2026-05-22 21:09:59 EDT,63,LAES,Sealsq Corp,31404158,3.36,3.38,3.56,3.25,9.48,0.141,752976116
2026-05-25,2026-05-22 21:09:59 EDT,64,HPE,Hewlett Packard Enterprise Co,30722422,10.63,37.58,37.75,34.5,9.55,0.0232,49863176664
2026-05-25,2026-05-22 21:09:59 EDT,65,ASTS,Ast Spacemobile Inc,30710495,10.01,105.86,107.59,98.41,9.51,0.0791,41086867191
2026-05-25,2026-05-22 21:09:59 EDT,66,GRAB,Grab Holdings Limited,30655749,-1.4000000000000001,3.51,3.62,3.49,3.65,0.0075,14355900000
2026-05-25,2026-05-22 21:09:59 EDT,67,QCOM,Qualcomm Inc,30375674,11.600000000000001,238.16,243.0,214.17,13.51,0.0288,251020640000
2026-05-25,2026-05-22 21:09:59 EDT,68,WMT,Walmart,30330576,-0.88,120.27,121.95,118.91,2.5,0.0038,958671029239
2026-05-25,2026-05-22 21:09:59 EDT,69,SMR,NuScale Power Corporation,30207994,0.62,11.4,11.81,11.14,5.91,0.0827,4166485178
2026-05-25,2026-05-22 21:09:59 EDT,70,BYND,Beyond Meat,30014604,-2.87,0.7659,0.8148,0.7571,7.32,0.0582,394700738
2026-05-25,2026-05-22 21:09:59 EDT,71,PLTR,Palantir Technologies Inc,27578014,-0.38999999999999996,136.88,139.02,134.3,3.4299999999999997,0.0115,328144063411
2026-05-25,2026-05-22 21:09:59 EDT,72,AMZN,Amazon Com,27535526,-0.8,266.32,269.79,266.24,1.32,0.0026,2864833384995
2026-05-25,2026-05-22 21:09:59 EDT,73,BULL,Webull,27372804,-6.510000000000001,6.18,6.57,6.06,7.720000000000001,0.0515,3286639349
2026-05-25,2026-05-22 21:09:59 EDT,74,RIVN,"Rivian Automotive, Inc. / De",27073398,0.49,14.22,14.4,14.08,2.3,0.0215,17923214690
2026-05-25,2026-05-22 21:09:59 EDT,75,BAC,Bank of America Corp,26683681,0.6,51.8,52.15,51.65,0.95,0.0038,367603395721
2026-05-25,2026-05-22 21:09:59 EDT,76,CMCSA,Comcast Corp,26578100,0.5,25.21,25.35,24.91,1.7500000000000002,0.0074,90038020779
2026-05-25,2026-05-22 21:09:59 EDT,77,LIMN,Liminatus Pharma,26448558,-31.14,0.1694,0.182,0.132,20.330000000000002,0.5893,7602271
2026-05-25,2026-05-22 21:09:59 EDT,78,ABEV,Ambev,26066304,-2.1399999999999997,3.2,3.24,3.18,1.83,0.0017,49909420800
2026-05-25,2026-05-22 21:09:59 EDT,79,AUR,Aurora Innovation Inc,25529938,-1.39,7.07,7.46,7.03,6.0,0.013,13865705839
2026-05-25,2026-05-22 21:09:59 EDT,80,T,At&T,25280871,-0.32,25.26,25.43,25.19,0.95,0.0036,175515038972
2026-05-25,2026-05-22 21:09:59 EDT,81,BMNR,Bitmine Immersion Technologies Inc,24657547,-3.7199999999999998,18.88,19.87,18.82,5.38,0.0459,10150432102
2026-05-25,2026-05-22 21:09:59 EDT,82,EOSE,Eos Energy Enterprises Inc,24593893,-1.35,8.06,8.64,7.99,7.969999999999999,0.0724,2736483057
2026-05-25,2026-05-22 21:09:59 EDT,83,STLA,Stellantis N.V,24484481,0.66,7.61,7.73,7.51,2.8400000000000003,0.0085,22050034091
2026-05-25,2026-05-22 21:09:59 EDT,84,NFLX,Netflix Inc,23847195,-0.7799999999999999,88.6,89.97,88.17,2.02,0.0057,373076749580
2026-05-25,2026-05-22 21:09:59 EDT,85,GDC,GD CULTURE GROUP LTD,23722437,-1.3599999999999999,0.109,0.118,0.1009,15.479999999999999,0.3904,6622808
2026-05-25,2026-05-22 21:09:59 EDT,86,JBLU,Jetblue Awys Corp,23701943,0.8,5.05,5.11,4.95,3.19,0.0637,1878695414
2026-05-25,2026-05-22 21:09:59 EDT,87,NOW,Servicenow Inc,23646295,2.45,102.13,104.59,99.43,5.17,0.0229,105327486040
2026-05-25,2026-05-22 21:09:59 EDT,88,IOVA,Iovance Biotherp,23101121,11.08,4.11,4.2,3.69,13.780000000000001,0.0517,1835124847
2026-05-25,2026-05-22 21:09:59 EDT,89,SRXH,SRX Health Solutions Inc,22678143,-1.55,0.127,0.1275,0.1226,3.49,0.0384,74962355
2026-05-25,2026-05-22 21:09:59 EDT,90,MSFT,Microsoft Corp,22390344,-0.12,418.57,424.4,416.33,1.92,0.003,3109319914053
2026-05-25,2026-05-22 21:09:59 EDT,91,PFE,Pfizer,22320030,-0.19,25.9,26.15,25.76,1.5,0.0039,147615603977
2026-05-25,2026-05-22 21:09:59 EDT,92,CSCO,Cisco Sys Inc,22237164,1.87,120.41,120.79,117.68,2.6100000000000003,0.0056,475606621187
2026-05-25,2026-05-22 21:09:59 EDT,93,APLD,Applied Digital,22215231,-4.4799999999999995,45.87,48.5,45.41,6.43,0.0777,13108248753
2026-05-25,2026-05-22 21:09:59 EDT,94,PURR,Hyperliquid Strategies Inc,22015327,-9.55,7.67,8.76,7.38,16.27,0.1635,1032547449
2026-05-25,2026-05-22 21:09:59 EDT,95,SNAP,Snap Inc,21693939,0.53,5.72,5.84,5.65,3.34,0.0131,9478960542
2026-05-25,2026-05-22 21:09:59 EDT,96,SLNH,SOLUNA HOLDINGS INC,21394744,-2.29,1.71,1.89,1.7,10.86,0.1356,269747975
2026-05-25,2026-05-22 21:09:59 EDT,97,QS,Quantumscape Corp,21355074,-2.15,8.2,8.57,8.09,5.7299999999999995,0.0347,5044189623
2026-05-25,2026-05-22 21:09:59 EDT,98,CLSK,Cleanspark Inc,21145807,1.3299999999999998,15.97,16.66,15.71,6.0,0.0824,4098039437
2026-05-25,2026-05-22 21:09:59 EDT,99,GMM,Global Mofy AI Ltd,20939686,-72.1,0.2711,0.3713,0.264,10.95,0.4061,13980099
2026-05-25,2026-05-22 21:09:59 EDT,100,HOOD,"Robinhood Markets, Inc.",20817545,-3.0,73.64,77.11,73.26,5.07,0.0231,66313192397
2026-05-26,2026-05-26 09:31:07 EDT,1,OTLK,Outlook Therapeutics Inc,340523920,29.14,0.4002,0.5069,0.375,42.559999999999995,2.8175,48369473
2026-05-26,2026-05-26 09:31:07 EDT,2,UZX,Linkage Global Inc,290395341,72.65,0.7702,1.05,0.6702,85.14,22.3705,9998110
2026-05-26,2026-05-26 09:31:07 EDT,3,NCRA,Nocera,242289387,22.759999999999998,0.2999,0.6015,0.2709,135.32999999999998,14.1893,5120933
2026-05-26,2026-05-26 09:31:07 EDT,4,QTEX,QTREX Quantum Ltd.,211217971,109.08,1.52,1.59,1.11,66.02,4.7495,67599355
2026-05-26,2026-05-26 09:31:07 EDT,5,WOK,WORK Medical Technology Group LTD,202332757,-0.8,0.111,0.129,0.1064,20.200000000000003,117.3213,191431
2026-05-26,2026-05-26 09:31:07 EDT,6,NOK,Nokia,184554166,6.34,16.46,16.63,15.66,6.239999999999999,0.033,92028077259
2026-05-26,2026-05-26 09:31:07 EDT,7,NVDA,Nvidia Corporation,182129253,-0.22,214.86,218.18,212.0,2.87,0.0075,5199612000000
2026-05-26,2026-05-26 09:31:07 EDT,8,YMAT,J-Star Holding,117907759,203.16,1.38,1.66,1.22,96.66,5.8805,27669712
2026-05-26,2026-05-26 09:31:07 EDT,9,PLUG,Plug Power,111241034,1.59,3.84,4.03,3.68,9.26,0.0797,5357065274
2026-05-26,2026-05-26 09:31:07 EDT,10,AAL,American Airline,109655247,7.180000000000001,14.85,14.94,14.29,4.66,0.1658,9818262358
2026-05-26,2026-05-26 09:31:07 EDT,11,GPUS,Hyperscale Data Inc.,107076538,4.77,0.1718,0.1796,0.165,8.93,0.2206,83394558
2026-05-26,2026-05-26 09:31:07 EDT,12,INTC,Intel Corp,107044269,3.0700000000000003,123.52,125.62,117.35,6.9,0.0213,620811520000
2026-05-26,2026-05-26 09:31:07 EDT,13,RDW,Redwire Corporation,104385942,25.900000000000002,22.02,23.1,19.22,22.18,0.5248,4380190390
2026-05-26,2026-05-26 09:31:07 EDT,14,F,Ford Mtr Co Del,88119594,2.65,15.33,15.55,14.78,5.12,0.0221,61085338017
2026-05-26,2026-05-26 09:31:07 EDT,15,RGTI,Rigetti Computing Inc,88008807,-5.13,25.07,26.57,23.72,10.79,0.2648,8331576097
2026-05-26,2026-05-26 09:31:07 EDT,16,PTON,"Peloton Interactive, Inc.",85173358,1.05,5.77,5.79,5.61,3.2399999999999998,0.1967,2498363407
2026-05-26,2026-05-26 09:31:07 EDT,17,ONDS,Ondas Holdings Inc.,82209913,7.84,9.77,10.26,9.31,10.51,0.1658,4843601090
2026-05-26,2026-05-26 09:31:07 EDT,18,SOFI,Sofi Technologies Inc,79722129,2.3,15.98,16.95,15.86,6.98,0.0622,20498204376
2026-05-26,2026-05-26 09:31:07 EDT,19,MNTS,Momentus Inc,77756287,109.75999999999999,15.48,16.28,11.86,59.89,7.7815,154682321
2026-05-26,2026-05-26 09:31:07 EDT,20,ACHR,Archer Aviation Inc,74934305,2.1999999999999997,6.5,6.77,6.39,6.05,0.0987,4937387058
2026-05-26,2026-05-26 09:31:07 EDT,21,MU,Micron Technology Inc,74582642,19.29,895.88,916.76,820.3,12.839999999999998,0.0661,1010314381609
2026-05-26,2026-05-26 09:31:07 EDT,22,TE,T1 Energy,70558243,29.32,10.45,10.8,8.48,28.71,0.2528,2914871286
2026-05-26,2026-05-26 09:31:07 EDT,23,GDC,GD CULTURE GROUP LTD,69893434,1.83,0.111,0.1289,0.104,22.84,1.1503,6744327
2026-05-26,2026-05-26 09:31:07 EDT,24,PHGE,Biomx Inc,68652983,98.41,1.62,1.73,1.43,36.74,6.7663,16437355
2026-05-26,2026-05-26 09:31:07 EDT,25,VCIG,VCI Global Ltd,65650554,118.05000000000001,2.9,3.14,1.38,132.32999999999998,28.8553,6597984
2026-05-26,2026-05-26 09:31:07 EDT,26,SIDU,Sidus Space Inc,59294851,21.09,6.2,6.64,5.0,32.029999999999994,0.7333,501362094
2026-05-26,2026-05-26 09:31:07 EDT,27,BB,Blackberry,58097884,6.569999999999999,8.43,8.6,7.98,7.84,0.0991,4940497661
2026-05-26,2026-05-26 09:31:07 EDT,28,QBTS,D Wave Quantum,54161603,-5.43,27.82,29.48,26.33,10.71,0.1477,10202640059
2026-05-26,2026-05-26 09:31:07 EDT,29,PATH,Uipath Inc,51126542,1.46,11.1,11.4,10.73,6.13,0.0982,5776921706
2026-05-26,2026-05-26 09:31:07 EDT,30,LUNR,Intuitive Machines Inc,50285027,-8.89,34.86,45.52,31.35,37.03,0.2317,7565350282
2026-05-26,2026-05-26 09:31:07 EDT,31,CODX,Co-Diagnostics Inc,50270387,79.67999999999999,9.11,10.8,6.33,88.14,13.9549,32818456
2026-05-26,2026-05-26 09:31:07 EDT,32,NVTS,Navitas Semiconductor Corp,49640712,8.68,31.79,33.82,30.6,11.01,0.2124,7429741547
2026-05-26,2026-05-26 09:31:07 EDT,33,JOBY,Joby Aviation Inc,47448621,5.489999999999999,11.51,11.79,11.08,6.49,0.0482,11321729226
2026-05-26,2026-05-26 09:31:07 EDT,34,ASTS,Ast Spacemobile Inc,46981321,13.07,119.7,127.1,112.46,13.83,0.121,46458511268
2026-05-26,2026-05-26 09:31:07 EDT,35,ORBS,Eightco Holdings Ord Shs,46799570,9.030000000000001,1.03,1.21,1.01,21.17,0.1245,387048542
2026-05-26,2026-05-26 09:31:07 EDT,36,BBAI,BIGBEAR AI HLDGS INC,46349161,0.0,4.18,4.29,4.065,5.38,0.0968,2002008701
2026-05-26,2026-05-26 09:31:07 EDT,37,AAPL,Apple Inc,46235531,-0.16,308.33,311.82,307.67,1.34,0.0031,4528552475480
2026-05-26,2026-05-26 09:31:07 EDT,38,DVLT,Datavault AI Inc,45652054,6.329999999999999,0.4936,0.519,0.4702,10.51,0.0534,422305400
2026-05-26,2026-05-26 09:31:07 EDT,39,POET,Poet Technologies Inc,45560573,-8.5,13.35,15.08,13.11,13.469999999999999,0.264,2304148670
2026-05-26,2026-05-26 09:31:07 EDT,40,KEEL,Keel Infrastructure Corp,45286827,6.65,5.13,5.33,5.0,6.859999999999999,0.0751,3092597476
2026-05-26,2026-05-26 09:31:07 EDT,41,SMR,NuScale Power Corporation,44326726,7.28,12.23,12.69,11.95,6.54,0.1213,4469834537
2026-05-26,2026-05-26 09:31:07 EDT,42,TSLA,Tesla Inc,44260297,1.78,433.59,435.2,426.12,2.13,0.0118,1628444313226
2026-05-26,2026-05-26 09:31:07 EDT,43,CXAI,CXApp,44239452,25.230000000000004,0.2273,0.2499,0.1861,35.15,0.6312,15931292
2026-05-26,2026-05-26 09:31:07 EDT,44,WULF,Terawulf Inc,43797087,10.34,25.18,25.93,24.2,7.5600000000000005,0.0884,12477512001
2026-05-26,2026-05-26 09:31:07 EDT,45,MARA,MARA Holdings Inc,42445991,3.4000000000000004,14.28,14.87,14.08,5.72,0.1113,5444542782
2026-05-26,2026-05-26 09:31:07 EDT,46,MRVL,Marvell Technology Inc,41269617,6.08,208.26,217.45,200.04,8.870000000000001,0.0471,182342703808
2026-05-26,2026-05-26 09:31:07 EDT,47,SMCI,Super Micro Computer Inc,41147519,4.2700000000000005,37.1,37.91,35.43,6.959999999999999,0.0684,22312625682
2026-05-26,2026-05-26 09:31:07 EDT,48,GRAB,Grab Holdings Limited,40486449,2.2800000000000002,3.59,3.665,3.51,4.42,0.0099,14683100000
2026-05-26,2026-05-26 09:31:07 EDT,49,IREN,IREN Ltd,40348226,5.19,59.78,61.47,58.61,5.029999999999999,0.1129,21364097131
2026-05-26,2026-05-26 09:31:07 EDT,50,GMM,Global Mofy AI Ltd,39210968,-32.5,0.183,0.25,0.1777,26.669999999999998,0.7604,9436953
2026-05-26,2026-05-26 09:31:07 EDT,51,RR,Richtech Robotics Inc-B,39012095,18.279999999999998,3.17,3.28,2.753,19.650000000000002,0.1745,708799234
2026-05-26,2026-05-26 09:31:07 EDT,52,SPCE,Virgin Galactic Holdings Inc,38806195,8.799999999999999,3.525,3.89,3.152,22.78,0.3854,354909118
2026-05-26,2026-05-26 09:31:07 EDT,53,NIO,Nio Inc.,38295515,1.06,5.26,5.38,5.2,3.46,0.0153,13167280200
2026-05-26,2026-05-26 09:31:07 EDT,54,AMD,Advanced Micro Devices Inc,37885271,7.779999999999999,503.89,506.96,480.23,5.72,0.0232,821643355985
2026-05-26,2026-05-26 09:31:07 EDT,55,NU,Nu Hldgs Ltd,37825302,1.92,12.98,13.07,12.65,3.26,0.0078,63090578148
2026-05-26,2026-05-26 09:31:07 EDT,56,AMZN,Amazon Com,37824895,-0.38999999999999996,265.29,269.3,262.07,2.71,0.0035,2853753562276
2026-05-26,2026-05-26 09:31:07 EDT,57,BTBT,Bit Digital Inc,37793519,0.0,1.99,2.08,1.95,6.529999999999999,0.1082,694888935
2026-05-26,2026-05-26 09:31:07 EDT,58,OPEN,Opendoor Technologies Inc,37618565,-1.0999999999999999,4.48,4.77,4.47,6.619999999999999,0.039,4322020111
2026-05-26,2026-05-26 09:31:07 EDT,59,SLNH,SOLUNA HOLDINGS INC,37448984,12.870000000000001,1.93,2.14,1.82,18.709999999999997,0.2374,304452393
2026-05-26,2026-05-26 09:31:07 EDT,60,BYND,Beyond Meat,36880046,0.33,0.7684,0.7918,0.7505,5.390000000000001,0.0716,395989094
2026-05-26,2026-05-26 09:31:07 EDT,61,ALP,Alpha Compute Corp,35724079,24.09,0.4518,0.4749,0.3631,30.709999999999997,1.5244,10587746
2026-05-26,2026-05-26 09:31:07 EDT,62,NXXT,NextNRG Inc.,34812995,-5.45,0.8141,1.02,0.806,24.85,0.2214,128024517
2026-05-26,2026-05-26 09:31:07 EDT,63,RIG,Transocean,34745737,-4.8500000000000005,6.48,6.73,6.44,4.19,0.0311,7228956614
2026-05-26,2026-05-26 09:31:07 EDT,64,QS,Quantumscape Corp,34240382,6.22,8.71,9.04,8.16,10.73,0.0557,5357913611
2026-05-26,2026-05-26 09:31:07 EDT,65,HIVE,HIVE Digital Technologies Ltd,34073068,0.74,4.1,4.35,4.07,6.88,0.1345,1038352757
2026-05-26,2026-05-26 09:31:07 EDT,66,QUBT,Quantum Computing Inc,33661571,-5.12,11.68,12.53,11.27,10.24,0.1493,2634248648
2026-05-26,2026-05-26 09:31:07 EDT,67,HPQ,Hp Inc,33216011,-3.2300000000000004,24.43,25.29,24.17,4.44,0.0363,22337888610
2026-05-26,2026-05-26 09:31:07 EDT,68,INFQ,Infleqtion Inc,33208880,-2.92,15.88,16.65,14.93,10.52,0.1534,3437574200
2026-05-26,2026-05-26 09:31:07 EDT,69,MEHA,Functional Brands Inc,33002930,-19.7,0.0852,0.095,0.085,9.43,1.5061,1866976
2026-05-26,2026-05-26 09:31:07 EDT,70,LAES,Sealsq Corp,32958985,5.33,3.56,3.9,3.48,12.43,0.1479,793075436
2026-05-26,2026-05-26 09:31:07 EDT,71,JBLU,Jetblue Awys Corp,32816842,4.55,5.28,5.42,5.18,4.75,0.0882,1964259760
2026-05-26,2026-05-26 09:31:07 EDT,72,RKLB,Rocket Lab Usa Inc,32459666,5.48,143.2,146.0,138.56,5.48,0.0561,82893822420
2026-05-26,2026-05-26 09:31:07 EDT,73,T,At&T,32277013,-0.91,25.03,25.34,24.86,1.8800000000000001,0.0046,173916921040
2026-05-26,2026-05-26 09:31:07 EDT,74,BMNR,Bitmine Immersion Technologies Inc,32135561,1.8499999999999999,19.23,20.05,19.03,5.43,0.0598,10338602189
2026-05-26,2026-05-26 09:31:07 EDT,75,DNN,Denison Mines,31498818,3.4099999999999997,3.345,3.38,3.27,3.4099999999999997,0.0348,3027281737
2026-05-26,2026-05-26 09:31:07 EDT,76,CLSK,Cleanspark Inc,31464245,7.26,17.13,17.48,16.29,7.449999999999999,0.1226,4395705420
2026-05-26,2026-05-26 09:31:07 EDT,77,PLTR,Palantir Technologies Inc,31382237,-0.2,136.6,138.68,133.3,3.93,0.0131,327472816058
2026-05-26,2026-05-26 09:31:07 EDT,78,EOSE,Eos Energy Enterprises Inc,31086268,8.309999999999999,8.73,9.08,8.17,11.23,0.0916,2963957455
2026-05-26,2026-05-26 09:31:07 EDT,79,QCOM,Qualcomm Inc,30530587,4.4799999999999995,248.82,258.0,235.8,9.32,0.029,262256280000
2026-05-26,2026-05-26 09:31:07 EDT,80,YYGH,YY Group Holdings,30076674,-37.07,0.2363,0.2849,0.1951,23.91,3.2094,2214459
2026-05-26,2026-05-26 09:31:07 EDT,81,IONQ,Ionq Inc,29804479,0.0,63.62,65.0,60.52,7.04,0.0798,23747434091
2026-05-26,2026-05-26 09:31:07 EDT,82,RXRX,"Recursion Pharmaceuticals, Inc.",29482347,-1.3299999999999998,2.97,3.14,2.91,7.64,0.0556,1573818441
2026-05-26,2026-05-26 09:31:07 EDT,83,MSFT,Microsoft Corp,29443485,-0.61,416.03,419.77,413.02,1.6099999999999999,0.004,3090451689905
2026-05-26,2026-05-26 09:31:07 EDT,84,HBAN,Huntington Bancshares Inc,29283977,0.88,16.06,16.19,15.96,1.41,0.0144,32555717227
2026-05-26,2026-05-26 09:31:07 EDT,85,PFE,Pfizer,28958306,-0.19,25.85,25.9,25.66,0.9299999999999999,0.0051,147330631768
2026-05-26,2026-05-26 09:31:07 EDT,86,WMT,Walmart,28631368,-1.41,118.57,121.05,117.92,2.6,0.0036,945120345363
2026-05-26,2026-05-26 09:31:07 EDT,87,TDIC,Dreamland Limited,28511904,13.52,0.4961,0.6154,0.38,53.87,0.6228,22722224
2026-05-26,2026-05-26 09:31:07 EDT,88,SRXH,SRX Health Solutions Inc,28259859,-7.01,0.1181,0.125,0.1181,5.43,0.0479,69709088
2026-05-26,2026-05-26 09:31:07 EDT,89,AMC,Amc Entmt Hldgs Inc,27750994,5.63,1.595,1.62,1.52,6.619999999999999,0.0368,1202903894
2026-05-26,2026-05-26 09:31:07 EDT,90,BAC,Bank of America Corp,27031411,0.83,52.23,52.5,51.88,1.2,0.0038,370654929701
2026-05-26,2026-05-26 09:31:07 EDT,91,ABEV,Ambev,26917792,2.6599999999999997,3.285,3.31,3.235,2.34,0.0017,51235139790
2026-05-26,2026-05-26 09:31:07 EDT,92,ALIT,Alight Inc.,26917530,8.63,0.8869,0.8979,0.8069,11.12,0.0501,476479912
2026-05-26,2026-05-26 09:31:07 EDT,93,UMC,United Microelec,26693021,15.75,21.09,21.51,20.5,5.54,0.0106,53049722181
2026-05-26,2026-05-26 09:31:07 EDT,94,GOOGL,Alphabet Inc,26244544,1.54,388.88,389.26,382.6,1.7399999999999998,0.0022,4711670080000
2026-05-26,2026-05-26 09:31:07 EDT,95,CSCO,Cisco Sys Inc,26012715,-1.73,118.33,120.77,117.1,3.05,0.0066,466389963909
2026-05-26,2026-05-26 09:31:07 EDT,96,CMCSA,Comcast Corp,25665714,-0.22,25.15,25.54,24.84,2.8000000000000003,0.0072,89841548208
2026-05-26,2026-05-26 09:31:07 EDT,97,SNAP,Snap Inc,25619475,0.52,5.75,5.84,5.63,3.58,0.0155,9520389565
2026-05-26,2026-05-26 09:31:07 EDT,98,BP,Bp Plc,24767911,-3.8699999999999997,42.65,42.76,42.07,1.5599999999999998,0.0095,111651901433
2026-05-26,2026-05-26 09:31:07 EDT,99,CPSH,Cps Technologie,24574094,85.33,11.12,11.4,6.62,79.67,1.3647,200237428
2026-05-26,2026-05-26 09:31:07 EDT,100,CIFR,Cipher Digital Inc,24360912,4.78,23.02,24.65,22.54,9.629999999999999,0.0596,9416312514
2026-05-27,2026-05-27 09:31:10 EDT,1,BRTX,Biorestorative Therapies Inc,509223693,73.3,0.4329,0.68,0.3728,122.98,19.9867,11029499
2026-05-27,2026-05-27 09:31:10 EDT,2,AIM,Aim Immunotech,488321561,75.68,0.4078,0.6,0.24,154.70999999999998,22.1131,9005392
2026-05-27,2026-05-27 09:31:10 EDT,3,SNGX,Soligenix Inc,239317792,68.75,0.8657,1.13,0.8079,62.79,23.221,8921972
2026-05-27,2026-05-27 09:31:10 EDT,4,NVDA,Nvidia Corporation,161105792,-1.05,212.6,214.14,208.78,2.4899999999999998,0.0067,5144920000000
2026-05-27,2026-05-27 09:31:10 EDT,5,ASTC,Astrotech Corp,143191826,459.11,13.81,19.75,6.17,549.79,81.4075,24291140
2026-05-27,2026-05-27 09:31:10 EDT,6,HOTH,Hoth Therapeutics Inc,137309161,92.01,1.36,1.55,0.75,112.94999999999999,7.1791,26013594
2026-05-27,2026-05-27 09:31:10 EDT,7,NOK,Nokia,121667801,-4.74,15.68,16.05,15.54,3.1,0.0218,87693725398
2026-05-27,2026-05-27 09:31:10 EDT,8,RDW,Redwire Corporation,119768604,8.76,23.97,24.92,22.13,12.659999999999998,0.6021,4768081910
2026-05-27,2026-05-27 09:31:10 EDT,9,WOK,WORK Medical Technology Group LTD,109622297,-5.41,0.105,0.1147,0.1,13.239999999999998,63.564,181083
2026-05-27,2026-05-27 09:31:10 EDT,10,PLUG,Plug Power,107781601,7.8100000000000005,4.14,4.22,3.75,12.24,0.0773,5775585999
2026-05-27,2026-05-27 09:31:10 EDT,11,NIO,Nio Inc.,91743447,9.32,5.75,5.81,5.2,11.600000000000001,0.0366,14407585376
2026-05-27,2026-05-27 09:31:10 EDT,12,INTC,Intel Corp,91630054,-1.4200000000000002,121.77,125.25,117.06,6.63,0.0182,612016020000
2026-05-27,2026-05-27 09:31:10 EDT,13,ONDS,Ondas Holdings Inc.,91456434,10.54,10.8,11.06,9.68,14.12,0.1845,5354236620
2026-05-27,2026-05-27 09:31:10 EDT,14,AAL,American Airline,88700744,0.51,14.92,15.4,14.84,3.7699999999999996,0.1341,9867866244
2026-05-27,2026-05-27 09:31:10 EDT,15,F,Ford Mtr Co Del,84893765,3.66,15.89,16.06,15.39,4.37,0.0213,63296842427
2026-05-27,2026-05-27 09:31:10 EDT,16,IREN,IREN Ltd,83343588,13.48,67.84,68.13,59.83,13.88,0.2333,24244569244
2026-05-27,2026-05-27 09:31:10 EDT,17,ALP,Alpha Compute Corp,78220704,-1.26,0.4461,0.558,0.4112,32.49,3.3378,10454169
2026-05-27,2026-05-27 09:31:10 EDT,18,OTLK,Outlook Therapeutics Inc,76890479,46.300000000000004,0.5855,0.5969,0.3951,50.42,0.6362,70765434
2026-05-27,2026-05-27 09:31:10 EDT,19,TE,T1 Energy,75086168,4.83,10.96,11.28,9.68,15.260000000000002,0.2691,3057196261
2026-05-27,2026-05-27 09:31:10 EDT,20,VRRM,Verra Mobility Corp,73557858,-70.57,3.85,5.52,3.4,16.2,0.4842,584840614
2026-05-27,2026-05-27 09:31:10 EDT,21,QTEX,QTREX Quantum Ltd.,72390584,38.16,2.1,2.35,1.22,74.33999999999999,1.6277,93393846
2026-05-27,2026-05-27 09:31:10 EDT,22,MU,Micron Technology Inc,70854243,3.63,928.41,956.16,888.15,7.59,0.0628,1046999570288
2026-05-27,2026-05-27 09:31:10 EDT,23,NTCL,Netclass Technology Inc.,68915041,110.14999999999999,0.555,0.6716,0.2612,155.4,1.1497,33268311
2026-05-27,2026-05-27 09:31:10 EDT,24,GMM,Global Mofy AI Ltd,68783563,0.8699999999999999,0.1846,0.2039,0.1759,15.299999999999999,1.3338,9519462
2026-05-27,2026-05-27 09:31:10 EDT,25,SOFI,Sofi Technologies Inc,65501082,1.1900000000000002,16.17,16.69,16.01,4.26,0.0511,20741925204
2026-05-27,2026-05-27 09:31:10 EDT,26,BBAI,BIGBEAR AI HLDGS INC,59426401,4.07,4.36,4.495,4.07,10.17,0.1241,2088219602
2026-05-27,2026-05-27 09:31:10 EDT,27,SIDU,Sidus Space Inc,58036691,-1.8499999999999999,6.09,6.79,5.58,19.52,0.7177,492062636
2026-05-27,2026-05-27 09:31:10 EDT,28,ACHR,Archer Aviation Inc,57910947,0.61,6.54,6.62,6.31,4.760000000000001,0.0762,4967770978
2026-05-27,2026-05-27 09:31:10 EDT,29,UZX,Linkage Global Inc,57879943,8.43,0.8351,1.14,0.7443,51.38,1.3466,35893590
2026-05-27,2026-05-27 09:31:10 EDT,30,MREO,Mereo Biopharma,57176944,-1.5,0.3287,0.362,0.2995,18.73,0.3582,52466636
2026-05-27,2026-05-27 09:31:10 EDT,31,RGTI,Rigetti Computing Inc,55951486,-1.78,24.62,25.85,23.62,8.91,0.1683,8183658628
2026-05-27,2026-05-27 09:31:10 EDT,32,RCT,RedCloud,55548858,24.11,0.75,1.17,0.6,94.32000000000001,0.9358,44521519
2026-05-27,2026-05-27 09:31:10 EDT,33,APPS,Digital Turbine Inc,54504941,38.879999999999995,6.68,7.62,6.17,30.15,0.4546,800931552
2026-05-27,2026-05-27 09:31:10 EDT,34,OPEN,Opendoor Technologies Inc,54155465,6.03,4.75,5.01,4.54,10.489999999999998,0.0561,4582499002
2026-05-27,2026-05-27 09:31:10 EDT,35,BSX,Boston Scien Cp,52615583,-12.53,50.42,53.18,50.05,5.43,0.0354,74942028125
2026-05-27,2026-05-27 09:31:10 EDT,36,KEEL,Keel Infrastructure Corp,52023560,7.31,5.51,5.6,5.0,11.700000000000001,0.0863,3318664543
2026-05-27,2026-05-27 09:31:10 EDT,37,BB,Blackberry,50637115,2.85,8.66,8.86,7.88,11.700000000000001,0.0864,5075408996
2026-05-27,2026-05-27 09:31:10 EDT,38,AAPL,Apple Inc,50142284,0.8200000000000001,310.85,313.26,308.3,1.6099999999999999,0.0034,4565564612600
2026-05-27,2026-05-27 09:31:10 EDT,39,BAC,Bank of America Corp,46377417,-2.12,51.1,52.49,50.76,3.3099999999999996,0.0065,362635782266
2026-05-27,2026-05-27 09:31:10 EDT,40,GRAB,Grab Holdings Limited,44732535,1.39,3.64,3.67,3.56,3.06,0.0109,14887600000
2026-05-27,2026-05-27 09:31:10 EDT,41,TSLA,Tesla Inc,44212126,1.5599999999999998,440.36,445.6,435.52,2.32,0.0118,1653870563833
2026-05-27,2026-05-27 09:31:10 EDT,42,MRVL,Marvell Technology Inc,43778807,-4.590000000000001,198.7,218.26,196.25,10.57,0.05,173972415475
2026-05-27,2026-05-27 09:31:10 EDT,43,MNTS,Momentus Inc,43358741,25.97,19.5,22.2,17.47,30.56,4.3392,194851761
2026-05-27,2026-05-27 09:31:10 EDT,44,NU,Nu Hldgs Ltd,42156546,0.42,13.04,13.18,12.93,1.9300000000000002,0.0087,63357911106
2026-05-27,2026-05-27 09:31:10 EDT,45,PATH,Uipath Inc,40264941,0.63,11.16,11.46,10.98,4.33,0.0774,5808148310
2026-05-27,2026-05-27 09:31:10 EDT,46,PDD,Pinduoduo,40251535,-10.38,86.61,88.65,83.61,5.220000000000001,0.0283,123280367573
2026-05-27,2026-05-27 09:31:10 EDT,47,HIVE,HIVE Digital Technologies Ltd,40099639,8.780000000000001,4.46,4.48,3.86,15.120000000000001,0.1583,1129525194
2026-05-27,2026-05-27 09:31:10 EDT,48,AMZN,Amazon Com,39430383,2.4699999999999998,271.85,272.41,265.7,2.53,0.0037,2924320200176
2026-05-27,2026-05-27 09:31:10 EDT,49,PFE,Pfizer,38454739,1.35,26.2,26.54,25.85,2.65,0.0067,149325437227
2026-05-27,2026-05-27 09:31:10 EDT,50,VSEE,"VSee Health, Inc.",37249089,34.489999999999995,0.2246,0.2441,0.1731,42.52,0.7665,10915429
2026-05-27,2026-05-27 09:31:10 EDT,51,LGHL,Lion Group Holding Ltd,36420988,21.91,0.9753,1.17,0.8208,43.65,7.8049,4551157
2026-05-27,2026-05-27 09:31:10 EDT,52,JBLU,Jetblue Awys Corp,36416780,2.27,5.4,5.58,5.31,5.11,0.0979,2008902027
2026-05-27,2026-05-27 09:31:10 EDT,53,WULF,Terawulf Inc,36384640,6.2,26.74,26.86,24.92,7.68,0.0734,13250542927
2026-05-27,2026-05-27 09:31:10 EDT,54,ABEV,Ambev,36068221,0.15,3.275,3.33,3.25,2.4299999999999997,0.0023,51079172850
2026-05-27,2026-05-27 09:31:10 EDT,55,NVTS,Navitas Semiconductor Corp,35712802,-9.15,28.88,31.94,28.37,11.25,0.1528,6749636234
2026-05-27,2026-05-27 09:31:10 EDT,56,SMCI,Super Micro Computer Inc,35315100,2.94,38.19,38.82,36.76,5.54,0.0587,22968171827
2026-05-27,2026-05-27 09:31:10 EDT,57,FGL,Founder Group Ltd,35257798,40.43,2.64,3.18,2.51,35.64,37.2091,2501553
2026-05-27,2026-05-27 09:31:10 EDT,58,T,At&T,35106365,-0.44,24.91,25.35,24.88,1.87,0.0051,173083120379
2026-05-27,2026-05-27 09:31:10 EDT,59,RR,Richtech Robotics Inc-B,34757709,2.8400000000000003,3.26,3.39,2.86,16.72,0.1554,728922871
2026-05-27,2026-05-27 09:31:10 EDT,60,ASTS,Ast Spacemobile Inc,34735913,8.27,129.6,131.18,118.07,10.95,0.0895,50300944531
2026-05-27,2026-05-27 09:31:10 EDT,61,CIFR,Cipher Digital Inc,33933559,9.3,25.16,25.56,22.17,14.729999999999999,0.083,10291677796
2026-05-27,2026-05-27 09:31:10 EDT,62,QBTS,D Wave Quantum,33634646,-1.24,27.48,28.05,25.7,8.469999999999999,0.0917,10077949275
2026-05-27,2026-05-27 09:31:10 EDT,63,MARA,MARA Holdings Inc,33484773,0.35000000000000003,14.33,14.48,13.84,4.52,0.0878,5463606307
2026-05-27,2026-05-27 09:31:10 EDT,64,CLF,Cleveland-Cliffs Inc,33294498,7.22,12.85,13.05,11.88,9.81,0.0584,7326976269
2026-05-27,2026-05-27 09:31:10 EDT,65,PLTR,Palantir Technologies Inc,33145022,-2.9899999999999998,132.51,135.73,131.63,3.0,0.0138,317667810072
2026-05-27,2026-05-27 09:31:10 EDT,66,SPCE,Virgin Galactic Holdings Inc,33034463,7.430000000000001,3.771,3.885,3.47,11.82,0.3281,379647039
2026-05-27,2026-05-27 09:31:10 EDT,67,RIG,Transocean,32950864,-4.78,6.18,6.3,6.15,2.31,0.0295,6894024261
2026-05-27,2026-05-27 09:31:10 EDT,68,HPQ,Hp Inc,32278455,4.3999999999999995,25.51,25.6,23.96,6.710000000000001,0.0353,23330175576
2026-05-27,2026-05-27 09:31:10 EDT,69,CCL,Carnival Corporation Ltd.,31917219,4.72,27.97,28.28,27.36,3.46,0.0258,34654835929
2026-05-27,2026-05-27 09:31:10 EDT,70,ZS,Zscaler,31493880,-31.52,126.41,139.6,125.66,7.55,0.1959,20325552766
2026-05-27,2026-05-27 09:31:10 EDT,71,NCLH,Norwegian Cruise Line Hldg Ltd,30748408,6.23,18.17,18.41,17.79,3.63,0.067,8342031243
2026-05-27,2026-05-27 09:31:10 EDT,72,DVLT,Datavault AI Inc,30461332,-3.93,0.4742,0.4848,0.46,5.0200000000000005,0.0356,405707498
2026-05-27,2026-05-27 09:31:10 EDT,73,SRXH,SRX Health Solutions Inc,30376437,-4.58,0.1148,0.119,0.11,7.5,0.0515,67761247
2026-05-27,2026-05-27 09:31:10 EDT,74,QS,Quantumscape Corp,29842979,4.590000000000001,9.11,9.29,8.46,9.53,0.0485,5603971642
2026-05-27,2026-05-27 09:31:10 EDT,75,LUNR,Intuitive Machines Inc,29549282,15.72,40.34,40.7,35.33,15.4,0.1362,8754625082
2026-05-27,2026-05-27 09:31:10 EDT,76,IONQ,Ionq Inc,29281251,2.77,65.38,66.81,59.71,11.16,0.0784,24404389200
2026-05-27,2026-05-27 09:31:10 EDT,77,JOBY,Joby Aviation Inc,29056932,-0.35000000000000003,11.48,11.65,10.9,6.510000000000001,0.0295,11287301726
2026-05-27,2026-05-27 09:31:10 EDT,78,RKLB,Rocket Lab Usa Inc,28899068,4.91,150.23,151.0,137.91,9.139999999999999,0.0499,86963260769
2026-05-27,2026-05-27 09:31:10 EDT,79,BYND,Beyond Meat,28593004,2.68,0.789,0.79,0.745,5.86,0.0555,406605147
2026-05-27,2026-05-27 09:31:10 EDT,80,NNVC,Nanoviricides,28544205,15.89,1.75,1.89,1.6,19.21,1.253,39865584
2026-05-27,2026-05-27 09:31:10 EDT,81,NCPL,Netcapital Inc,27826928,47.199999999999996,1.575,1.61,1.295,29.439999999999998,3.5458,12360440
2026-05-27,2026-05-27 09:31:10 EDT,82,CLSK,Cleanspark Inc,27534587,5.3100000000000005,18.04,18.26,16.65,9.4,0.1073,4629219252
2026-05-27,2026-05-27 09:31:10 EDT,83,AMD,Advanced Micro Devices Inc,27189519,-1.66,495.54,510.21,486.66,4.67,0.0167,808027840650
2026-05-27,2026-05-27 09:31:10 EDT,84,UMC,United Microelec,27188884,5.41,22.22,23.69,21.68,9.54,0.0108,55892120762
2026-05-27,2026-05-27 09:31:10 EDT,85,ORBS,Eightco Holdings Ord Shs,27175856,-10.0,0.927,1.02,0.9041,11.25,0.0723,348343688
2026-05-27,2026-05-27 09:31:10 EDT,86,SNAP,Snap Inc,27101426,2.17,5.88,5.92,5.75,3.04,0.0164,9735820487
2026-05-27,2026-05-27 09:31:10 EDT,87,MSFT,Microsoft Corp,26888360,-0.8099999999999999,412.67,415.93,409.59,1.52,0.0036,3065492149299
2026-05-27,2026-05-27 09:31:10 EDT,88,ALIT,Alight Inc.,26740002,-1.1400000000000001,0.8756,0.9196,0.8406,8.92,0.0498,470409078
2026-05-27,2026-05-27 09:31:10 EDT,89,RXRX,"Recursion Pharmaceuticals, Inc.",26339405,6.7299999999999995,3.17,3.27,2.9,12.45,0.0497,1679799480
2026-05-27,2026-05-27 09:31:10 EDT,90,NOW,Servicenow Inc,26069372,2.25,102.16,105.4,98.55,6.859999999999999,0.0253,105358425280
2026-05-27,2026-05-27 09:31:10 EDT,91,CMCSA,Comcast Corp,25615284,0.27999999999999997,25.22,25.83,25.14,2.74,0.0072,90091604207
2026-05-27,2026-05-27 09:31:10 EDT,92,APLD,Applied Digital,25471963,8.51,48.98,49.35,43.68,12.559999999999999,0.0891,13996992020
2026-05-27,2026-05-27 09:31:10 EDT,93,QCOM,Qualcomm Inc,25424509,-6.2,233.4,248.27,224.18,9.68,0.0241,246003600000
2026-05-27,2026-05-27 09:31:10 EDT,94,KVUE,Kenvue Inc.,25369663,1.29,17.72,17.99,17.57,2.4,0.0132,34012953553
2026-05-27,2026-05-27 09:31:10 EDT,95,HOOD,"Robinhood Markets, Inc.",25170741,2.8899999999999997,76.23,76.64,73.45,4.3,0.028,68645500495
2026-05-27,2026-05-27 09:31:10 EDT,96,AUR,Aurora Innovation Inc,25096827,-2.71,6.81,7.07,6.73,4.79,0.0128,13355793036
2026-05-27,2026-05-27 09:31:10 EDT,97,SLNH,SOLUNA HOLDINGS INC,25006963,-3.63,1.86,1.98,1.79,9.84,0.1585,293410078
2026-05-27,2026-05-27 09:31:10 EDT,98,INFQ,Infleqtion Inc,24992997,-2.65,15.44,16.41,14.67,10.96,0.1145,3368959997
2026-05-27,2026-05-27 09:31:10 EDT,99,NKE,Nike Inc Cl B,24089195,2.27,45.97,46.59,45.67,2.0500000000000003,0.0163,68068972471
2026-05-27,2026-05-27 09:31:10 EDT,100,SATL,Satellogic Inc,23831658,-9.030000000000001,9.77,9.9,9.01,8.290000000000001,0.1608,1448344827
2026-05-28,2026-05-28 09:31:10 EDT,1,GNS,Genius Group,285165272,22.009999999999998,0.2681,0.3596,0.2507,49.519999999999996,1.7164,44542997
2026-05-28,2026-05-28 09:31:10 EDT,2,ONDS,Ondas Holdings Inc.,243415695,22.689999999999998,13.25,13.78,11.22,23.7,0.491,6568855112
2026-05-28,2026-05-28 09:31:10 EDT,3,MASK,3 E Network Technology Group Limited,146715072,199.28,4.13,6.73,1.725,362.68,127.2707,4761080
2026-05-28,2026-05-28 09:31:10 EDT,4,NVDA,Nvidia Corporation,135125651,0.7799999999999999,214.25,215.52,211.22,2.02,0.0056,5184850000000
2026-05-28,2026-05-28 09:31:10 EDT,5,NOK,Nokia,115463099,-2.4899999999999998,15.29,15.82,15.08,4.72,0.0206,85512567687
2026-05-28,2026-05-28 09:31:10 EDT,6,HUBC,Hub Cyber Security Israel Ltd,115160456,3.7699999999999996,0.11,0.1369,0.11,25.380000000000003,89.8251,141025
2026-05-28,2026-05-28 09:31:10 EDT,7,SNYR,Synergy Chc Corp,114792061,10.57,0.2782,0.382,0.2766,41.89,7.7042,4145147
2026-05-28,2026-05-28 09:31:10 EDT,8,CGTL,Creative Global Technology Holdings Limited,109356053,151.48999999999998,0.6989,0.7946,0.2809,184.85,4.251,17979202
2026-05-28,2026-05-28 09:31:10 EDT,9,OTLK,Outlook Therapeutics Inc,100994232,22.97,0.72,0.81,0.6103,34.11,0.8356,87021541
2026-05-28,2026-05-28 09:31:10 EDT,10,QTEX,QTREX Quantum Ltd.,98964149,42.86,3.0,3.41,2.26,54.76,2.2253,133419780
2026-05-28,2026-05-28 09:31:10 EDT,11,GPUS,Hyperscale Data Inc.,98311719,17.75,0.1886,0.1968,0.1592,23.5,0.2025,91549556
2026-05-28,2026-05-28 09:31:10 EDT,12,F,Ford Mtr Co Del,97893707,4.97,16.67,16.75,15.86,5.58,0.0246,66424826142
2026-05-28,2026-05-28 09:31:10 EDT,13,INTC,Intel Corp,96019671,-0.72,120.89,123.07,116.31,5.55,0.0191,607593140000
2026-05-28,2026-05-28 09:31:10 EDT,14,YYGH,YY Group Holdings,92945463,11.27,0.232,0.2731,0.2012,34.48,9.918,2174162
2026-05-28,2026-05-28 09:31:10 EDT,15,PLUG,Plug Power,90712860,-0.48,4.12,4.31,4.03,6.76,0.065,5747684617
2026-05-28,2026-05-28 09:31:10 EDT,16,RKTO,ROCKET ONE INC,90161386,25.0,1.7,2.2,1.53,49.26,4.7137,32516993
2026-05-28,2026-05-28 09:31:10 EDT,17,CZR,Caesars Entertainment Inc,86975961,1.04,29.08,29.29,28.99,1.03,0.427,5922925124
2026-05-28,2026-05-28 09:31:10 EDT,18,RDW,Redwire Corporation,85102262,7.539999999999999,25.77,26.62,22.81,15.879999999999999,0.4278,5126135620
2026-05-28,2026-05-28 09:31:10 EDT,19,RGTI,Rigetti Computing Inc,84963947,9.790000000000001,27.03,27.48,24.15,13.530000000000001,0.2556,8984739753
2026-05-28,2026-05-28 09:31:10 EDT,20,AIM,Aim Immunotech,83400726,11.540000000000001,0.4477,0.4887,0.34,37.07,3.7767,9886499
2026-05-28,2026-05-28 09:31:10 EDT,21,RCAT,Red Cat Hldgs Inc,77083102,32.61,14.15,15.06,11.96,29.099999999999998,0.5095,2140764862
2026-05-28,2026-05-28 09:31:10 EDT,22,GMM,Global Mofy AI Ltd,75842035,-18.740000000000002,0.15,0.1645,0.1309,18.2,1.2182,9338775
2026-05-28,2026-05-28 09:31:10 EDT,23,PATH,Uipath Inc,75696044,3.6700000000000004,11.57,12.09,11.23,7.71,0.1454,6021530103
2026-05-28,2026-05-28 09:31:10 EDT,24,SOFI,Sofi Technologies Inc,68518659,4.95,16.97,17.08,15.82,7.79,0.0534,21768118164
2026-05-28,2026-05-28 09:31:10 EDT,25,SMCI,Super Micro Computer Inc,67867115,8.14,41.3,43.54,37.61,15.53,0.1129,24838583306
2026-05-28,2026-05-28 09:31:10 EDT,26,BBAI,BIGBEAR AI HLDGS INC,67742815,13.04,4.94,4.99,4.23,17.39,0.1414,2366010283
2026-05-28,2026-05-28 09:31:10 EDT,27,ACHR,Archer Aviation Inc,58049431,3.8899999999999997,6.8,7.09,6.41,10.38,0.0764,5165266461
2026-05-28,2026-05-28 09:31:10 EDT,28,NTCL,Netclass Technology Inc.,57470111,45.15,0.8056,1.17,0.489,122.7,0.9587,48290003
2026-05-28,2026-05-28 09:31:10 EDT,29,WOK,WORK Medical Technology Group LTD,56434650,-3.81,0.101,0.1039,0.0881,15.049999999999999,32.7233,174185
2026-05-28,2026-05-28 09:31:10 EDT,30,AAL,American Airline,55338362,-1.81,14.65,15.05,14.4,4.36,0.0837,9689292257
2026-05-28,2026-05-28 09:31:10 EDT,31,QBTS,D Wave Quantum,54063792,7.31,29.49,30.22,27.01,11.68,0.1474,10815091853
2026-05-28,2026-05-28 09:31:10 EDT,32,ATPC,Agape Atp Corp,53435357,112.97999999999999,6.07,8.5,5.52,104.56,53.4019,6073799
2026-05-28,2026-05-28 09:31:10 EDT,33,MRVL,Marvell Technology Inc,51908527,3.09,204.83,207.39,194.7,6.39,0.0593,179339556425
2026-05-28,2026-05-28 09:31:10 EDT,34,SIDU,Sidus Space Inc,51837347,-14.87,5.18,5.28,4.77,8.38,0.641,418879943
2026-05-28,2026-05-28 09:31:10 EDT,35,OPEN,Opendoor Technologies Inc,51531801,6.74,5.07,5.25,4.59,13.889999999999999,0.0534,4891214724
2026-05-28,2026-05-28 09:31:10 EDT,36,PLTR,Palantir Technologies Inc,50948893,8.17,143.34,143.41,133.0,7.86,0.0213,343630698783
2026-05-28,2026-05-28 09:31:10 EDT,37,MU,Micron Technology Inc,48701688,-0.53,923.52,949.49,904.78,4.82,0.0432,1041484950779
2026-05-28,2026-05-28 09:31:10 EDT,38,UMAC,Unusual Machines,47577540,57.089999999999996,29.58,32.0,24.7,38.769999999999996,0.9955,1413744242
2026-05-28,2026-05-28 09:31:10 EDT,39,BYND,Beyond Meat,46208053,3.9699999999999998,0.8203,0.844,0.7629,10.280000000000001,0.0897,422735364
2026-05-28,2026-05-28 09:31:10 EDT,40,IREN,IREN Ltd,46111802,-5.59,64.05,66.75,63.55,4.72,0.129,22890104069
2026-05-28,2026-05-28 09:31:10 EDT,41,AUR,Aurora Innovation Inc,45571420,3.82,7.07,7.39,6.7,10.13,0.0232,13865705839
2026-05-28,2026-05-28 09:31:10 EDT,42,AAPL,Apple Inc,44604069,0.53,312.51,312.76,309.57,1.03,0.003,4589945623560
2026-05-28,2026-05-28 09:31:10 EDT,43,BSX,Boston Scien Cp,43631902,-2.69,49.11,50.44,48.41,4.02,0.0294,72987471064
2026-05-28,2026-05-28 09:31:10 EDT,44,ASTC,Astrotech Corp,43627923,113.11,29.43,35.8,16.68,138.45000000000002,24.8035,51765986
2026-05-28,2026-05-28 09:31:10 EDT,45,HOOD,"Robinhood Markets, Inc.",43463763,11.29,84.84,84.92,73.54,14.940000000000001,0.0483,76398849035
2026-05-28,2026-05-28 09:31:10 EDT,46,MSFT,Microsoft Corp,43365140,3.47,426.99,429.49,412.67,4.08,0.0058,3171867334260
2026-05-28,2026-05-28 09:31:10 EDT,47,TE,T1 Energy,42019045,-1.41,10.81,11.43,10.57,7.85,0.1506,3015335974
2026-05-28,2026-05-28 09:31:10 EDT,48,GRAB,Grab Holdings Limited,42009883,-2.75,3.54,3.62,3.48,3.85,0.0103,14478600000
2026-05-28,2026-05-28 09:31:10 EDT,49,BAC,Bank of America Corp,41532675,-0.73,50.83,51.5,50.64,1.68,0.0059,360719702790
2026-05-28,2026-05-28 09:31:10 EDT,50,AMZN,Amazon Com,40259017,0.79,274.0,274.45,267.44,2.58,0.0037,2947447985464
2026-05-28,2026-05-28 09:31:10 EDT,51,NIO,Nio Inc.,39881374,-3.3099999999999996,5.56,5.7,5.55,2.52,0.0159,13931258075
2026-05-28,2026-05-28 09:31:10 EDT,52,BMNR,Bitmine Immersion Technologies Inc,39436469,2.23,19.24,19.33,17.88,7.7299999999999995,0.0734,10343978477
2026-05-28,2026-05-28 09:31:10 EDT,53,SNOW,Snowflake Inc,39036704,36.44,239.13,244.92,229.49,8.799999999999999,0.1126,82881422049
2026-05-28,2026-05-28 09:31:10 EDT,54,PUSA,Aureus Greenway Holdings Inc.,38384817,17.71,4.32,4.82,3.91,24.8,1.7767,93332226
2026-05-28,2026-05-28 09:31:10 EDT,55,NFLX,Netflix Inc,38207495,-1.13,86.36,87.04,85.59,1.67,0.0091,363644560878
2026-05-28,2026-05-28 09:31:10 EDT,56,JOBY,Joby Aviation Inc,38151376,7.140000000000001,12.3,12.48,11.28,10.41,0.0388,12093888865
2026-05-28,2026-05-28 09:31:10 EDT,57,SRXH,SRX Health Solutions Inc,37742670,-3.05,0.1141,0.1165,0.1081,7.12,0.0639,67348069
2026-05-28,2026-05-28 09:31:10 EDT,58,NU,Nu Hldgs Ltd,37705996,0.19,13.06,13.24,12.9,2.65,0.0078,63455123091
2026-05-28,2026-05-28 09:31:10 EDT,59,NOW,Servicenow Inc,37635217,6.4799999999999995,108.73,110.16,104.6,5.4399999999999995,0.0365,112134118840
2026-05-28,2026-05-28 09:31:10 EDT,60,MARA,MARA Holdings Inc,37424705,-1.81,14.07,14.22,13.58,4.43,0.0982,5364475977
2026-05-28,2026-05-28 09:31:10 EDT,61,INFQ,Infleqtion Inc,37246276,14.879999999999999,17.78,18.25,15.5,17.79,0.1707,3879540721
2026-05-28,2026-05-28 09:31:10 EDT,62,HPQ,Hp Inc,36388696,-1.9800000000000002,24.99,26.65,24.57,8.16,0.0398,22850036722
2026-05-28,2026-05-28 09:31:10 EDT,63,SPCE,Virgin Galactic Holdings Inc,36354566,19.0,4.51,4.54,3.55,26.119999999999997,0.3611,454082305
2026-05-28,2026-05-28 09:31:10 EDT,64,ABEV,Ambev,35468320,-1.9900000000000002,3.205,3.288,3.2,2.7,0.0023,49987404270
2026-05-28,2026-05-28 09:31:10 EDT,65,SPRC,Scisparc,35053171,140.32,10.55,15.65,10.1,126.42,61.149,6047713
2026-05-28,2026-05-28 09:31:10 EDT,66,DVLT,Datavault AI Inc,34639568,4.83,0.4971,0.528,0.4633,13.639999999999999,0.0405,425299867
2026-05-28,2026-05-28 09:31:10 EDT,67,PRZO,ParaZero Technologies Ltd,34380776,19.03,0.6511,0.77,0.626,26.33,1.326,16882093
2026-05-28,2026-05-28 09:31:10 EDT,68,NCT,Intercont Limited,33665939,58.37,3.88,5.92,3.459,100.44,20.4739,6380031
2026-05-28,2026-05-28 09:31:10 EDT,69,HIVE,HIVE Digital Technologies Ltd,32505959,-0.22,4.45,4.55,4.32,5.16,0.1284,1126992626
2026-05-28,2026-05-28 09:31:10 EDT,70,RIG,Transocean,32369900,0.65,6.22,6.26,6.13,2.1,0.029,6944264114
2026-05-28,2026-05-28 09:31:10 EDT,71,VRRM,Verra Mobility Corp,32312482,7.2700000000000005,4.13,4.21,3.71,12.989999999999998,0.2127,627374476
2026-05-28,2026-05-28 09:31:10 EDT,72,KEEL,Keel Infrastructure Corp,32111445,2.09,5.62,5.74,5.28,8.36,0.0533,3387991777
2026-05-28,2026-05-28 09:31:10 EDT,73,TSLA,Tesla Inc,32026365,0.4,442.1,443.96,436.3,1.7399999999999998,0.0085,1660405523369
2026-05-28,2026-05-28 09:31:10 EDT,74,BB,Blackberry,31696392,1.27,8.78,9.03,8.36,7.79,0.0541,5145619153
2026-05-28,2026-05-28 09:31:10 EDT,75,IONQ,Ionq Inc,31424889,7.26,70.15,71.47,64.94,9.98,0.0842,26184886852
2026-05-28,2026-05-28 09:31:10 EDT,76,AMD,Advanced Micro Devices Inc,31137119,4.55,518.09,527.2,493.52,6.800000000000001,0.0191,844797885059
2026-05-28,2026-05-28 09:31:10 EDT,77,QUBT,Quantum Computing Inc,30499204,7.180000000000001,12.24,12.39,11.32,9.33,0.1352,2760548240
2026-05-28,2026-05-28 09:31:10 EDT,78,BTG,B2Gold,29015022,2.1,4.615,4.72,4.42,6.64,0.0218,6149107367
2026-05-28,2026-05-28 09:31:10 EDT,79,SOUN,SOUNDHOUND AI INC,27806097,5.94,8.56,8.78,7.95,10.33,0.0643,3704508075
2026-05-28,2026-05-28 09:31:10 EDT,80,BRTX,Biorestorative Therapies Inc,27501240,10.65,0.479,0.5129,0.3948,27.279999999999998,1.0794,12204043
2026-05-28,2026-05-28 09:31:10 EDT,81,PDD,Pinduoduo,27371914,-4.130000000000001,83.03,84.48,81.56,3.37,0.0192,118184608239
2026-05-28,2026-05-28 09:31:10 EDT,82,UAVS,Ageagle Aerial,26511765,11.42,1.185,1.3,1.17,12.26,0.4524,69437587
2026-05-28,2026-05-28 09:31:10 EDT,83,HBAN,Huntington Bancshares Inc,26223604,0.5599999999999999,16.12,16.21,15.85,2.2399999999999998,0.0129,32677345062
2026-05-28,2026-05-28 09:31:10 EDT,84,INFY,Infosys,25847981,2.5700000000000003,12.73,12.78,12.23,4.47,0.0064,51527337861
2026-05-28,2026-05-28 09:31:10 EDT,85,CLF,Cleveland-Cliffs Inc,25845470,3.5900000000000003,13.29,13.45,12.48,7.5600000000000005,0.0453,7577958718
2026-05-28,2026-05-28 09:31:10 EDT,86,CRSR,"Corsair Gaming, Inc.",25675121,21.69,11.95,13.09,10.58,25.590000000000003,0.2402,1277242421
2026-05-28,2026-05-28 09:31:10 EDT,87,NCLH,Norwegian Cruise Line Hldg Ltd,25593444,0.66,18.27,18.58,17.62,5.29,0.0557,8387942257
2026-05-28,2026-05-28 09:31:10 EDT,88,SMR,NuScale Power Corporation,25555410,0.8699999999999999,12.18,12.6,11.54,8.780000000000001,0.0699,4449733074
2026-05-28,2026-05-28 09:31:10 EDT,89,NBIS,Nebius Group,25303396,8.62,226.34,232.89,219.01,6.660000000000001,0.0997,57467317229
2026-05-28,2026-05-28 09:31:10 EDT,90,T,At&T,25245473,-0.08,24.87,25.14,24.73,1.6500000000000001,0.0036,172805186826
2026-05-28,2026-05-28 09:31:10 EDT,91,SNAP,Snap Inc,25241116,0.6,5.92,5.95,5.74,3.5700000000000003,0.0152,9802106924
2026-05-28,2026-05-28 09:31:10 EDT,92,AMPX,Amprius Tech,25163156,22.09,20.95,22.1,18.38,21.68,0.1777,2967089211
2026-05-28,2026-05-28 09:31:10 EDT,93,EOSE,Eos Energy Enterprises Inc,24865410,4.41,8.99,9.32,8.67,7.55,0.0732,3052231102
2026-05-28,2026-05-28 09:31:10 EDT,94,WIT,Wipro,24619353,20.979999999999997,2.48,2.49,2.051,21.4,0.0023,26003068814
2026-05-28,2026-05-28 09:31:10 EDT,95,ORCL,Oracle Corp,24187535,6.68,203.7,205.0,193.5,6.02,0.0084,585850570200
2026-05-28,2026-05-28 09:31:10 EDT,96,RXRX,"Recursion Pharmaceuticals, Inc.",24145043,8.52,3.44,3.48,3.08,12.620000000000001,0.0456,1822873884
2026-05-28,2026-05-28 09:31:10 EDT,97,WULF,Terawulf Inc,23832168,-1.29,26.4,27.26,26.22,3.8899999999999997,0.0481,13079584164
2026-05-28,2026-05-28 09:31:10 EDT,98,VALE,Vale S A,23825285,0.3,16.55,16.68,16.2,2.94,0.0056,70578033612
2026-05-28,2026-05-28 09:31:10 EDT,99,PFE,Pfizer,23728617,-0.21,26.16,26.28,26.01,1.03,0.0042,149068962240
2026-05-28,2026-05-28 09:31:10 EDT,100,S,Sentinelone Inc,23585993,0.38999999999999996,18.02,18.3,17.41,4.99,0.0691,6153507405
2026-05-29,2026-05-29 21:50:00 UTC,1,HUBC,Hub Cyber Security Israel Ltd,1361466425,137.35999999999999,0.2611,0.6306,0.2456,350.09000000000003,1061.9439,334743
2026-05-29,2026-05-29 21:50:00 UTC,2,DEVS,Devvstream Corp,577951014,140.0,0.3,0.4265,0.2264,160.08,43.6294,3974052
2026-05-29,2026-05-29 21:50:00 UTC,3,NVDA,Nvidia Corporation,288568445,-1.4500000000000002,211.14,217.86,211.13,3.1399999999999997,0.0119,5109588000000
2026-05-29,2026-05-29 21:50:00 UTC,4,INTC,Intel Corp,191281996,-5.140000000000001,114.68,126.64,113.54,10.84,0.0381,576381680000
2026-05-29,2026-05-29 21:50:00 UTC,5,SPCE,Virgin Galactic Holdings Inc,177666052,36.42,6.18,6.61,4.34,50.11,1.7646,622223646
2026-05-29,2026-05-29 21:50:00 UTC,6,ZCMD,Zhongchao Inc,161154967,-69.08999999999999,0.167,0.5888,0.0833,93.54,41.807,643741
2026-05-29,2026-05-29 21:50:00 UTC,7,F,Ford Mtr Co Del,154169569,4.74,17.44,17.78,16.82,5.6899999999999995,0.0387,69493039467
2026-05-29,2026-05-29 21:50:00 UTC,8,SOFI,Sofi Technologies Inc,150320593,7.37,18.22,18.59,17.68,5.3,0.1172,23371544664
2026-05-29,2026-05-29 21:50:00 UTC,9,ONDS,Ondas Holdings Inc.,142078198,-0.22999999999999998,13.22,13.41,11.6,13.66,0.2866,6553982233
2026-05-29,2026-05-29 21:50:00 UTC,10,NOK,Nokia,112703711,-2.88,14.84,15.26,14.53,4.78,0.0202,82995847252
2026-05-29,2026-05-29 21:50:00 UTC,11,QTEX,QTREX Quantum Ltd.,107770846,2.33,3.07,3.7,2.08,54.0,2.4233,136532908
2026-05-29,2026-05-29 21:50:00 UTC,12,BBAI,BIGBEAR AI HLDGS INC,106415784,2.02,5.04,5.16,4.71,9.11,0.2222,2413905228
2026-05-29,2026-05-29 21:50:00 UTC,13,SNAP,Snap Inc,101939715,-3.38,5.71,5.95,5.69,4.31,0.0615,9462388933
2026-05-29,2026-05-29 21:50:00 UTC,14,YMM,Full Truck Alliance Co Ltd,96304667,-0.33999999999999997,8.82,9.04,8.65,4.35,0.0928,9151140981
2026-05-29,2026-05-29 21:50:00 UTC,15,SMCI,Super Micro Computer Inc,93152572,11.600000000000001,46.09,48.34,44.17,10.100000000000001,0.1549,27719377835
2026-05-29,2026-05-29 21:50:00 UTC,16,PLTR,Palantir Technologies Inc,92069204,9.21,156.54,157.78,145.79,8.36,0.0384,375275216879
2026-05-29,2026-05-29 21:50:00 UTC,17,NU,Nu Hldgs Ltd,91641775,0.61,13.13,13.25,12.99,1.9900000000000002,0.0189,63834662625
2026-05-29,2026-05-29 21:50:00 UTC,18,T,At&T,88292291,-0.32,24.8,24.87,24.56,1.25,0.0127,172318803108
2026-05-29,2026-05-29 21:50:00 UTC,19,HPE,Hewlett Packard Enterprise Co,85880129,12.64,43.04,44.58,41.52,7.9799999999999995,0.0647,57107799990
2026-05-29,2026-05-29 21:50:00 UTC,20,MSFT,Microsoft Corp,79564020,5.45,450.24,450.33,432.36,4.21,0.0107,3344578441128
2026-05-29,2026-05-29 21:50:00 UTC,21,WOK,WORK Medical Technology Group LTD,73306751,-6.529999999999999,0.0944,0.107,0.0938,13.07,42.5064,162802
2026-05-29,2026-05-29 21:50:00 UTC,22,AAL,American Airline,71198739,-0.06999999999999999,14.64,15.01,14.61,2.73,0.1077,9682678405
2026-05-29,2026-05-29 21:50:00 UTC,23,PRZO,ParaZero Technologies Ltd,70901924,42.480000000000004,0.9277,1.18,0.62,86.00999999999999,2.7345,24053936
2026-05-29,2026-05-29 21:50:00 UTC,24,AAPL,Apple Inc,70009476,-0.13999999999999999,312.06,315.0,309.53,1.7500000000000002,0.0048,4583336313360
2026-05-29,2026-05-29 21:50:00 UTC,25,PLUG,Plug Power,68009429,-4.130000000000001,3.95,4.14,3.85,7.04,0.0488,5510522873
2026-05-29,2026-05-29 21:50:00 UTC,26,NOW,Servicenow Inc,67815648,14.38,124.37,124.74,116.29,7.7700000000000005,0.0658,128263775960
2026-05-29,2026-05-29 21:50:00 UTC,27,PINS,Pinterest,66595548,-2.91,20.05,20.78,20.02,3.6999999999999997,0.1189,11231154406
2026-05-29,2026-05-29 21:50:00 UTC,28,NEXR,NEXERA TECHNOLOGIES LTD,65587301,17.24,1.36,3.27,1.331,167.19,37.1411,2401617
2026-05-29,2026-05-29 21:50:00 UTC,29,PATH,Uipath Inc,64916610,1.21,11.72,12.02,10.42,13.819999999999999,0.1247,6099596612
2026-05-29,2026-05-29 21:50:00 UTC,30,GPUS,Hyperscale Data Inc.,64769797,2.59,0.19,0.21,0.181,15.659999999999998,0.1334,92229139
2026-05-29,2026-05-29 21:50:00 UTC,31,RDW,Redwire Corporation,64461696,-5.140000000000001,24.57,24.79,21.67,12.049999999999999,0.3241,4887433146
2026-05-29,2026-05-29 21:50:00 UTC,32,HOOD,"Robinhood Markets, Inc.",64300378,11.15,94.3,94.4,84.24,11.98,0.0714,84917626875
2026-05-29,2026-05-29 21:50:00 UTC,33,DOC,Healthpeak Properties Inc,61925772,-1.8499999999999999,19.15,19.43,18.94,2.4899999999999998,0.0898,13202387293
2026-05-29,2026-05-29 21:50:00 UTC,34,RGTI,Rigetti Computing Inc,61074208,-5.510000000000001,25.54,26.56,24.44,7.86,0.1837,8489465530
2026-05-29,2026-05-29 21:50:00 UTC,35,MU,Micron Technology Inc,60337986,5.140000000000001,971.0,981.0,940.51,4.38,0.0535,1095029763521
2026-05-29,2026-05-29 21:50:00 UTC,36,RIVN,"Rivian Automotive, Inc. / De",59401343,7.24,16.3,16.6,15.11,9.8,0.0471,20544894476
2026-05-29,2026-05-29 21:50:00 UTC,37,HPQ,Hp Inc,59004192,8.12,27.04,28.17,26.5,6.69,0.0645,24729437380
2026-05-29,2026-05-29 21:50:00 UTC,38,ADTX,Aditxt Inc,58934998,-28.54,0.1172,0.2212,0.1063,70.0,72.2313,95625
2026-05-29,2026-05-29 21:50:00 UTC,39,BAC,Bank of America Corp,57925773,1.63,51.6,51.8,50.61,2.33,0.0082,366184077591
2026-05-29,2026-05-29 21:50:00 UTC,40,PRFX,PRF Technologies Ltd.,56817177,118.97999999999999,3.0,5.39,2.36,220.44000000000003,65.4006,2606268
2026-05-29,2026-05-29 21:50:00 UTC,41,ACHR,Archer Aviation Inc,56812823,0.0,6.81,6.83,6.39,6.460000000000001,0.0748,5172862441
2026-05-29,2026-05-29 21:50:00 UTC,42,MEHA,Functional Brands Inc,55377383,1.11,0.082,0.0942,0.08,17.51,2.5272,1796855
2026-05-29,2026-05-29 21:50:00 UTC,43,ASTS,Ast Spacemobile Inc,54867090,-14.790000000000001,113.41,115.5,105.37,7.6,0.1414,44017207710
2026-05-29,2026-05-29 21:50:00 UTC,44,AMZN,Amazon Com,54717931,-1.23,270.64,274.75,269.64,1.87,0.0051,2911304097759
2026-05-29,2026-05-29 21:50:00 UTC,45,GRAB,Grab Holdings Limited,53293371,0.0,3.54,3.57,3.48,2.54,0.013,14478600000
2026-05-29,2026-05-29 21:50:00 UTC,46,GDC,GD CULTURE GROUP LTD,53162324,-6.859999999999999,0.11,0.139,0.1083,25.990000000000002,0.875,6683568
2026-05-29,2026-05-29 21:50:00 UTC,47,REPL,Replimune Group,51288776,85.68,8.69,9.07,7.67,29.84,0.6211,717556059
2026-05-29,2026-05-29 21:50:00 UTC,48,CMCSA,Comcast Corp,50615617,-1.15,24.87,25.05,24.78,1.09,0.0142,88841324212
2026-05-29,2026-05-29 21:50:00 UTC,49,IREN,IREN Ltd,50240727,-0.8,63.54,64.75,60.73,6.2,0.1406,22707840945
2026-05-29,2026-05-29 21:50:00 UTC,50,UBER,Uber Technologies,50234077,-0.73,70.4,72.24,69.96,3.2099999999999995,0.0247,143306170515
2026-05-29,2026-05-29 21:50:00 UTC,51,TTD,The Trade Desk,48434751,1.94,21.56,22.16,20.96,5.63,0.103,10135536263
2026-05-29,2026-05-29 21:50:00 UTC,52,PFE,Pfizer,48275723,0.15,26.18,26.24,25.93,1.11,0.0085,149211448344
2026-05-29,2026-05-29 21:50:00 UTC,53,GOOG,Alphabet Inc,47972290,-2.5100000000000002,376.43,381.65,374.3,1.9,0.004,4560825880000
2026-05-29,2026-05-29 21:50:00 UTC,54,MARA,MARA Holdings Inc,47674037,2.1999999999999997,14.38,14.64,13.58,7.53,0.125,5482669833
2026-05-29,2026-05-29 21:50:00 UTC,55,CDT,CDT Equity,46035985,9.46,1.04,2.89,0.933,204.93,9.4756,5052684
2026-05-29,2026-05-29 21:50:00 UTC,56,AUR,Aurora Innovation Inc,45232982,3.82,7.34,7.7,6.95,10.61,0.0231,14395230673
2026-05-29,2026-05-29 21:50:00 UTC,57,CREG,Smart Powerr,45187104,23.94,0.2915,0.3388,0.2694,29.509999999999998,1.6456,8004335
2026-05-29,2026-05-29 21:50:00 UTC,58,TSLA,Tesla Inc,45096486,-1.43,435.79,441.07,428.14,2.91,0.012,1636706905743
2026-05-29,2026-05-29 21:50:00 UTC,59,DVLT,Datavault AI Inc,44972246,0.58,0.5,0.547,0.48,13.48,0.0526,427780997
2026-05-29,2026-05-29 21:50:00 UTC,60,BB,Blackberry,44962537,2.5100000000000002,9.0,9.31,8.72,6.61,0.0767,5274552663
2026-05-29,2026-05-29 21:50:00 UTC,61,CMND,Clearmind Medici,44855459,46.12,3.58,4.66,3.15,61.629999999999995,44.0177,3648138
2026-05-29,2026-05-29 21:50:00 UTC,62,GOOGL,Alphabet Inc,44373330,-2.5100000000000002,380.34,385.24,378.46,1.7399999999999998,0.0037,4608199440000
2026-05-29,2026-05-29 21:50:00 UTC,63,SMR,NuScale Power Corporation,44233603,3.94,12.67,13.1,11.64,11.98,0.121,4630646246
2026-05-29,2026-05-29 21:50:00 UTC,64,NIO,Nio Inc.,43478727,0.8999999999999999,5.6,5.66,5.36,5.41,0.0174,14031735323
2026-05-29,2026-05-29 21:50:00 UTC,65,FTI,Technipfmc Plc,43476133,1.06,68.42,68.68,66.93,2.58,0.109,27279183792
2026-05-29,2026-05-29 21:50:00 UTC,66,AMC,Amc Entmt Hldgs Inc,42226001,9.49,1.73,1.79,1.55,15.190000000000001,0.056,1304717077
2026-05-29,2026-05-29 21:50:00 UTC,67,WMT,Walmart,42174607,-2.65,115.75,119.08,114.71,3.6799999999999997,0.0053,922642152111
2026-05-29,2026-05-29 21:50:00 UTC,68,CSCO,Cisco Sys Inc,42171775,1.5,120.42,121.43,117.01,3.73,0.0107,474627562359
2026-05-29,2026-05-29 21:50:00 UTC,69,KEEL,Keel Infrastructure Corp,41854302,1.0699999999999998,5.68,5.87,5.25,11.03,0.0694,3424162508
2026-05-29,2026-05-29 21:50:00 UTC,70,DELL,Dell Technologies,41764457,32.76,420.91,429.15,402.27,8.48,0.0643,273409787681
2026-05-29,2026-05-29 21:50:00 UTC,71,AVGO,Broadcom Inc,41737048,4.73,446.77,448.9,431.47,4.07,0.0088,2115307704565
2026-05-29,2026-05-29 21:50:00 UTC,72,ORCL,Oracle Corp,40996577,10.84,225.78,226.29,208.01,8.97,0.0143,649353665880
2026-05-29,2026-05-29 21:50:00 UTC,73,SOUN,SOUNDHOUND AI INC,40622551,5.140000000000001,9.0,9.22,8.6,7.24,0.0939,3894926715
2026-05-29,2026-05-29 21:50:00 UTC,74,HBAN,Huntington Bancshares Inc,40558411,1.49,16.36,16.36,16.0,2.23,0.02,33163856403
2026-05-29,2026-05-29 21:50:00 UTC,75,VZ,Verizon Comms,40409472,-0.42,47.81,48.16,47.34,1.71,0.0097,199633471487
2026-05-29,2026-05-29 21:50:00 UTC,76,CXAI,CXApp,39926610,21.42,0.2075,0.23,0.1713,34.35,0.5697,14543524
2026-05-29,2026-05-29 21:50:00 UTC,77,CDE,Coeur Mng Inc,39770656,3.93,19.32,19.34,18.31,5.57,0.0386,19925390770
2026-05-29,2026-05-29 21:50:00 UTC,78,NFLX,Netflix Inc,39750750,-0.38999999999999996,86.02,86.67,85.66,1.17,0.0094,362212889378
2026-05-29,2026-05-29 21:50:00 UTC,79,GMEX,GMEX ROBOTICS,39033965,-16.950000000000003,1.47,2.25,1.45,44.629999999999995,193.8401,296016
2026-05-29,2026-05-29 21:50:00 UTC,80,HRL,Hormel Foods Corp,38917903,-1.53,23.23,23.87,23.18,2.86,0.0707,12783102128
2026-05-29,2026-05-29 21:50:00 UTC,81,NKE,Nike Inc Cl B,38905878,-2.41,46.23,47.2,46.08,2.36,0.0263,68461407535
2026-05-29,2026-05-29 21:50:00 UTC,82,SRXH,SRX Health Solutions Inc,38841907,-4.74,0.1105,0.12,0.1105,8.02,0.0658,65223151
2026-05-29,2026-05-29 21:50:00 UTC,83,HCWC,Healthy Choice Wellness Corp,37778148,16.36,0.3329,0.3491,0.285,22.58,1.4229,8838676
2026-05-29,2026-05-29 21:50:00 UTC,84,BSX,Boston Scien Cp,37274343,-1.63,48.31,49.3,48.13,2.39,0.0251,71805818697
2026-05-29,2026-05-29 21:50:00 UTC,85,CCL,Carnival Corporation Ltd.,36962769,0.43,28.06,28.4,27.76,2.15,0.0298,34766345948
2026-05-29,2026-05-29 21:50:00 UTC,86,RCAT,Red Cat Hldgs Inc,36796798,2.4699999999999998,14.5,14.7,12.35,16.61,0.2432,2193716643
2026-05-29,2026-05-29 21:50:00 UTC,87,ALIT,Alight Inc.,36546373,-0.31,0.9423,1.02,0.9002,12.659999999999998,0.068,506243118
2026-05-29,2026-05-29 21:50:00 UTC,88,QBTS,D Wave Quantum,36276985,2.1999999999999997,30.14,30.16,27.42,9.27,0.0989,11053471294
2026-05-29,2026-05-29 21:50:00 UTC,89,SIDU,Sidus Space Inc,35416551,-5.21,4.91,5.0,4.38,11.97,0.438,397046433
2026-05-29,2026-05-29 21:50:00 UTC,90,BMNR,Bitmine Immersion Technologies Inc,35246540,0.1,19.27,19.86,18.44,7.380000000000001,0.0656,10360107342
2026-05-29,2026-05-29 21:50:00 UTC,91,PDD,Pinduoduo,35199421,1.7000000000000002,84.44,85.82,82.2,4.35,0.0247,120191597251
2026-05-29,2026-05-29 21:50:00 UTC,92,ABEV,Ambev,35010365,0.31,3.21,3.235,3.15,2.6599999999999997,0.0022,50065387740
2026-05-29,2026-05-29 21:50:00 UTC,93,RKLB,Rocket Lab Usa Inc,34840943,-3.0700000000000003,143.48,144.0,134.05,6.72,0.0602,83055905313
2026-05-29,2026-05-29 21:50:00 UTC,94,BYND,Beyond Meat,34595664,-3.88,0.7885,0.8294,0.7846,5.45,0.0671,406347476
2026-05-29,2026-05-29 21:50:00 UTC,95,DKNG,Draftkings Inc,34298486,-0.16,24.49,24.72,23.54,4.79,0.0691,12150194728
2026-05-29,2026-05-29 21:50:00 UTC,96,MRVL,Marvell Technology Inc,33974930,0.08,205.0,208.76,199.2,4.67,0.0388,179488400465
2026-05-29,2026-05-29 21:50:00 UTC,97,CRM,Salesforce Com Inc,33966959,8.469999999999999,191.1,194.14,180.02,8.02,0.0415,156330070478
2026-05-29,2026-05-29 21:50:00 UTC,98,KVUE,Kenvue Inc.,33794617,-2.04,17.28,17.69,17.24,2.52,0.0176,33177749783
2026-05-29,2026-05-29 21:50:00 UTC,99,GAP,Gap Inc,33744627,-15.4,21.15,21.7,20.5,4.72,0.0924,7726945039
2026-05-29,2026-05-29 21:50:00 UTC,100,OPEN,Opendoor Technologies Inc,33644389,-0.59,5.04,5.15,4.89,5.029999999999999,0.0349,4862272625
2026-06-01,2026-06-01 22:49:56 UTC,1,SOAR,Volato Group Inc-A,632968495,45.59,0.2475,0.475,0.2457,134.88,20.4823,7648532
2026-06-01,2026-06-01 22:49:56 UTC,2,HUBC,Hub Cyber Security Israel Ltd,415738601,97.24000000000001,0.515,0.5678,0.42,56.61000000000001,324.2759,660256
2026-06-01,2026-06-01 22:49:56 UTC,3,WOK,WORK Medical Technology Group LTD,386743592,15.47,0.109,0.1867,0.0958,96.19,224.2507,187981
2026-06-01,2026-06-01 22:49:56 UTC,4,AIM,Aim Immunotech,359380581,120.35,0.8986,1.25,0.482,188.32999999999998,16.2742,19843663
2026-06-01,2026-06-01 22:49:56 UTC,5,SPCE,Virgin Galactic Holdings Inc,285355127,21.68,7.52,8.9,6.25,42.559999999999995,2.8342,757139453
2026-06-01,2026-06-01 22:49:56 UTC,6,NVDA,Nvidia Corporation,212423789,6.260000000000001,224.36,224.87,215.7,4.34,0.0088,5429512000000
2026-06-01,2026-06-01 22:49:56 UTC,7,ZCMD,Zhongchao Inc,196621808,-53.290000000000006,0.078,0.117,0.0672,29.82,51.0078,300669
2026-06-01,2026-06-01 22:49:56 UTC,8,NOK,Nokia,172577744,9.5,16.25,16.52,14.93,10.71,0.0309,90881571283
2026-06-01,2026-06-01 22:49:56 UTC,9,INTC,Intel Corp,134732571,-4.67,109.33,113.3,106.33,6.08,0.0268,549492580000
2026-06-01,2026-06-01 22:49:56 UTC,10,TGHL,The GrowHub Limited,132798536,288.15,1.35,2.48,1.3,339.28,5.249,34154743
2026-06-01,2026-06-01 22:49:56 UTC,11,SBEV,Splash Beverage Group Inc,128894265,-5.43,0.1621,0.2069,0.1456,35.76,11.7553,1777392
2026-06-01,2026-06-01 22:49:56 UTC,12,ANY,Sphere 3D Corp,127648832,111.57999999999998,4.02,4.83,2.86,103.67999999999999,30.0787,17060164
2026-06-01,2026-06-01 22:49:56 UTC,13,OPTU,Optimum Communications Inc,124918838,76.24,1.16,1.32,1.03,44.06,0.2622,552707760
2026-06-01,2026-06-01 22:49:56 UTC,14,AMC,Amc Entmt Hldgs Inc,116695396,22.54,2.12,2.215,1.78,25.14,0.1547,1598844048
2026-06-01,2026-06-01 22:49:56 UTC,15,HPE,Hewlett Packard Enterprise Co,113623869,9.2,47.0,47.97,43.4,10.620000000000001,0.0856,62362142183
2026-06-01,2026-06-01 22:49:56 UTC,16,ABTS,Abits Group Inc.,101183742,115.78999999999999,2.14,3.23,1.42,182.48,34.167,6337496
2026-06-01,2026-06-01 22:49:56 UTC,17,DEVS,Devvstream Corp,99468645,27.67,0.383,0.4671,0.3019,55.06999999999999,7.5089,5073539
2026-06-01,2026-06-01 22:49:56 UTC,18,F,Ford Mtr Co Del,97506783,-4.64,16.63,17.48,16.63,4.9,0.0245,66265438436
2026-06-01,2026-06-01 22:49:56 UTC,19,SOFI,Sofi Technologies Inc,96590454,1.9800000000000002,18.58,18.8,17.69,6.069999999999999,0.0753,23833331496
2026-06-01,2026-06-01 22:49:56 UTC,20,HKIT,HiTek Global Inc.,90329540,350.68,6.58,8.8,3.01,396.58000000000004,10.0738,59001590
2026-06-01,2026-06-01 22:49:56 UTC,21,ONDS,Ondas Holdings Inc.,87023272,1.82,13.46,13.91,12.8,8.4,0.1714,6832362303
2026-06-01,2026-06-01 22:49:56 UTC,22,BBAI,BIGBEAR AI HLDGS INC,83500055,5.949999999999999,5.34,5.46,5.01,8.93,0.1743,2557590063
2026-06-01,2026-06-01 22:49:56 UTC,23,ABVE,Above Food Ingredients,75464700,-80.57,0.114,0.5565,0.1,77.79,1.4742,5835870
2026-06-01,2026-06-01 22:49:56 UTC,24,RGTI,Rigetti Computing Inc,69968716,0.35000000000000003,25.63,26.48,24.05,9.51,0.2105,8519381423
2026-06-01,2026-06-01 22:49:56 UTC,25,AAL,American Airline,69047243,-2.0500000000000003,14.34,14.46,14.0,3.1399999999999997,0.1044,9484262864
2026-06-01,2026-06-01 22:49:56 UTC,26,NOW,Servicenow Inc,68664518,9.24,135.86,139.2,131.61,6.1,0.0666,140113504880
2026-06-01,2026-06-01 22:49:56 UTC,27,PATH,Uipath Inc,67917969,11.77,13.1,13.2,11.9,11.09,0.1305,6817808500
2026-06-01,2026-06-01 22:49:56 UTC,28,HCWC,Healthy Choice Wellness Corp,66264588,10.42,0.3676,0.4711,0.36,32.95,2.4958,9759979
2026-06-01,2026-06-01 22:49:56 UTC,29,DBGI,Digital Brands Group Inc,65842876,73.36,0.8389,0.9,0.4125,100.74000000000001,2.8646,19282584
2026-06-01,2026-06-01 22:49:56 UTC,30,NIO,Nio Inc.,65119668,6.79,5.98,6.13,5.72,7.23,0.026,14983888791
2026-06-01,2026-06-01 22:49:56 UTC,31,PLUG,Plug Power,64728758,-0.25,3.94,4.06,3.8,6.58,0.0464,5496572183
2026-06-01,2026-06-01 22:49:56 UTC,32,GNTA,Genenta Science Spa,64541390,60.19,1.65,2.3,1.45,82.52000000000001,2.7358,38925183
2026-06-01,2026-06-01 22:49:56 UTC,33,DVLT,Datavault AI Inc,63722934,11.3,0.5565,0.5788,0.504,14.680000000000001,0.0745,476120250
2026-06-01,2026-06-01 22:49:56 UTC,34,ACHR,Archer Aviation Inc,62948497,0.44,6.84,6.93,6.52,6.02,0.0829,5195650381
2026-06-01,2026-06-01 22:49:56 UTC,35,CXAI,CXApp,61589159,-1.2,0.205,0.25,0.198,25.06,0.6361,19847855
2026-06-01,2026-06-01 22:49:56 UTC,36,NU,Nu Hldgs Ltd,60510599,-1.0699999999999998,12.99,13.15,12.91,1.83,0.0124,63154018850
2026-06-01,2026-06-01 22:49:56 UTC,37,CRWV,"CoreWeave, Inc.",58189651,13.96,124.82,127.85,114.72,11.99,0.1067,68098090587
2026-06-01,2026-06-01 22:49:56 UTC,38,PLTR,Palantir Technologies Inc,57539274,2.63,160.65,163.7,155.88,4.99,0.024,385128169105
2026-06-01,2026-06-01 22:49:56 UTC,39,RDW,Redwire Corporation,56867633,-15.83,20.68,22.77,20.3,9.89,0.2859,4113639295
2026-06-01,2026-06-01 22:49:56 UTC,40,IREN,IREN Ltd,56354190,2.82,65.33,66.5,60.26,9.82,0.1577,23347548772
2026-06-01,2026-06-01 22:49:56 UTC,41,GDC,GD CULTURE GROUP LTD,54453154,14.549999999999999,0.126,0.1268,0.1105,14.82,0.8962,7655723
2026-06-01,2026-06-01 22:49:56 UTC,42,HIVE,HIVE Digital Technologies Ltd,53644399,5.3100000000000005,4.76,5.02,4.35,14.82,0.2118,1205502225
2026-06-01,2026-06-01 22:49:56 UTC,43,AMZN,Amazon Com,53541116,-3.47,261.26,266.63,260.7,2.19,0.005,2810402411249
2026-06-01,2026-06-01 22:49:56 UTC,44,MSFT,Microsoft Corp,53482863,2.2800000000000002,460.52,466.32,458.27,1.79,0.0072,3420942749886
2026-06-01,2026-06-01 22:49:56 UTC,45,MARA,MARA Holdings Inc,51313738,3.27,14.85,15.32,13.66,11.51,0.1346,5661866969
2026-06-01,2026-06-01 22:49:56 UTC,46,SMCI,Super Micro Computer Inc,50152150,1.71,46.88,48.08,45.66,5.19,0.0834,28194498436
2026-06-01,2026-06-01 22:49:56 UTC,47,BURU,Nuburu,49755083,2.65,0.1822,0.1972,0.1734,13.41,0.2779,32617558
2026-06-01,2026-06-01 22:49:56 UTC,48,QBTS,D Wave Quantum,49024821,-3.19,29.18,31.12,27.83,10.879999999999999,0.1337,10701403197
2026-06-01,2026-06-01 22:49:56 UTC,49,AAPL,Apple Inc,48824653,-1.8399999999999999,306.31,310.94,305.02,1.8900000000000001,0.0033,4498884016360
2026-06-01,2026-06-01 22:49:56 UTC,50,KEEL,Keel Infrastructure Corp,48756151,7.39,6.1,6.21,5.4,14.34,0.0809,3677357623
2026-06-01,2026-06-01 22:49:56 UTC,51,FFAI,Faraday Future Intelligent Electric Inc,48741038,10.639999999999999,0.4023,0.4528,0.384,18.92,0.1604,122260637
2026-06-01,2026-06-01 22:49:56 UTC,52,JZ,Jianzhi Education Technology Group Co Ltd,48396995,325.82,3.1,3.28,0.9282,323.05,1.0243,146473078
2026-06-01,2026-06-01 22:49:56 UTC,53,ORCL,Oracle Corp,48246365,9.91,248.15,250.25,224.6,11.360000000000001,0.0168,713690814900
2026-06-01,2026-06-01 22:49:56 UTC,54,SRXH,SRX Health Solutions Inc,47981540,7.6899999999999995,0.119,0.1199,0.1109,8.05,0.0813,70240317
2026-06-01,2026-06-01 22:49:56 UTC,55,GRAB,Grab Holdings Limited,47305479,1.9800000000000002,3.61,3.66,3.5,4.52,0.0116,14764900000
2026-06-01,2026-06-01 22:49:56 UTC,56,OPEN,Opendoor Technologies Inc,46980829,5.36,5.31,5.51,4.95,11.110000000000001,0.0487,5122751515
2026-06-01,2026-06-01 22:49:56 UTC,57,POET,Poet Technologies Inc,46457410,13.020000000000001,13.89,14.43,11.62,22.86,0.2692,2397350189
2026-06-01,2026-06-01 22:49:56 UTC,58,MU,Micron Technology Inc,46423739,6.64,1035.5,1046.97,1009.5,3.8600000000000003,0.0412,1167768609810
2026-06-01,2026-06-01 22:49:56 UTC,59,FLNC,"Fluence Energy, Inc.",46022571,43.8,27.15,28.88,23.24,29.849999999999998,0.2497,5004035097
2026-06-01,2026-06-01 22:49:56 UTC,60,BB,Blackberry,45030764,8.0,9.72,9.84,8.92,10.17,0.0768,5696516876
2026-06-01,2026-06-01 22:49:56 UTC,61,TSLA,Tesla Inc,44820511,-4.569999999999999,415.88,429.6,415.43,3.25,0.0119,1561930443471
2026-06-01,2026-06-01 22:49:56 UTC,62,OTLK,Outlook Therapeutics Inc,44108469,15.479999999999999,0.843,0.9428,0.72,30.520000000000003,0.2969,125258941
2026-06-01,2026-06-01 22:49:56 UTC,63,QTEX,QTREX Quantum Ltd.,43927007,0.33,3.08,3.85,2.95,29.32,0.9877,136977640
2026-06-01,2026-06-01 22:49:56 UTC,64,RIVN,"Rivian Automotive, Inc. / De",43453751,3.9899999999999998,16.95,17.2,15.9,7.9799999999999995,0.0345,21364169409
2026-06-01,2026-06-01 22:49:56 UTC,65,HOOD,"Robinhood Markets, Inc.",42538532,-3.7900000000000005,90.73,92.4,85.56,7.249999999999999,0.0472,81702823821
2026-06-01,2026-06-01 22:49:56 UTC,66,HPQ,Hp Inc,41577251,8.51,29.34,29.54,27.31,8.25,0.0455,26832095724
2026-06-01,2026-06-01 22:49:56 UTC,67,SNAP,Snap Inc,41556520,2.63,5.86,5.99,5.79,3.5000000000000004,0.0251,9710963073
2026-06-01,2026-06-01 22:49:56 UTC,68,SMR,NuScale Power Corporation,41499670,1.7399999999999998,12.89,13.4,11.98,11.21,0.1135,4711052100
2026-06-01,2026-06-01 22:49:56 UTC,69,PURR,Hyperliquid Strategies Inc,41340040,8.81,10.87,11.62,10.38,12.41,0.2862,1570145096
2026-06-01,2026-06-01 22:49:56 UTC,70,AIIO,Robo.ai Inc,38923707,23.21,2.92,3.4,2.88,21.52,1.9675,57767904
2026-06-01,2026-06-01 22:49:56 UTC,71,RKLB,Rocket Lab Usa Inc,37225120,-14.7,122.39,135.63,121.0,9.67,0.0643,70847590265
2026-06-01,2026-06-01 22:49:56 UTC,72,JBLU,Jetblue Awys Corp,36421186,-5.8500000000000005,5.15,5.29,4.96,6.03,0.0979,1915897304
2026-06-01,2026-06-01 22:49:56 UTC,73,BMNR,Bitmine Immersion Technologies Inc,35959488,-2.18,18.85,19.44,18.2,6.43,0.0669,10134303238
2026-06-01,2026-06-01 22:49:56 UTC,74,PFE,Pfizer,35534947,-2.1,25.63,25.91,25.48,1.6400000000000001,0.0062,146076754051
2026-06-01,2026-06-01 22:49:56 UTC,75,GPUS,Hyperscale Data Inc.,34801879,-6.950000000000001,0.1768,0.1976,0.1762,11.26,0.0717,85821641
2026-06-01,2026-06-01 22:49:56 UTC,76,BAC,Bank of America Corp,34300295,-0.16999999999999998,51.51,51.83,50.85,1.8900000000000001,0.0048,365545384433
2026-06-01,2026-06-01 22:49:56 UTC,77,INFY,Infosys,34181987,6.01,13.41,13.56,12.72,6.4799999999999995,0.0084,54279780103
2026-06-01,2026-06-01 22:49:56 UTC,78,SOUN,SOUNDHOUND AI INC,33970482,2.78,9.25,9.52,8.82,7.829999999999999,0.0785,4003119123
2026-06-01,2026-06-01 22:49:56 UTC,79,AMD,Advanced Micro Devices Inc,33281072,-1.16,510.13,517.5,486.8,5.949999999999999,0.0204,831818303973
2026-06-01,2026-06-01 22:49:56 UTC,80,MRVL,Marvell Technology Inc,32870580,7.04,219.43,225.14,195.12,14.64,0.0376,191957364000
2026-06-01,2026-06-01 22:49:56 UTC,81,IBM,International Business Machines Corp,32849032,7.6,320.42,327.98,308.0,6.68,0.035,301158041417
2026-06-01,2026-06-01 22:49:56 UTC,82,GMM,Global Mofy AI Ltd,32828697,0.15,0.1371,0.1495,0.1196,21.84,0.5273,8535640
2026-06-01,2026-06-01 22:49:56 UTC,83,NFLX,Netflix Inc,32708738,-0.2,85.85,87.23,85.32,2.22,0.0078,361497053628
2026-06-01,2026-06-01 22:49:56 UTC,84,CMG,Chipotle Mexican Grill Inc,32443025,-4.109999999999999,30.55,32.24,30.48,5.52,0.0253,39187523700
2026-06-01,2026-06-01 22:49:56 UTC,85,TE,T1 Energy,32431539,-1.4200000000000002,10.41,10.61,9.49,10.61,0.1162,2905103886
2026-06-01,2026-06-01 22:49:56 UTC,86,QUBT,Quantum Computing Inc,32218691,3.5999999999999996,12.39,13.0,11.03,16.470000000000002,0.1429,2794378488
2026-06-01,2026-06-01 22:49:56 UTC,87,ABEV,Ambev,31917209,0.9299999999999999,3.24,3.27,3.18,2.8000000000000003,0.002,50533288560
2026-06-01,2026-06-01 22:49:56 UTC,88,ADTX,Aditxt Inc,31461236,-3.58,0.113,0.1518,0.0911,51.790000000000006,38.5592,92199
2026-06-01,2026-06-01 22:49:56 UTC,89,RIG,Transocean,31360678,0.97,6.25,6.39,6.22,2.71,0.0281,6977757350
2026-06-01,2026-06-01 22:49:56 UTC,90,RXRX,"Recursion Pharmaceuticals, Inc.",30914423,5.57,3.79,3.85,3.45,11.14,0.0583,2008340704
2026-06-01,2026-06-01 22:49:56 UTC,91,BTBT,Bit Digital Inc,30888717,4.46,2.11,2.15,1.92,11.39,0.0885,736791786
2026-06-01,2026-06-01 22:49:56 UTC,92,AVGO,Broadcom Inc,30516228,2.9499999999999997,459.97,466.05,442.22,5.319999999999999,0.0064,2177805324594
2026-06-01,2026-06-01 22:49:56 UTC,93,T,At&T,29666671,-1.01,24.55,24.9,24.49,1.6500000000000001,0.0043,170581718399
2026-06-01,2026-06-01 22:49:56 UTC,94,NAMM,Namib Minerals,29592249,36.84,2.08,2.49,2.05,28.95,0.5432,113323926
2026-06-01,2026-06-01 22:49:56 UTC,95,LYFT,Lyft Inc,29325176,5.319999999999999,14.86,15.28,14.15,7.99,0.0767,5678361005
2026-06-01,2026-06-01 22:49:56 UTC,96,INFQ,Infleqtion Inc,29249044,9.06,17.69,18.57,15.73,17.45,0.134,3859903001
2026-06-01,2026-06-01 22:49:56 UTC,97,BSX,Boston Scien Cp,29182470,-0.6799999999999999,47.98,48.66,47.35,2.7,0.0196,71315321488
2026-06-01,2026-06-01 22:49:56 UTC,98,META,Meta Platforms Inc,29066225,-5.07,600.47,635.75,599.53,5.7299999999999995,0.0115,1524247041352
2026-06-01,2026-06-01 22:49:56 UTC,99,BYND,Beyond Meat,28874061,-1.6199999999999999,0.7757,0.7889,0.762,3.4099999999999997,0.056,399751093
2026-06-01,2026-06-01 22:49:56 UTC,100,GOOGL,Alphabet Inc,28502550,-1.04,376.37,378.56,373.52,1.32,0.0024,4560098920000
2026-06-02,2026-06-02 22:49:56 UTC,1,PMI,"Picard Medical, Inc.",823446914,60.33,0.27,0.397,0.26,81.35,8.9166,24934458
2026-06-02,2026-06-02 22:49:56 UTC,2,HUBC,Hub Cyber Security Israel Ltd,541950874,-6.800000000000001,0.48,0.9646,0.4,109.63000000000001,422.7361,615384
2026-06-02,2026-06-02 22:49:56 UTC,3,GPUS,Hyperscale Data Inc.,297938721,30.599999999999998,0.2309,0.2581,0.193,36.82,0.6138,112082675
2026-06-02,2026-06-02 22:49:56 UTC,4,LASE,Laser Photonics Corp,283790273,160.92,2.42,2.47,1.08,149.87,8.704,78903381
2026-06-02,2026-06-02 22:49:56 UTC,5,NVDA,Nvidia Corporation,192663546,-0.69,222.82,232.28,221.35,4.87,0.008,5392244000000
2026-06-02,2026-06-02 22:49:56 UTC,6,NU,Nu Hldgs Ltd,183361634,-8.16,11.93,12.21,11.44,5.93,0.0377,58000573124
2026-06-02,2026-06-02 22:49:56 UTC,7,HPE,Hewlett Packard Enterprise Co,152983957,19.470000000000002,56.15,64.25,53.47,22.939999999999998,0.1153,74502857097
2026-06-02,2026-06-02 22:49:56 UTC,8,SOAR,Volato Group Inc-A,146344019,29.29,0.32,0.355,0.2812,29.82,4.7356,9889012
2026-06-02,2026-06-02 22:49:56 UTC,9,DEVS,Devvstream Corp,145932778,57.099999999999994,0.6017,0.7072,0.3419,95.33,11.0164,7970623
2026-06-02,2026-06-02 22:49:56 UTC,10,ZCMD,Zhongchao Inc,144422160,-29.74,0.0548,0.0582,0.048,13.08,37.4661,211239
2026-06-02,2026-06-02 22:49:56 UTC,11,NOK,Nokia,135267303,3.6900000000000004,16.85,17.11,16.45,4.06,0.0242,94237198531
2026-06-02,2026-06-02 22:49:56 UTC,12,SPCE,Virgin Galactic Holdings Inc,128989869,-38.96,4.59,6.76,4.51,29.79,1.2811,462136980
2026-06-02,2026-06-02 22:49:56 UTC,13,MEHA,Functional Brands Inc,113624700,-16.869999999999997,0.069,0.083,0.0627,24.46,5.1853,1511987
2026-06-02,2026-06-02 22:49:56 UTC,14,MRVL,Marvell Technology Inc,110960660,32.519999999999996,290.79,291.3,252.43,17.71,0.1268,254383092000
2026-06-02,2026-06-02 22:49:56 UTC,15,GXAI,Gaxos.AI,106071294,14.29,1.36,2.17,1.35,68.91000000000001,10.3789,13899110
2026-06-02,2026-06-02 22:49:56 UTC,16,INTC,Intel Corp,105807618,-1.28,107.93,109.0,104.17,4.42,0.0211,542456180000
2026-06-02,2026-06-02 22:49:56 UTC,17,WOK,WORK Medical Technology Group LTD,104389927,-4.590000000000001,0.104,0.121,0.0954,23.21,60.5298,179358
2026-06-02,2026-06-02 22:49:56 UTC,18,ONDS,Ondas Holdings Inc.,92678743,0.89,13.58,14.16,13.09,7.95,0.1826,6893274895
2026-06-02,2026-06-02 22:49:56 UTC,19,LOBO,LOBO,82626036,4.92,0.8813,1.48,0.86,73.81,5.9693,12198899
2026-06-02,2026-06-02 22:49:56 UTC,20,PLUG,Plug Power,81944589,3.81,4.09,4.33,3.85,12.18,0.0587,5705832545
2026-06-02,2026-06-02 22:49:56 UTC,21,SOFI,Sofi Technologies Inc,77004856,-4.52,17.74,18.23,17.46,4.14,0.06,22755828888
2026-06-02,2026-06-02 22:49:56 UTC,22,DXST,Decent Holding Inc.,76334146,209.38,4.95,5.47,2.95,157.5,42.055,8984759
2026-06-02,2026-06-02 22:49:56 UTC,23,BJDX,Bluejay Diagnostics Inc,74354803,100.0,4.34,7.0,3.706,151.82,71.8602,4490663
2026-06-02,2026-06-02 22:49:56 UTC,24,RGTI,Rigetti Computing Inc,73973991,4.88,26.88,27.24,25.43,6.98,0.2225,8934879932
2026-06-02,2026-06-02 22:49:56 UTC,25,AMZE,"Amaze Holdings, Inc.",73319552,-17.32,0.1551,0.1993,0.1522,25.16,1.2472,9117707
2026-06-02,2026-06-02 22:49:56 UTC,26,F,Ford Mtr Co Del,72810695,-2.8899999999999997,16.15,16.75,15.83,5.53,0.0183,64352785974
2026-06-02,2026-06-02 22:49:56 UTC,27,JZ,Jianzhi Education Technology Group Co Ltd,66371809,-77.42,0.7,0.8496,0.36,15.790000000000001,1.4047,33074566
2026-06-02,2026-06-02 22:49:56 UTC,28,SMR,NuScale Power Corporation,64206186,8.219999999999999,13.95,14.3,12.51,13.889999999999999,0.1757,5098462126
2026-06-02,2026-06-02 22:49:56 UTC,29,PATH,Uipath Inc,60522410,-7.02,12.18,12.77,11.78,7.5600000000000005,0.1163,6339000575
2026-06-02,2026-06-02 22:49:56 UTC,30,OPEN,Opendoor Technologies Inc,57177528,1.8800000000000001,5.41,5.64,5.13,9.6,0.0593,5219225179
2026-06-02,2026-06-02 22:49:56 UTC,31,BB,Blackberry,55840372,6.17,10.32,10.33,9.28,10.8,0.0953,6048153720
2026-06-02,2026-06-02 22:49:56 UTC,32,SMCI,Super Micro Computer Inc,54741426,7.02,50.17,51.4,48.56,6.0600000000000005,0.091,30173165241
2026-06-02,2026-06-02 22:49:56 UTC,33,IREN,IREN Ltd,51436446,1.94,66.6,69.57,64.26,8.12,0.1439,23801419688
2026-06-02,2026-06-02 22:49:56 UTC,34,GOOGL,Alphabet Inc,50269049,-3.8600000000000003,361.85,373.54,358.44,4.01,0.0041,4384174600000
2026-06-02,2026-06-02 22:49:56 UTC,35,YYGH,YY Group Holdings,50268168,-19.35,0.153,0.1701,0.135,18.29,5.364,1433822
2026-06-02,2026-06-02 22:49:56 UTC,36,HIVE,HIVE Digital Technologies Ltd,50220405,-4.62,4.54,4.97,4.38,12.36,0.1983,1149785735
2026-06-02,2026-06-02 22:49:56 UTC,37,BBAI,BIGBEAR AI HLDGS INC,49778951,-4.31,5.11,5.21,5.01,3.75,0.1039,2447431689
2026-06-02,2026-06-02 22:49:56 UTC,38,AAL,American Airline,49431533,-2.86,13.93,14.52,13.87,4.53,0.0747,9213094958
2026-06-02,2026-06-02 22:49:56 UTC,39,ACHR,Archer Aviation Inc,48564251,-1.46,6.74,6.9,6.62,4.08,0.0639,5119690580
2026-06-02,2026-06-02 22:49:56 UTC,40,QBTS,D Wave Quantum,48354544,2.5,29.91,31.3,28.99,7.920000000000001,0.1319,10969121645
2026-06-02,2026-06-02 22:49:56 UTC,41,BMNR,Bitmine Immersion Technologies Inc,47427203,-4.67,17.97,18.7,17.52,6.260000000000001,0.0882,9661189877
2026-06-02,2026-06-02 22:49:56 UTC,42,KEEL,Keel Infrastructure Corp,47312977,0.66,6.14,6.45,6.03,6.890000000000001,0.0785,3701471443
2026-06-02,2026-06-02 22:49:56 UTC,43,MU,Micron Technology Inc,47309868,2.76,1064.1,1076.56,1017.2,5.72,0.042,1200021803669
2026-06-02,2026-06-02 22:49:56 UTC,44,AMC,Amc Entmt Hldgs Inc,47188388,-2.36,2.07,2.08,1.925,7.31,0.0626,1561135462
2026-06-02,2026-06-02 22:49:56 UTC,45,AAPL,Apple Inc,44468116,2.9000000000000004,315.2,315.45,306.69,2.85,0.003,4629454611200
2026-06-02,2026-06-02 22:49:56 UTC,46,URG,Ur-Energy,44295866,22.81,2.1,2.15,1.73,24.560000000000002,0.1115,834396891
2026-06-02,2026-06-02 22:49:56 UTC,47,PLTR,Palantir Technologies Inc,42921975,-5.28,152.17,159.55,149.8,6.05,0.0179,364798963540
2026-06-02,2026-06-02 22:49:56 UTC,48,NFLX,Netflix Inc,42884676,-2.94,83.33,85.98,83.29,3.1300000000000003,0.0102,350885841338
2026-06-02,2026-06-02 22:49:56 UTC,49,DVLT,Datavault AI Inc,42717901,-8.89,0.507,0.5641,0.507,10.26,0.0499,433769931
2026-06-02,2026-06-02 22:49:56 UTC,50,BAC,Bank of America Corp,42110920,1.8800000000000001,52.48,52.71,51.26,2.62,0.0059,372429077364
2026-06-02,2026-06-02 22:49:56 UTC,51,T,At&T,42077511,0.37,24.64,24.71,24.25,1.87,0.0061,171207068894
2026-06-02,2026-06-02 22:49:56 UTC,52,AMZN,Amazon Com,41743034,-1.81,256.52,261.2,254.37,2.62,0.0039,2759413712522
2026-06-02,2026-06-02 22:49:56 UTC,53,NOW,Servicenow Inc,41123911,-6.04,127.65,132.74,124.12,6.34,0.0399,131646466200
2026-06-02,2026-06-02 22:49:56 UTC,54,LAC,Lithium Americas,40792143,4.36,5.75,6.36,5.68,12.34,0.1162,2018609248
2026-06-02,2026-06-02 22:49:56 UTC,55,GRAB,Grab Holdings Limited,40529925,-0.27999999999999997,3.6,3.66,3.57,2.4899999999999998,0.0099,14724000000
2026-06-02,2026-06-02 22:49:56 UTC,56,DBGI,Digital Brands Group Inc,40038538,-16.55,0.7001,1.18,0.65,63.09,1.7419,16092189
2026-06-02,2026-06-02 22:49:56 UTC,57,SNAP,Snap Inc,39794781,-1.71,5.76,5.84,5.65,3.2399999999999998,0.024,9545246979
2026-06-02,2026-06-02 22:49:56 UTC,58,SRXH,SRX Health Solutions Inc,39499469,7.5600000000000005,0.128,0.13,0.1192,9.08,0.0669,75552610
2026-06-02,2026-06-02 22:49:56 UTC,59,RIVN,"Rivian Automotive, Inc. / De",39221779,2.01,17.29,17.69,16.67,6.02,0.0311,21792713220
2026-06-02,2026-06-02 22:49:56 UTC,60,MARA,MARA Holdings Inc,38986650,-3.84,14.28,15.01,14.1,6.13,0.1023,5444542782
2026-06-02,2026-06-02 22:49:56 UTC,61,RKTO,ROCKET ONE INC,38953597,65.67,2.22,2.45,1.4,78.36,1.8529,46669945
2026-06-02,2026-06-02 22:49:56 UTC,62,TE,T1 Energy,38867762,15.659999999999998,12.04,12.25,10.27,19.02,0.1393,3359985667
2026-06-02,2026-06-02 22:49:56 UTC,63,POET,Poet Technologies Inc,38498637,-0.5,13.82,15.27,13.66,11.559999999999999,0.2231,2385268510
2026-06-02,2026-06-02 22:49:56 UTC,64,AVGO,Broadcom Inc,38062300,4.7,481.57,488.82,470.46,3.9899999999999998,0.008,2280074157368
2026-06-02,2026-06-02 22:49:56 UTC,65,ADTX,Aditxt Inc,37631126,-2.83,0.1098,0.1289,0.08,42.74,46.121,89588
2026-06-02,2026-06-02 22:49:56 UTC,66,TSLA,Tesla Inc,37511121,1.8900000000000001,423.74,424.42,413.65,2.52,0.01,1591450433097
2026-06-02,2026-06-02 22:49:56 UTC,67,RIG,Transocean,36977946,0.0,6.25,6.43,6.24,3.04,0.0331,6977757350
2026-06-02,2026-06-02 22:49:56 UTC,68,MSFT,Microsoft Corp,36891119,-4.17,441.31,453.5,440.43,2.8400000000000003,0.005,3278242519222
2026-06-02,2026-06-02 22:49:56 UTC,69,RDW,Redwire Corporation,36278407,-0.48,20.58,22.15,20.3,8.95,0.1824,4093747422
2026-06-02,2026-06-02 22:49:56 UTC,70,NIO,Nio Inc.,35728247,0.5,6.01,6.27,5.97,5.0200000000000005,0.0143,15059058802
2026-06-02,2026-06-02 22:49:56 UTC,71,CRWV,"CoreWeave, Inc.",34659259,-4.45,119.27,132.15,118.82,10.66,0.0635,65070175167
2026-06-02,2026-06-02 22:49:56 UTC,72,GOOG,Alphabet Inc,34567602,-3.81,358.39,369.79,355.0,3.9699999999999998,0.0029,4342253240000
2026-06-02,2026-06-02 22:49:56 UTC,73,STAK,STAK inc.,32838223,94.87,1.9,2.15,1.145,102.56,1.7094,36499663
2026-06-02,2026-06-02 22:49:56 UTC,74,FULC,Fulcrum Therapeutics,32796478,-51.09,3.14,3.26,2.83,5.45,0.4922,209228627
2026-06-02,2026-06-02 22:49:56 UTC,75,INFQ,Infleqtion Inc,31718502,12.32,19.87,20.75,18.0,15.55,0.1454,4335572224
2026-06-02,2026-06-02 22:49:56 UTC,76,PFE,Pfizer,31271565,-0.31,25.55,25.7,25.27,1.68,0.0055,145620798517
2026-06-02,2026-06-02 22:49:56 UTC,77,MSTR,Strategy Inc,31030148,-9.15,136.08,142.8,134.11,5.800000000000001,0.0885,47688946421
2026-06-02,2026-06-02 22:49:56 UTC,78,ORCL,Oracle Corp,30133294,-1.44,244.58,249.0,238.84,4.09,0.0105,703423330680
2026-06-02,2026-06-02 22:49:56 UTC,79,CIFR,Cipher Digital Inc,29895514,9.5,26.29,26.6,24.7,7.91,0.0731,10753903389
2026-06-02,2026-06-02 22:49:56 UTC,80,JOBY,Joby Aviation Inc,29766677,-0.84,11.87,12.12,11.59,4.43,0.0303,11675840653
2026-06-02,2026-06-02 22:49:56 UTC,81,BYND,Beyond Meat,29643972,-1.44,0.7645,0.7795,0.7524,3.27,0.0575,393979258
2026-06-02,2026-06-02 22:49:56 UTC,82,ALIT,Alight Inc.,29565547,-12.879999999999999,0.8264,0.9379,0.8179,12.65,0.055,443976773
2026-06-02,2026-06-02 22:49:56 UTC,83,QUCY,Quantum Cyber N.V.,29403005,9.87,2.45,3.1,2.45,29.14,1.2915,55779772
2026-06-02,2026-06-02 22:49:56 UTC,84,SOUN,SOUNDHOUND AI INC,29372349,-4.65,8.82,9.16,8.76,4.32,0.0679,3817028180
2026-06-02,2026-06-02 22:49:56 UTC,85,HPQ,Hp Inc,29233867,-6.99,27.29,29.65,27.2,8.35,0.032,24957324210
2026-06-02,2026-06-02 22:49:56 UTC,86,MVIS,Microvision,29080099,-31.990000000000002,0.4109,0.5289,0.3999,21.33,0.0877,136260720
2026-06-02,2026-06-02 22:49:56 UTC,87,CLF,Cleveland-Cliffs Inc,28924842,8.62,14.75,15.06,13.51,11.41,0.0507,8413616190
2026-06-02,2026-06-02 22:49:56 UTC,88,SIDU,Sidus Space Inc,28734902,10.59,4.91,5.15,4.557,13.29,0.2952,477987969
2026-06-02,2026-06-02 22:49:56 UTC,89,NKE,Nike Inc Cl B,28323536,-4.79,43.73,45.78,43.51,4.9399999999999995,0.0191,64759189953
2026-06-02,2026-06-02 22:49:56 UTC,90,PURR,Hyperliquid Strategies Inc,28208017,0.9199999999999999,10.97,11.29,10.27,9.379999999999999,0.1953,1584589853
2026-06-02,2026-06-02 22:49:56 UTC,91,OWL,Blue Owl Capital Inc,27955212,-3.82,10.07,10.44,10.02,4.06,0.0179,15699636611
2026-06-02,2026-06-02 22:49:56 UTC,92,DNN,Denison Mines,27953878,7.000000000000001,3.67,3.68,3.415,7.7299999999999995,0.0309,3321412250
2026-06-02,2026-06-02 22:49:56 UTC,93,AUR,Aurora Innovation Inc,27905085,3.35,7.72,8.07,7.31,10.16,0.0142,15140487847
2026-06-02,2026-06-02 22:49:56 UTC,94,IONQ,Ionq Inc,27618961,3.06,71.4,72.63,69.09,5.11,0.074,26651474287
2026-06-02,2026-06-02 22:49:56 UTC,95,WMT,Walmart,27343095,-1.34,113.06,114.57,112.73,1.6099999999999999,0.0034,899740429264
2026-06-02,2026-06-02 22:49:56 UTC,96,VALE,Vale S A,27193522,3.19,16.82,16.94,16.41,3.25,0.0064,71729457725
2026-06-02,2026-06-02 22:49:56 UTC,97,CLSK,Cleanspark Inc,26542069,-6.54,17.58,19.09,17.4,8.959999999999999,0.1034,4511179293
2026-06-02,2026-06-02 22:49:56 UTC,98,HOOD,"Robinhood Markets, Inc.",26503655,-2.83,88.16,89.43,86.13,3.64,0.0294,79388525825
2026-06-02,2026-06-02 22:49:56 UTC,99,CSCO,Cisco Sys Inc,26430302,5.5,128.0,128.22,122.49,4.72,0.0067,504503637120
2026-06-02,2026-06-02 22:49:56 UTC,100,EOSE,Eos Energy Enterprises Inc,26429258,5.0200000000000005,9.42,9.69,8.75,10.48,0.0778,3198222134
2026-06-03,2026-06-03 22:49:56 UTC,1,SBEV,Splash Beverage Group Inc,498207158,71.02000000000001,0.242,0.3888,0.14,175.82999999999998,45.437,2653478
2026-06-03,2026-06-03 22:49:56 UTC,2,HUBC,Hub Cyber Security Israel Ltd,283202968,35.33,0.6496,0.8199,0.5424,57.79,220.8984,832820
2026-06-03,2026-06-03 22:49:56 UTC,3,ZCMD,Zhongchao Inc,267344295,-1.46,0.054,0.0661,0.049,31.2,69.3547,208155
2026-06-03,2026-06-03 22:49:56 UTC,4,PMI,"Picard Medical, Inc.",236607414,13.930000000000001,0.3076,0.374,0.2919,30.409999999999997,2.5621,28406812
2026-06-03,2026-06-03 22:49:56 UTC,5,LASE,Laser Photonics Corp,228453931,29.34,3.13,4.49,3.02,60.74,7.0068,102052720
2026-06-03,2026-06-03 22:49:56 UTC,6,SELX,Semilux International,181369526,60.209999999999994,0.455,0.56,0.3602,70.35,4.1834,19726380
2026-06-03,2026-06-03 22:49:56 UTC,7,WOK,WORK Medical Technology Group LTD,179741920,2.98,0.1071,0.131,0.1033,25.96,104.2221,184705
2026-06-03,2026-06-03 22:49:56 UTC,8,NVDA,Nvidia Corporation,160333824,-3.62,214.75,222.82,214.51,3.73,0.0066,5196950000000
2026-06-03,2026-06-03 22:49:56 UTC,9,NOK,Nokia,147792063,-0.7100000000000001,16.73,17.45,16.41,6.17,0.0264,93566073081
2026-06-03,2026-06-03 22:49:56 UTC,10,INTC,Intel Corp,118707133,4.43,112.71,118.29,110.86,6.88,0.0236,566480460000
2026-06-03,2026-06-03 22:49:56 UTC,11,MRVL,Marvell Technology Inc,115005969,3.73,301.65,324.2,294.01,10.36,0.1315,263883420000
2026-06-03,2026-06-03 22:49:56 UTC,12,NVTS,Navitas Semiconductor Corp,112167924,19.259999999999998,30.84,34.17,29.7,17.25,0.4799,7207714039
2026-06-03,2026-06-03 22:49:56 UTC,13,NU,Nu Hldgs Ltd,111238738,-2.4299999999999997,11.64,11.74,11.2,4.53,0.0229,56590668161
2026-06-03,2026-06-03 22:49:56 UTC,14,SOAR,Volato Group Inc-A,107197786,35.19,0.4326,0.45,0.28,53.13,3.4688,13368708
2026-06-03,2026-06-03 22:49:56 UTC,15,XOS,Xos Inc,106782167,234.53,7.46,8.27,5.4,128.7,8.8084,90435610
2026-06-03,2026-06-03 22:49:56 UTC,16,ONDS,Ondas Holdings Inc.,94563083,-14.510000000000002,11.61,13.0,11.53,10.82,0.1863,5893293190
2026-06-03,2026-06-03 22:49:56 UTC,17,BB,Blackberry,89672744,-1.3599999999999999,10.18,10.73,9.73,9.59,0.153,5966105123
2026-06-03,2026-06-03 22:49:56 UTC,18,WCT,Wellchange Holdings,85090987,179.35000000000002,2.57,3.61,1.29,252.17000000000002,27.7592,7877892
2026-06-03,2026-06-03 22:49:56 UTC,19,RGTI,Rigetti Computing Inc,78137185,-10.36,24.1,28.06,23.78,15.920000000000002,0.2351,8009149254
2026-06-03,2026-06-03 22:49:56 UTC,20,SOFI,Sofi Technologies Inc,73720016,-5.9799999999999995,16.68,17.47,16.58,4.99,0.0575,21396123216
2026-06-03,2026-06-03 22:49:56 UTC,21,PLUG,Plug Power,73181285,-9.78,3.69,3.99,3.69,7.090000000000001,0.0525,5147804912
2026-06-03,2026-06-03 22:49:56 UTC,22,AAL,American Airline,71665714,-2.58,13.57,13.84,13.5,2.44,0.1084,8974996309
2026-06-03,2026-06-03 22:49:56 UTC,23,BURU,Nuburu,65091539,6.72,0.1841,0.2039,0.1642,23.01,0.3636,32957697
2026-06-03,2026-06-03 22:49:56 UTC,24,CXAI,CXApp,62365791,-21.58,0.1592,0.1988,0.1491,24.529999999999998,0.6442,15413554
2026-06-03,2026-06-03 22:49:56 UTC,25,F,Ford Mtr Co Del,59265953,-2.7199999999999998,15.71,16.2,15.63,3.53,0.0149,62599521217
2026-06-03,2026-06-03 22:49:56 UTC,26,IREN,IREN Ltd,59114780,-1.68,65.48,70.71,64.46,8.85,0.1654,23401155573
2026-06-03,2026-06-03 22:49:56 UTC,27,DEVS,Devvstream Corp,58976105,10.54,0.6651,0.919,0.62,49.69,4.4521,8810473
2026-06-03,2026-06-03 22:49:56 UTC,28,DBGI,Digital Brands Group Inc,57906297,33.040000000000006,0.9314,1.29,0.59,99.99,2.5192,21408748
2026-06-03,2026-06-03 22:49:56 UTC,29,YYGH,YY Group Holdings,57804599,-3.9899999999999998,0.1469,0.1489,0.1315,11.37,6.1682,1376657
2026-06-03,2026-06-03 22:49:56 UTC,30,HPE,Hewlett Packard Enterprise Co,56865484,-1.78,55.15,55.99,52.61,6.02,0.0429,73029824183
2026-06-03,2026-06-03 22:49:56 UTC,31,SPCE,Virgin Galactic Holdings Inc,56123524,-6.54,4.29,5.09,4.19,19.56,0.5574,431931949
2026-06-03,2026-06-03 22:49:56 UTC,32,GRAB,Grab Holdings Limited,55749630,-5.28,3.41,3.59,3.38,5.83,0.0136,13946900000
2026-06-03,2026-06-03 22:49:56 UTC,33,POET,Poet Technologies Inc,55518124,11.29,15.38,15.82,13.22,18.81,0.3217,2654517344
2026-06-03,2026-06-03 22:49:56 UTC,34,GOOGL,Alphabet Inc,55401221,-0.79,358.99,366.45,358.08,2.31,0.0046,4349522840000
2026-06-03,2026-06-03 22:49:56 UTC,35,AMZE,"Amaze Holdings, Inc.",54816187,-6.959999999999999,0.1443,0.1585,0.1403,11.48,0.9325,8482818
2026-06-03,2026-06-03 22:49:56 UTC,36,SMR,NuScale Power Corporation,53094761,-12.04,12.27,13.52,11.99,10.32,0.1453,4484453784
2026-06-03,2026-06-03 22:49:56 UTC,37,SDOT,Sadot Group,52316510,105.79,6.75,9.46,5.45,121.95,70.3184,5022000
2026-06-03,2026-06-03 22:49:56 UTC,38,BBAI,BIGBEAR AI HLDGS INC,52245445,-5.48,4.83,5.0,4.69,6.069999999999999,0.1091,2313325843
2026-06-03,2026-06-03 22:49:56 UTC,39,T,At&T,51893750,-4.42,23.55,24.2,23.45,2.98,0.0075,163633379564
2026-06-03,2026-06-03 22:49:56 UTC,40,RIVN,"Rivian Automotive, Inc. / De",51775598,5.67,18.27,18.43,16.92,8.76,0.0411,23027927734
2026-06-03,2026-06-03 22:49:56 UTC,41,ACHR,Archer Aviation Inc,51644612,-3.1199999999999997,6.53,6.64,6.27,5.42,0.068,4960174998
2026-06-03,2026-06-03 22:49:56 UTC,42,AMZN,Amazon Com,51315836,-2.53,250.02,257.09,247.71,3.66,0.0048,2689492501188
2026-06-03,2026-06-03 22:49:56 UTC,43,SMCI,Super Micro Computer Inc,50858157,-5.48,47.42,50.02,45.66,8.690000000000001,0.0846,28519264416
2026-06-03,2026-06-03 22:49:56 UTC,44,AAPL,Apple Inc,50764089,-1.5699999999999998,310.26,316.94,308.85,2.5700000000000003,0.0035,4556899072560
2026-06-03,2026-06-03 22:49:56 UTC,45,GPUS,Hyperscale Data Inc.,50262032,-9.700000000000001,0.2085,0.229,0.207,9.53,0.1035,101209345
2026-06-03,2026-06-03 22:49:56 UTC,46,AVGO,Broadcom Inc,49341235,-0.49,479.23,495.0,472.64,4.64,0.0104,2268995033818
2026-06-03,2026-06-03 22:49:56 UTC,47,BAC,Bank of America Corp,48060744,-0.15,52.4,52.55,51.22,2.54,0.0068,371861350112
2026-06-03,2026-06-03 22:49:56 UTC,48,KEEL,Keel Infrastructure Corp,46079761,0.16,6.15,6.45,5.97,7.82,0.0764,3707499898
2026-06-03,2026-06-03 22:49:56 UTC,49,OPEN,Opendoor Technologies Inc,44442699,-9.98,4.87,5.29,4.81,8.870000000000001,0.0461,4698267397
2026-06-03,2026-06-03 22:49:56 UTC,50,TSLA,Tesla Inc,44395818,-0.01,423.7,433.6,416.0,4.15,0.0118,1591300204142
2026-06-03,2026-06-03 22:49:56 UTC,51,CMCSA,Comcast Corp,43349326,-5.35,23.52,24.74,23.43,5.27,0.0121,84018815660
2026-06-03,2026-06-03 22:49:56 UTC,52,GOOG,Alphabet Inc,43007375,-0.76,355.68,362.5,354.38,2.26,0.0036,4309418880000
2026-06-03,2026-06-03 22:49:56 UTC,53,QBTS,D Wave Quantum,42158658,-7.89,27.55,29.95,27.38,8.59,0.115,10103620907
2026-06-03,2026-06-03 22:49:56 UTC,54,RDW,Redwire Corporation,41481638,-9.520000000000001,18.62,20.01,18.27,8.450000000000001,0.2085,3703866715
2026-06-03,2026-06-03 22:49:56 UTC,55,BMNR,Bitmine Immersion Technologies Inc,41293459,-5.949999999999999,16.9,17.82,16.82,5.510000000000001,0.0768,9085927041
2026-06-03,2026-06-03 22:49:56 UTC,56,TE,T1 Energy,41135419,-4.49,11.5,12.37,11.42,7.89,0.1474,3209288635
2026-06-03,2026-06-03 22:49:56 UTC,57,PLTR,Palantir Technologies Inc,40941485,-6.550000000000001,142.2,151.68,141.25,6.8500000000000005,0.0171,340897763129
2026-06-03,2026-06-03 22:49:56 UTC,58,RUBI,Rubico Inc,40222455,9.09,0.6,0.6848,0.4983,33.6,12.3268,1957798
2026-06-03,2026-06-03 22:49:56 UTC,59,MU,Micron Technology Inc,40178647,1.4500000000000002,1079.57,1089.29,1038.5,4.77,0.0356,1217467849438
2026-06-03,2026-06-03 22:49:56 UTC,60,ALIT,Alight Inc.,40015598,-12.370000000000001,0.7242,0.8345,0.7149,13.77,0.0745,389070642
2026-06-03,2026-06-03 22:49:56 UTC,61,MSFT,Microsoft Corp,38994763,-3.17,427.34,440.39,424.25,3.66,0.0052,3174467286407
2026-06-03,2026-06-03 22:49:56 UTC,62,KVUE,Kenvue Inc.,38334769,-2.83,16.83,17.34,16.82,3.0,0.02,32313745882
2026-06-03,2026-06-03 22:49:56 UTC,63,AUR,Aurora Innovation Inc,38162485,-9.969999999999999,6.95,7.4,6.81,7.51,0.0195,13630361468
2026-06-03,2026-06-03 22:49:56 UTC,64,HIVE,HIVE Digital Technologies Ltd,37966639,-3.52,4.38,4.945,4.31,13.99,0.1499,1109264652
2026-06-03,2026-06-03 22:49:56 UTC,65,CIFR,Cipher Digital Inc,37782353,-0.19,26.24,28.62,25.81,10.68,0.0924,10733450929
2026-06-03,2026-06-03 22:49:56 UTC,66,RIG,Transocean,36982719,-1.1199999999999999,6.18,6.36,6.05,4.96,0.0331,6899606467
2026-06-03,2026-06-03 22:49:56 UTC,67,ADTX,Aditxt Inc,36966646,-13.569999999999999,0.0949,0.11,0.0873,20.04,45.3066,77430
2026-06-03,2026-06-03 22:49:56 UTC,68,RKT,Rocket Companies Inc,36774906,-7.7700000000000005,12.94,13.83,12.87,6.88,0.013,36612820602
2026-06-03,2026-06-03 22:49:56 UTC,69,NFLX,Netflix Inc,36657513,-2.17,81.52,83.31,81.1,2.64,0.0087,343264296002
2026-06-03,2026-06-03 22:49:56 UTC,70,DVLT,Datavault AI Inc,36448997,-7.85,0.4672,0.51,0.4672,8.44,0.0426,399718564
2026-06-03,2026-06-03 22:49:56 UTC,71,PCG,PG&E Us,35090950,1.69,16.85,17.07,16.61,2.78,0.0159,37107486666
2026-06-03,2026-06-03 22:49:56 UTC,72,BYND,Beyond Meat,34314718,-3.18,0.7402,0.7595,0.714,5.949999999999999,0.0666,381456438
2026-06-03,2026-06-03 22:49:56 UTC,73,NOW,Servicenow Inc,34060710,-7.64,117.9,128.08,117.34,8.4,0.033,121591213200
2026-06-03,2026-06-03 22:49:56 UTC,74,PATH,Uipath Inc,33807959,-4.19,11.67,12.24,11.51,5.9799999999999995,0.065,6073574442
2026-06-03,2026-06-03 22:49:56 UTC,75,SNAP,Snap Inc,33310768,-0.52,5.73,5.76,5.58,3.1300000000000003,0.0201,9495532151
2026-06-03,2026-06-03 22:49:56 UTC,76,YMAT,J-Star Holding,33293985,36.26,1.24,1.47,0.9801,53.839999999999996,1.6605,24862639
2026-06-03,2026-06-03 22:49:56 UTC,77,ORBS,Eightco Holdings Ord Shs,33071633,4.24,0.9382,1.02,0.9245,10.61,0.088,352552371
2026-06-03,2026-06-03 22:49:56 UTC,78,WMT,Walmart,32817730,3.39,116.89,117.29,112.96,3.82,0.0041,930219872427
2026-06-03,2026-06-03 22:49:56 UTC,79,JOBY,Joby Aviation Inc,32565696,-3.71,11.43,11.63,11.14,4.130000000000001,0.0331,11243037798
2026-06-03,2026-06-03 22:49:56 UTC,80,OWL,Blue Owl Capital Inc,31973456,-3.7699999999999996,9.69,9.81,9.55,2.58,0.0205,15107197494
2026-06-03,2026-06-03 22:49:56 UTC,81,MARA,MARA Holdings Inc,31897675,-2.2399999999999998,13.96,14.38,13.7,4.760000000000001,0.0837,5322536221
2026-06-03,2026-06-03 22:49:56 UTC,82,PFE,Pfizer,30944607,-0.8200000000000001,25.34,25.62,25.29,1.29,0.0054,144423915242
2026-06-03,2026-06-03 22:49:56 UTC,83,IONQ,Ionq Inc,30712423,-4.44,68.23,73.65,67.51,8.59,0.0823,25468208552
2026-06-03,2026-06-03 22:49:56 UTC,84,COMP,Compass Inc,30457958,-11.82,7.61,8.46,7.16,14.95,0.0408,5685834672
2026-06-03,2026-06-03 22:49:56 UTC,85,HBAN,Huntington Bancshares Inc,30140661,-1.8499999999999999,15.93,16.15,15.88,1.63,0.0149,32292190250
2026-06-03,2026-06-03 22:49:56 UTC,86,CSCO,Cisco Sys Inc,29937778,-1.17,126.5,129.42,124.92,3.52,0.0076,498591485122
2026-06-03,2026-06-03 22:49:56 UTC,87,SRXH,SRX Health Solutions Inc,29723201,-7.109999999999999,0.1189,0.1297,0.1171,9.84,0.0504,70181292
2026-06-03,2026-06-03 22:49:56 UTC,88,ABEV,Ambev,29501819,-3.38,3.14,3.21,3.13,2.46,0.0019,48973619160
2026-06-03,2026-06-03 22:49:56 UTC,89,VALE,Vale S A,29345289,-4.52,16.06,16.43,16.05,2.26,0.0069,68488412073
2026-06-03,2026-06-03 22:49:56 UTC,90,AMD,Advanced Micro Devices Inc,29310712,4.02,542.52,546.44,524.3,4.25,0.018,884633458670
2026-06-03,2026-06-03 22:49:56 UTC,91,NIO,Nio Inc.,29272414,-4.33,5.75,5.9,5.73,2.83,0.0117,14407585376
2026-06-03,2026-06-03 22:49:56 UTC,92,AMC,Amc Entmt Hldgs Inc,28840920,-11.59,1.83,2.006,1.81,9.46,0.0382,1380134249
2026-06-03,2026-06-03 22:49:56 UTC,93,SOUN,SOUNDHOUND AI INC,28689484,-8.39,8.08,8.66,8.07,6.69,0.0663,3496778650
2026-06-03,2026-06-03 22:49:56 UTC,94,OPTU,Optimum Communications Inc,28352168,1.8900000000000001,1.08,1.16,1.02,13.209999999999999,0.0595,514589983
2026-06-03,2026-06-03 22:49:56 UTC,95,VZ,Verizon Comms,27859254,-2.55,46.65,47.55,46.14,2.8400000000000003,0.0067,194789823151
2026-06-03,2026-06-03 22:49:56 UTC,96,GDC,GD CULTURE GROUP LTD,27541078,-7.9799999999999995,0.1049,0.1114,0.09,18.77,0.4533,6373693
2026-06-03,2026-06-03 22:49:56 UTC,97,STAK,STAK inc.,27133448,90.0,3.61,3.9,1.92,104.21000000000001,1.4124,69349359
2026-06-03,2026-06-03 22:49:56 UTC,98,BMGL,Basel Medical Group Ltd,26937451,19.62,0.6559,0.79,0.383,74.05000000000001,1.4339,12321573
2026-06-03,2026-06-03 22:49:56 UTC,99,ANY,Sphere 3D Corp,26819919,44.5,5.65,6.2,3.59,66.5,6.3198,23977594
2026-06-03,2026-06-03 22:49:56 UTC,100,BTG,B2Gold,26684546,-3.5999999999999996,4.55,4.67,4.53,2.97,0.02,6062500221
2026-06-04,2026-06-04 21:50:00 UTC,1,CXAI,CXApp,534999589,60.36,0.2553,0.3347,0.2544,50.44,5.5258,24717841
2026-06-04,2026-06-04 21:50:00 UTC,2,YYGH,YY Group Holdings,344509078,10.280000000000001,0.162,0.26,0.1511,74.13,36.7618,1518165
2026-06-04,2026-06-04 21:50:00 UTC,3,SBEV,Splash Beverage Group Inc,339903575,38.22,0.3345,0.4001,0.2805,49.419999999999995,30.9996,3667721
2026-06-04,2026-06-04 21:50:00 UTC,4,NVDA,Nvidia Corporation,168555210,1.94,218.66,221.6,210.97,4.96,0.007,5291572000000
2026-06-04,2026-06-04 21:50:00 UTC,5,ZCMD,Zhongchao Inc,158644608,-32.96,0.0362,0.0409,0.0344,12.04,41.1557,139541
2026-06-04,2026-06-04 21:50:00 UTC,6,BURU,Nuburu,142681848,-7.66,0.17,0.2066,0.169,20.419999999999998,0.797,30433506
2026-06-04,2026-06-04 21:50:00 UTC,7,HUBC,Hub Cyber Security Israel Ltd,139375330,-68.89999999999999,0.202,0.34,0.1831,24.0,2.0926,13453836
2026-06-04,2026-06-04 21:50:00 UTC,8,NOK,Nokia,128607760,-0.66,16.62,16.68,15.53,6.9,0.023,92950874752
2026-06-04,2026-06-04 21:50:00 UTC,9,STI,Solidion Tech,105058579,350.59999999999997,22.71,38.15,18.87,382.54,13.5635,175904460
2026-06-04,2026-06-04 21:50:00 UTC,10,BB,Blackberry,97171935,1.5699999999999998,10.34,10.93,9.58,13.209999999999999,0.1658,6059874948
2026-06-04,2026-06-04 21:50:00 UTC,11,VERU,Veru,92583999,88.0,4.23,7.33,2.11,231.99999999999997,5.7684,67892853
2026-06-04,2026-06-04 21:50:00 UTC,12,MRVL,Marvell Technology Inc,86474046,4.9,316.43,321.5,277.56,14.56,0.0989,276812964000
2026-06-04,2026-06-04 21:50:00 UTC,13,T,At&T,82493266,-3.3099999999999996,22.77,24.01,22.33,7.13,0.0119,158213675272
2026-06-04,2026-06-04 21:50:00 UTC,14,AVGO,Broadcom Inc,80759464,-12.590000000000002,418.91,426.48,403.01,4.9,0.0171,1983399848959
2026-06-04,2026-06-04 21:50:00 UTC,15,INTC,Intel Corp,77176201,-0.83,111.78,113.14,107.48,5.0200000000000005,0.0154,561806280000
2026-06-04,2026-06-04 21:50:00 UTC,16,NEXR,NEXERA TECHNOLOGIES LTD,76582724,52.94,1.56,2.11,1.1,99.00999999999999,43.3677,2754796
2026-06-04,2026-06-04 21:50:00 UTC,17,RDW,Redwire Corporation,74851239,15.09,21.43,22.75,18.79,21.27,0.3763,4262828341
2026-06-04,2026-06-04 21:50:00 UTC,18,SPCE,Virgin Galactic Holdings Inc,74652600,10.02,4.72,5.18,4.06,26.1,0.7415,475225827
2026-06-04,2026-06-04 21:50:00 UTC,19,FOXX,Foxx Development Holdings Inc.,73924152,83.57,5.25,7.9,4.94,103.49,10.4988,36966258
2026-06-04,2026-06-04 21:50:00 UTC,20,AAL,American Airline,70786499,-1.9900000000000002,13.3,13.84,13.18,4.79,0.107,8796422322
2026-06-04,2026-06-04 21:50:00 UTC,21,WOK,WORK Medical Technology Group LTD,70475119,-3.64,0.1032,0.1124,0.1011,10.549999999999999,40.8645,177979
2026-06-04,2026-06-04 21:50:00 UTC,22,NU,Nu Hldgs Ltd,69161885,4.12,12.12,12.22,11.82,3.39,0.0142,58924303962
2026-06-04,2026-06-04 21:50:00 UTC,23,LASE,Laser Photonics Corp,67525007,15.65,3.62,3.8,2.77,32.910000000000004,1.7508,139617112
2026-06-04,2026-06-04 21:50:00 UTC,24,ONDS,Ondas Holdings Inc.,63194829,3.1,11.97,12.42,11.06,11.709999999999999,0.1245,6076030964
2026-06-04,2026-06-04 21:50:00 UTC,25,SOFI,Sofi Technologies Inc,61243331,2.82,17.15,17.23,16.59,3.8699999999999997,0.0477,21999011580
2026-06-04,2026-06-04 21:50:00 UTC,26,EDHL,EVERBRIGHT DIGITAL HLDG LTD,60926963,60.47,4.19,7.18,3.33,147.45,36.5648,6981692
2026-06-04,2026-06-04 21:50:00 UTC,27,SNAP,Snap Inc,60168951,5.93,6.07,6.19,5.76,7.5,0.0363,10058966869
2026-06-04,2026-06-04 21:50:00 UTC,28,PMI,"Picard Medical, Inc.",57987663,3.8699999999999997,0.3195,0.3348,0.242,27.6,0.6279,29505775
2026-06-04,2026-06-04 21:50:00 UTC,29,ACHR,Archer Aviation Inc,57206853,-2.3,6.38,6.62,6.35,4.06,0.0753,4846235297
2026-06-04,2026-06-04 21:50:00 UTC,30,INIO,INNIO Holding GmBH,55327202,23.330000000000002,33.3,34.45,31.0,12.78,0.0738,24975000000
2026-06-04,2026-06-04 21:50:00 UTC,31,MU,Micron Technology Inc,54404117,-7.739999999999999,996.0,1036.37,971.68,5.99,0.0482,1123223114796
2026-06-04,2026-06-04 21:50:00 UTC,32,PLUG,Plug Power,53911877,-2.44,3.6,3.72,3.5,5.96,0.0386,5022248695
2026-06-04,2026-06-04 21:50:00 UTC,33,TWAV,Taoweave,53073915,13.38,1.61,2.58,1.58,69.72,15.3564,5564399
2026-06-04,2026-06-04 21:50:00 UTC,34,BAC,Bank of America Corp,51869715,3.38,54.17,54.33,52.8,2.92,0.0073,384422315564
2026-06-04,2026-06-04 21:50:00 UTC,35,KEEL,Keel Infrastructure Corp,51423898,-3.58,5.93,6.18,5.66,8.290000000000001,0.0853,3574873886
2026-06-04,2026-06-04 21:50:00 UTC,36,BMNR,Bitmine Immersion Technologies Inc,50332668,5.86,17.89,17.95,16.67,7.57,0.0936,9618179571
2026-06-04,2026-06-04 21:50:00 UTC,37,F,Ford Mtr Co Del,50065438,-2.36,15.34,15.89,15.22,4.26,0.0126,61125184944
2026-06-04,2026-06-04 21:50:00 UTC,38,RGTI,Rigetti Computing Inc,47942771,0.27,24.16,25.02,22.95,8.59,0.1442,8030755177
2026-06-04,2026-06-04 21:50:00 UTC,39,IREN,IREN Ltd,47034282,-5.53,61.86,62.91,59.68,4.93,0.1316,22107444773
2026-06-04,2026-06-04 21:50:00 UTC,40,MOBX,Mobix Labs Inc,45791090,-0.8999999999999999,2.21,3.06,2.155,40.58,3.4076,29697752
2026-06-04,2026-06-04 21:50:00 UTC,41,GRAB,Grab Holdings Limited,45324357,1.47,3.46,3.55,3.38,4.99,0.0111,14151400000
2026-06-04,2026-06-04 21:50:00 UTC,42,CMCSA,Comcast Corp,45284835,-0.8099999999999999,23.33,24.25,23.13,4.760000000000001,0.0127,83340092234
2026-06-04,2026-06-04 21:50:00 UTC,43,AIM,Aim Immunotech,45060845,-19.220000000000002,0.5913,0.78,0.55,30.259999999999998,1.8756,14205894
2026-06-04,2026-06-04 21:50:00 UTC,44,AAPL,Apple Inc,44813036,0.31,311.23,313.54,309.65,1.25,0.0031,4571145807880
2026-06-04,2026-06-04 21:50:00 UTC,45,GDC,GD CULTURE GROUP LTD,44456110,14.39,0.12,0.1333,0.0997,32.029999999999994,0.7317,7291165
2026-06-04,2026-06-04 21:50:00 UTC,46,SRXH,SRX Health Solutions Inc,44295539,9.34,0.13,0.13,0.1162,11.27,0.075,76733119
2026-06-04,2026-06-04 21:50:00 UTC,47,INDP,Indaptus Therapeutics Inc,44099204,114.92999999999999,4.75,5.96,2.11,174.2,0.3894,537901039
2026-06-04,2026-06-04 21:50:00 UTC,48,GOOGL,Alphabet Inc,43997812,3.6799999999999997,372.19,373.25,358.21,4.19,0.0036,4509454040000
2026-06-04,2026-06-04 21:50:00 UTC,49,OWL,Blue Owl Capital Inc,43871697,5.16,10.19,10.5,9.74,7.6899999999999995,0.0281,15886722648
2026-06-04,2026-06-04 21:50:00 UTC,50,PATH,Uipath Inc,43291283,0.0,11.67,12.14,11.43,6.08,0.0832,6073574442
2026-06-04,2026-06-04 21:50:00 UTC,51,BBAI,BIGBEAR AI HLDGS INC,42345433,-1.24,4.77,4.98,4.72,5.38,0.0884,2284588876
2026-06-04,2026-06-04 21:50:00 UTC,52,TE,T1 Energy,41857881,1.39,11.66,12.49,10.9,13.83,0.15,3253939607
2026-06-04,2026-06-04 21:50:00 UTC,53,NVTS,Navitas Semiconductor Corp,41156241,-0.5499999999999999,30.67,31.55,28.2,10.86,0.1761,7167982801
2026-06-04,2026-06-04 21:50:00 UTC,54,PLTR,Palantir Technologies Inc,40739392,-0.35000000000000003,141.7,146.37,140.27,4.29,0.017,339699107140
2026-06-04,2026-06-04 21:50:00 UTC,55,IONQ,Ionq Inc,40156582,-3.7699999999999996,65.66,69.46,64.18,7.739999999999999,0.1076,24508904785
2026-06-04,2026-06-04 21:50:00 UTC,56,NFLX,Netflix Inc,39277669,0.05,81.56,83.7,81.37,2.86,0.0093,343432727943
2026-06-04,2026-06-04 21:50:00 UTC,57,QBTS,D Wave Quantum,39167636,0.33,27.64,28.82,26.45,8.6,0.1068,10136627291
2026-06-04,2026-06-04 21:50:00 UTC,58,RXRX,"Recursion Pharmaceuticals, Inc.",38748790,9.51,3.8,4.04,3.44,17.01,0.0731,2013639756
2026-06-04,2026-06-04 21:50:00 UTC,59,GOOG,Alphabet Inc,37713700,3.82,369.27,369.86,354.8,4.2299999999999995,0.0031,4474075320000
2026-06-04,2026-06-04 21:50:00 UTC,60,HPE,Hewlett Packard Enterprise Co,36711431,-2.65,53.69,54.47,52.32,3.88,0.0277,71096487042
2026-06-04,2026-06-04 21:50:00 UTC,61,AMC,Amc Entmt Hldgs Inc,35830039,7.1,1.96,2.02,1.82,10.93,0.0475,1478176573
2026-06-04,2026-06-04 21:50:00 UTC,62,AMZN,Amazon Com,35589305,1.51,253.79,255.83,251.75,1.6199999999999999,0.0033,2730046803762
2026-06-04,2026-06-04 21:50:00 UTC,63,TSLA,Tesla Inc,35184376,-1.24,418.45,426.35,417.16,2.17,0.0094,1571582653819
2026-06-04,2026-06-04 21:50:00 UTC,64,RIVN,"Rivian Automotive, Inc. / De",35111794,-0.8200000000000001,18.12,18.55,17.75,4.38,0.0279,22838864288
2026-06-04,2026-06-04 21:50:00 UTC,65,VIVK,Vivakor,34733595,-35.980000000000004,0.8451,1.14,0.711,32.05,8.0858,3630251
2026-06-04,2026-06-04 21:50:00 UTC,66,MARA,MARA Holdings Inc,34339662,-0.5700000000000001,13.88,14.07,13.27,5.6899999999999995,0.0901,5292034581
2026-06-04,2026-06-04 21:50:00 UTC,67,BYND,Beyond Meat,34189980,6.1899999999999995,0.786,0.7976,0.726,9.67,0.0663,405059120
2026-06-04,2026-06-04 21:50:00 UTC,68,PURR,Hyperliquid Strategies Inc,33951357,-8.49,9.49,10.0,9.36,6.17,0.235,1370807448
2026-06-04,2026-06-04 21:50:00 UTC,69,VZ,Verizon Comms,33061184,-3.82,44.87,47.34,44.3,6.4799999999999995,0.0079,187357328291
2026-06-04,2026-06-04 21:50:00 UTC,70,SMCI,Super Micro Computer Inc,32684469,-1.0999999999999999,46.9,47.84,45.21,5.55,0.0543,28206526805
2026-06-04,2026-06-04 21:50:00 UTC,71,POET,Poet Technologies Inc,31808178,0.62,15.48,15.94,13.75,14.24,0.1843,2670913907
2026-06-04,2026-06-04 21:50:00 UTC,72,HOOD,"Robinhood Markets, Inc.",31730676,6.61,88.33,88.62,82.8,7.02,0.0352,79541611684
2026-06-04,2026-06-04 21:50:00 UTC,73,MEHA,Functional Brands Inc,31411532,28.26,0.0876,0.088,0.065,33.68,1.4335,1919567
2026-06-04,2026-06-04 21:50:00 UTC,74,PFE,Pfizer,31252857,1.38,25.69,26.01,25.61,1.58,0.0055,146418720701
2026-06-04,2026-06-04 21:50:00 UTC,75,ALIT,Alight Inc.,30313055,2.36,0.7413,0.834,0.7308,14.249999999999998,0.0564,398257480
2026-06-04,2026-06-04 21:50:00 UTC,76,SMTK,Smartkem,29782967,11.5,0.32,0.35,0.275,26.1,1.3887,6862788
2026-06-04,2026-06-04 21:50:00 UTC,77,QNT,Quantinuum Inc.,29558981,0.63,60.38,71.35,59.89,19.1,0.1164,15332730973
2026-06-04,2026-06-04 21:50:00 UTC,78,CMG,Chipotle Mexican Grill Inc,29159715,-1.95,28.18,29.57,28.04,5.34,0.0227,36147444120
2026-06-04,2026-06-04 21:50:00 UTC,79,SMR,NuScale Power Corporation,29147893,-2.1999999999999997,12.0,12.3,11.83,3.83,0.0798,4385773872
2026-06-04,2026-06-04 21:50:00 UTC,80,RMSG,Real Messenger Corp,29096116,23.53,1.1,1.17,0.87,33.69,2.655,12054857
2026-06-04,2026-06-04 21:50:00 UTC,81,AMD,Advanced Micro Devices Inc,29042105,-3.56,523.2,532.19,499.87,5.96,0.0178,853130254324
2026-06-04,2026-06-04 21:50:00 UTC,82,RKT,Rocket Companies Inc,29005996,2.2399999999999998,13.23,13.44,13.01,3.32,0.0103,37433355222
2026-06-04,2026-06-04 21:50:00 UTC,83,UWMC,Uwm Holdings Corporation,28965960,-4.03,2.62,2.76,2.59,6.23,0.0181,4194850882
2026-06-04,2026-06-04 21:50:00 UTC,84,NOW,Servicenow Inc,28089661,1.24,119.36,124.8,119.36,4.55,0.0272,123096922880
2026-06-04,2026-06-04 21:50:00 UTC,85,ADTX,Aditxt Inc,27887029,-18.86,0.077,0.0856,0.0686,17.91,34.1786,62825
2026-06-04,2026-06-04 21:50:00 UTC,86,HCAT,Health Catalyst,27851972,45.86,1.94,2.07,1.71,27.07,0.3769,143354398
2026-06-04,2026-06-04 21:50:00 UTC,87,PINS,Pinterest,27525393,4.45,21.59,22.13,20.6,7.35,0.0491,12093796689
2026-06-04,2026-06-04 21:50:00 UTC,88,MSFT,Microsoft Corp,26873855,0.16999999999999998,428.05,436.15,426.41,2.2800000000000002,0.0036,3179741475047
2026-06-04,2026-06-04 21:50:00 UTC,89,NCLH,Norwegian Cruise Line Hldg Ltd,26840509,5.4,19.13,19.48,18.68,4.44,0.0585,8782776978
2026-06-04,2026-06-04 21:50:00 UTC,90,CRWV,"CoreWeave, Inc.",26704406,-2.6100000000000003,108.03,110.45,105.03,4.87,0.0489,58937964478
2026-06-04,2026-06-04 21:50:00 UTC,91,OPEN,Opendoor Technologies Inc,26505293,1.6400000000000001,4.95,5.15,4.87,5.75,0.0275,4775446328
2026-06-04,2026-06-04 21:50:00 UTC,92,HKIT,HiTek Global Inc.,26085238,-26.700000000000003,0.33,0.4295,0.33,22.1,2.9091,2959046
2026-06-04,2026-06-04 21:50:00 UTC,93,KVUE,Kenvue Inc.,26034569,0.3,16.88,17.19,16.67,3.1199999999999997,0.0136,32409746315
2026-06-04,2026-06-04 21:50:00 UTC,94,ORBS,Eightco Holdings Ord Shs,25971729,3.5999999999999996,0.972,1.03,0.87,17.05,0.0691,365253576
2026-06-04,2026-06-04 21:50:00 UTC,95,CIFR,Cipher Digital Inc,25944316,-2.63,25.55,26.33,24.17,8.23,0.0634,10451206983
2026-06-04,2026-06-04 21:50:00 UTC,96,SNBR,Sleep Number,25308534,-67.13,0.3501,0.3851,0.3,7.99,1.098,8069454
2026-06-04,2026-06-04 21:50:00 UTC,97,DVLT,Datavault AI Inc,25232898,-0.09,0.4668,0.49,0.4505,7.960000000000001,0.0295,399376339
2026-06-04,2026-06-04 21:50:00 UTC,98,HIVE,HIVE Digital Technologies Ltd,25069312,-0.22999999999999998,4.37,4.41,4.04,8.450000000000001,0.0937,1168672687
2026-06-04,2026-06-04 21:50:00 UTC,99,RKLB,Rocket Lab Usa Inc,24761084,4.58,119.95,122.63,110.39,10.67,0.0428,69435153626
2026-06-04,2026-06-04 21:50:00 UTC,100,MSTR,Strategy Inc,24547791,2.23,129.37,131.47,125.65,4.590000000000001,0.07,45337441200
2026-06-05,2026-06-05 21:49:59 UTC,1,NOTV,Inotiv Inc,1062419582,91.8,0.1661,0.3,0.0836,249.77,30.4522,5794921
2026-06-05,2026-06-05 21:49:59 UTC,2,SNBR,Sleep Number,304232853,36.42,0.4776,0.8962,0.3404,158.78,13.1994,11008202
2026-06-05,2026-06-05 21:49:59 UTC,3,SMTK,Smartkem,230022182,27.72,0.4087,0.6,0.4027,61.660000000000004,10.7255,8765067
2026-06-05,2026-06-05 21:49:59 UTC,4,NVDA,Nvidia Corporation,218737262,-6.2,205.1,214.87,204.33,4.82,0.009,4963420000000
2026-06-05,2026-06-05 21:49:59 UTC,5,RMSG,Real Messenger Corp,199158114,66.36,1.83,3.9,1.71,199.08999999999997,18.1731,20054898
2026-06-05,2026-06-05 21:49:59 UTC,6,NOK,Nokia,183712332,-13.48,14.38,15.67,14.0,10.05,0.0328,80423199696
2026-06-05,2026-06-05 21:49:59 UTC,7,BCDA,Biocardia Inc,150808034,12.08,1.03,1.8,1.02,84.87,13.2582,11715965
2026-06-05,2026-06-05 21:49:59 UTC,8,INTC,Intel Corp,144544502,-11.28,99.17,106.48,98.33,7.249999999999999,0.0288,498428420000
2026-06-05,2026-06-05 21:49:59 UTC,9,ZCMD,Zhongchao Inc,143017120,-28.18,0.026,0.0313,0.0238,20.72,37.1016,100223
2026-06-05,2026-06-05 21:49:59 UTC,10,KEEL,Keel Infrastructure Corp,113057211,-13.489999999999998,5.13,5.44,4.81,10.620000000000001,0.1875,3092597476
2026-06-05,2026-06-05 21:49:59 UTC,11,AAL,American Airline,106064708,1.5,13.5,13.53,13.18,2.63,0.1604,8928699349
2026-06-05,2026-06-05 21:49:59 UTC,12,BGMS,Bio Green Med Solution Inc,104795278,41.510000000000005,1.5,2.8,1.44,128.29999999999998,18.9865,8279184
2026-06-05,2026-06-05 21:49:59 UTC,13,MRVL,Marvell Technology Inc,92850622,-16.74,263.47,300.72,261.39,12.43,0.1061,230483556000
2026-06-05,2026-06-05 21:49:59 UTC,14,SCAG,Scage Future,91303295,194.57999999999998,0.8431,1.07,0.2695,279.7,1.2576,61217208
2026-06-05,2026-06-05 21:49:59 UTC,15,HUBC,Hub Cyber Security Israel Ltd,84857451,-5.45,0.191,0.2499,0.175,37.08,1.2741,12721202
2026-06-05,2026-06-05 21:49:59 UTC,16,CXAI,CXApp,83041482,-3.3300000000000005,0.2468,0.283,0.213,27.42,0.8577,23894881
2026-06-05,2026-06-05 21:49:59 UTC,17,SOFI,Sofi Technologies Inc,81286565,-6.529999999999999,16.03,16.99,15.68,7.64,0.0634,20562341436
2026-06-05,2026-06-05 21:49:59 UTC,18,PLUG,Plug Power,79237464,-10.69,3.215,3.5,3.15,9.719999999999999,0.0568,4485147098
2026-06-05,2026-06-05 21:49:59 UTC,19,MU,Micron Technology Inc,76665649,-13.25,864.01,961.89,864.01,9.83,0.068,974373497404
2026-06-05,2026-06-05 21:49:59 UTC,20,DEVS,Devvstream Corp,71174667,26.939999999999998,0.5801,0.69,0.515,38.29,5.373,7684491
2026-06-05,2026-06-05 21:49:59 UTC,21,YYGH,YY Group Holdings,71012403,-19.139999999999997,0.131,0.1721,0.1178,33.52,7.5776,1227652
2026-06-05,2026-06-05 21:49:59 UTC,22,BB,Blackberry,70277113,-8.99,9.41,10.12,9.13,9.569999999999999,0.1199,5514837839
2026-06-05,2026-06-05 21:49:59 UTC,23,VVOS,Vivos Therapeutics Inc,69543729,24.84,0.8645,1.36,0.7015,95.09,5.0051,12011881
2026-06-05,2026-06-05 21:49:59 UTC,24,SRXH,SRX Health Solutions Inc,67963949,-7.08,0.1208,0.144,0.118,20.0,0.1151,71302776
2026-06-05,2026-06-05 21:49:59 UTC,25,F,Ford Mtr Co Del,65326719,-2.87,14.9,15.26,14.68,3.7800000000000002,0.0164,59371920187
2026-06-05,2026-06-05 21:49:59 UTC,26,AAPL,Apple Inc,65253832,-1.25,307.34,315.17,307.15,2.58,0.0044,4514011993040
2026-06-05,2026-06-05 21:49:59 UTC,27,IREN,IREN Ltd,63944187,-12.139999999999999,54.35,59.31,51.04,13.320000000000002,0.1789,19423530931
2026-06-05,2026-06-05 21:49:59 UTC,28,ONDS,Ondas Holdings Inc.,63631546,-12.870000000000001,10.43,11.66,10.33,11.110000000000001,0.1254,5294319378
2026-06-05,2026-06-05 21:49:59 UTC,29,TSLA,Tesla Inc,63193392,-6.5600000000000005,391.0,424.68,388.59,8.62,0.0168,1468488033561
2026-06-05,2026-06-05 21:49:59 UTC,30,BMNR,Bitmine Immersion Technologies Inc,62805184,-11.12,15.9,17.07,15.6,8.219999999999999,0.1168,8548298222
2026-06-05,2026-06-05 21:49:59 UTC,31,WOK,WORK Medical Technology Group LTD,61167116,-15.7,0.087,0.0993,0.0844,14.44,35.4673,150040
2026-06-05,2026-06-05 21:49:59 UTC,32,T,At&T,60807702,-0.09,22.75,23.04,22.59,1.9800000000000002,0.0088,158074708496
2026-06-05,2026-06-05 21:49:59 UTC,33,POET,Poet Technologies Inc,57046939,-23.36,11.86,14.79,11.8,19.32,0.3305,2046981515
2026-06-05,2026-06-05 21:49:59 UTC,34,AMZN,Amazon Com,55515781,-3.06,246.03,256.38,245.78,4.18,0.0052,2646571634539
2026-06-05,2026-06-05 21:49:59 UTC,35,ACHR,Archer Aviation Inc,54140122,-13.170000000000002,5.54,6.31,5.38,14.580000000000002,0.0713,4208172969
2026-06-05,2026-06-05 21:49:59 UTC,36,RDW,Redwire Corporation,53869431,-13.91,18.45,21.19,17.62,16.66,0.2708,3670050531
2026-06-05,2026-06-05 21:49:59 UTC,37,AVGO,Broadcom Inc,51016292,-7.920000000000001,385.73,410.5,385.59,5.949999999999999,0.0108,1826303558614
2026-06-05,2026-06-05 21:49:59 UTC,38,RGTI,Rigetti Computing Inc,50201562,-14.399999999999999,20.68,23.19,20.1,12.790000000000001,0.151,6874007328
2026-06-05,2026-06-05 21:49:59 UTC,39,SMR,NuScale Power Corporation,49766158,-12.5,10.5,12.24,10.15,17.419999999999998,0.1362,3837552138
2026-06-05,2026-06-05 21:49:59 UTC,40,WBD,WARNER BROS DISCOVERY INC,49422035,-2.81,26.24,27.01,25.91,4.02,0.0197,65787267060
2026-06-05,2026-06-05 21:49:59 UTC,41,SMCI,Super Micro Computer Inc,49068171,-11.219999999999999,41.64,45.26,41.04,8.98,0.0816,25043065590
2026-06-05,2026-06-05 21:49:59 UTC,42,NUWE,Nuwellis Inc,48863821,-61.21,0.1672,0.2083,0.1472,14.180000000000001,18.2277,448221
2026-06-05,2026-06-05 21:49:59 UTC,43,GRAB,Grab Holdings Limited,48749135,-3.47,3.34,3.44,3.325,3.32,0.0119,13660600000
2026-06-05,2026-06-05 21:49:59 UTC,44,NU,Nu Hldgs Ltd,48643093,-1.24,11.97,12.35,11.94,3.42,0.01,58195042774
2026-06-05,2026-06-05 21:49:59 UTC,45,BYND,Beyond Meat,47110491,-9.75,0.7094,0.778,0.7,9.92,0.0914,365583892
2026-06-05,2026-06-05 21:49:59 UTC,46,AMD,Advanced Micro Devices Inc,46764287,-10.86,466.38,505.62,463.95,7.960000000000001,0.0287,760479526016
2026-06-05,2026-06-05 21:49:59 UTC,47,DVLT,Datavault AI Inc,46203676,-8.01,0.4294,0.46,0.4102,10.67,0.054,367378320
2026-06-05,2026-06-05 21:49:59 UTC,48,SOAR,Volato Group Inc-A,44492624,14.06,0.365,0.4336,0.305,40.19,1.4397,11279654
2026-06-05,2026-06-05 21:49:59 UTC,49,CDE,Coeur Mng Inc,43779541,-11.42,16.37,18.08,16.15,9.74,0.0424,16882952738
2026-06-05,2026-06-05 21:49:59 UTC,50,NFLX,Netflix Inc,43413458,0.76,82.18,82.75,81.0,2.15,0.0103,346043423031
2026-06-05,2026-06-05 21:49:59 UTC,51,HKIT,HiTek Global Inc.,42069214,-14.82,0.2811,0.3851,0.23,47.0,4.6921,2520569
2026-06-05,2026-06-05 21:49:59 UTC,52,MSTR,Strategy Inc,41827113,-6.9,120.44,125.3,114.31,8.49,0.1194,42207941703
2026-06-05,2026-06-05 21:49:59 UTC,53,CMND,Clearmind Medici,41810685,36.77,3.98,4.55,3.26,44.330000000000005,41.0298,4055751
2026-06-05,2026-06-05 21:49:59 UTC,54,MARA,MARA Holdings Inc,41197902,-11.24,12.32,13.4,11.84,11.24,0.1081,4697252596
2026-06-05,2026-06-05 21:49:59 UTC,55,AUR,Aurora Innovation Inc,41117228,-7.75,6.31,6.72,6.19,7.6,0.021,12375191491
2026-06-05,2026-06-05 21:49:59 UTC,56,TE,T1 Energy,41100913,-19.13,9.43,11.26,9.11,18.42,0.1473,2631616681
2026-06-05,2026-06-05 21:49:59 UTC,57,LASE,Laser Photonics Corp,40720629,-14.360000000000001,3.1,4.12,3.0,30.94,1.0558,119561615
2026-06-05,2026-06-05 21:49:59 UTC,58,PL,Planet Labs Pbc,40689377,-25.979999999999997,32.22,39.18,31.66,17.19,0.1142,11483289387
2026-06-05,2026-06-05 21:49:59 UTC,59,CMG,Chipotle Mexican Grill Inc,40679302,4.12,29.34,30.27,28.95,4.42,0.0317,37635415560
2026-06-05,2026-06-05 21:49:59 UTC,60,SPHL,Springview Hldg,40550346,123.94000000000001,5.35,10.71,2.39,351.19,3.307,65601593
2026-06-05,2026-06-05 21:49:59 UTC,61,SUGP,SU Group Holdings Limited,40337705,38.97,0.9956,1.43,0.6607,107.38000000000001,9.0347,4445127
2026-06-05,2026-06-05 21:49:59 UTC,62,CLSK,Cleanspark Inc,39490380,-7.090000000000001,15.59,16.07,14.06,11.940000000000001,0.1539,4000528167
2026-06-05,2026-06-05 21:49:59 UTC,63,BAC,Bank of America Corp,38823334,-0.11,53.83,54.28,53.32,1.77,0.0055,382009474743
2026-06-05,2026-06-05 21:49:59 UTC,64,JOBY,Joby Aviation Inc,38452112,-14.27,9.55,10.93,9.47,13.11,0.0391,9393789236
2026-06-05,2026-06-05 21:49:59 UTC,65,STI,Solidion Tech,38251634,57.29,35.72,46.0,28.0,78.69,4.9384,276675796
2026-06-05,2026-06-05 21:49:59 UTC,66,PLTR,Palantir Technologies Inc,38144955,-4.35,135.53,141.97,134.03,5.609999999999999,0.0159,324907692242
2026-06-05,2026-06-05 21:49:59 UTC,67,BBAI,BIGBEAR AI HLDGS INC,37983809,-11.95,4.2,4.67,4.11,11.74,0.0793,2011587690
2026-06-05,2026-06-05 21:49:59 UTC,68,HPE,Hewlett Packard Enterprise Co,37626934,-8.36,49.2,53.05,48.54,8.44,0.0284,65150813233
2026-06-05,2026-06-05 21:49:59 UTC,69,GOOGL,Alphabet Inc,37394297,-0.98,368.53,372.08,364.12,2.1399999999999997,0.0031,4465109480000
2026-06-05,2026-06-05 21:49:59 UTC,70,NIO,Nio Inc.,37250028,-5.800000000000001,5.36,5.61,5.33,4.92,0.0149,13430375237
2026-06-05,2026-06-05 21:49:59 UTC,71,CMCSA,Comcast Corp,37174871,2.1,23.82,23.94,23.39,2.36,0.0104,85090484227
2026-06-05,2026-06-05 21:49:59 UTC,72,WMT,Walmart,36623441,0.97,118.88,120.89,118.1,2.36,0.0046,946056449946
2026-06-05,2026-06-05 21:49:59 UTC,73,SNAP,Snap Inc,36621528,-5.11,5.76,6.18,5.74,7.249999999999999,0.0221,9545246979
2026-06-05,2026-06-05 21:49:59 UTC,74,NVTS,Navitas Semiconductor Corp,36570924,-18.23,25.08,29.4,24.38,16.37,0.1565,5861526203
2026-06-05,2026-06-05 21:49:59 UTC,75,OPEN,Opendoor Technologies Inc,36492307,-10.71,4.42,4.852,4.38,9.54,0.0378,4264135913
2026-06-05,2026-06-05 21:49:59 UTC,76,GPUS,Hyperscale Data Inc.,36441595,-24.84,0.151,0.1999,0.151,13.139999999999999,0.0751,73297895
2026-06-05,2026-06-05 21:49:59 UTC,77,RIVN,"Rivian Automotive, Inc. / De",35818386,-9.77,16.35,18.0,16.24,9.74,0.0284,20607915624
2026-06-05,2026-06-05 21:49:59 UTC,78,HOOD,"Robinhood Markets, Inc.",35810206,-6.63,82.47,87.33,79.49,8.88,0.0398,74264652050
2026-06-05,2026-06-05 21:49:59 UTC,79,PATH,Uipath Inc,35521360,-3.6799999999999997,11.24,11.94,11.05,7.670000000000001,0.0683,5849783782
2026-06-05,2026-06-05 21:49:59 UTC,80,MSFT,Microsoft Corp,34686346,-2.6599999999999997,416.67,429.47,414.4,3.52,0.0047,3095205888115
2026-06-05,2026-06-05 21:49:59 UTC,81,BURU,Nuburu,34507813,-5.88,0.16,0.171,0.1522,11.06,0.1928,28643300
2026-06-05,2026-06-05 21:49:59 UTC,82,SPCE,Virgin Galactic Holdings Inc,34220144,-7.199999999999999,4.38,4.83,4.21,13.139999999999999,0.3399,440993458
2026-06-05,2026-06-05 21:49:59 UTC,83,QBTS,D Wave Quantum,34218261,-13.71,23.85,26.59,23.29,11.940000000000001,0.0933,8746691783
2026-06-05,2026-06-05 21:49:59 UTC,84,DNN,Denison Mines,33814306,-11.14,3.03,3.33,3.01,9.09,0.0374,2741131804
2026-06-05,2026-06-05 21:49:59 UTC,85,CSCO,Cisco Sys Inc,33153272,-6.43,121.64,128.84,121.55,5.6000000000000005,0.0084,479436112650
2026-06-05,2026-06-05 21:49:59 UTC,86,CRWV,"CoreWeave, Inc.",32359407,-7.07,100.39,104.8,95.54,8.53,0.0593,54769807034
2026-06-05,2026-06-05 21:49:59 UTC,87,SIDU,Sidus Space Inc,32252723,-10.52,4.21,5.05,4.04,21.47,0.3313,409843045
2026-06-05,2026-06-05 21:49:59 UTC,88,PFE,Pfizer,32163715,1.3599999999999999,26.04,26.21,25.79,1.63,0.0056,148413526160
2026-06-05,2026-06-05 21:49:59 UTC,89,UMC,United Microelec,32078251,-5.24,19.7,20.7,19.64,5.1,0.0128,49553320387
2026-06-05,2026-06-05 21:49:59 UTC,90,IONQ,Ionq Inc,31951049,-13.52,56.78,63.79,55.84,12.11,0.0856,21194267647
2026-06-05,2026-06-05 21:49:59 UTC,91,SOUN,SOUNDHOUND AI INC,31778362,-7.739999999999999,7.39,7.94,7.21,9.049999999999999,0.0734,3198167602
2026-06-05,2026-06-05 21:49:59 UTC,92,OPTT,Ocean Power Tech,31449121,-24.92,0.2913,0.32,0.2899,7.76,0.1379,66423227
2026-06-05,2026-06-05 21:49:59 UTC,93,NOW,Servicenow Inc,31327786,-5.79,112.45,121.2,111.56,8.03,0.0304,115970584600
2026-06-05,2026-06-05 21:49:59 UTC,94,LHSW,Lianhe Sowell International Group Ltd,30115797,-20.94,0.1423,0.1458,0.1185,15.17,0.5476,7826500
2026-06-05,2026-06-05 21:49:59 UTC,95,META,Meta Platforms Inc,30016120,-5.510000000000001,593.0,629.15,582.91,7.35,0.0118,1505285019272
2026-06-05,2026-06-05 21:49:59 UTC,96,ADTX,Aditxt Inc,30010433,-19.35,0.0621,0.074,0.0561,23.25,36.7811,50668
2026-06-05,2026-06-05 21:49:59 UTC,97,CYPH,Cypherpunk Technologies Inc,29982135,-47.14,0.5188,0.692,0.4913,20.46,0.2816,55233773
2026-06-05,2026-06-05 21:49:59 UTC,98,OWL,Blue Owl Capital Inc,29404634,-3.83,9.8,10.17,9.61,5.48,0.0189,15278693028
2026-06-05,2026-06-05 21:49:59 UTC,99,QS,Quantumscape Corp,29269529,-15.53,7.67,8.87,7.5,15.03,0.0476,4718162732
2026-06-05,2026-06-05 21:49:59 UTC,100,HIVE,HIVE Digital Technologies Ltd,29049542,-13.73,3.77,4.196,3.61,13.41,0.1086,1008214195
2026-06-08,2026-06-08 21:50:00 UTC,1,TDIC,Dreamland Limited,570090301,123.66,0.501,1.08,0.3,348.21,12.4469,22946652
2026-06-08,2026-06-08 21:50:00 UTC,2,GMM,Global Mofy AI Ltd,410903971,11.19,0.0904,0.1718,0.082,110.46000000000001,6.6,5628168
2026-06-08,2026-06-08 21:50:00 UTC,3,WOK,WORK Medical Technology Group LTD,318036314,15.06,0.1001,0.1197,0.093,30.69,184.4112,172632
2026-06-08,2026-06-08 21:50:00 UTC,4,SUNE,SUNation Energy Inc,315972372,420.35,5.88,9.45,2.18,643.36,76.6346,24243863
2026-06-08,2026-06-08 21:50:00 UTC,5,INHD,Inno Holdings Inc,278899788,3660.95,39.49,43.37,1.11,4024.7599999999998,61.694,178522364
2026-06-08,2026-06-08 21:50:00 UTC,6,SMTK,Smartkem,271895469,105.52999999999999,0.84,1.155,0.4946,161.58999999999997,12.678,18014818
2026-06-08,2026-06-08 21:50:00 UTC,7,NCRA,Nocera,270540674,-18.8,0.13,0.24,0.1253,71.64,13.5721,2591359
2026-06-08,2026-06-08 21:50:00 UTC,8,NPT,Texxon Holding Limited,142186568,283.72,4.95,12.24,1.31,847.28,6.4091,109815750
2026-06-08,2026-06-08 21:50:00 UTC,9,NVDA,Nvidia Corporation,138117650,1.73,208.64,210.47,206.0,2.17,0.0057,5049088000000
2026-06-08,2026-06-08 21:50:00 UTC,10,INTC,Intel Corp,136667242,11.19,110.27,112.54,106.66,5.93,0.0272,554217020000
2026-06-08,2026-06-08 21:50:00 UTC,11,AAL,American Airline,109042772,0.74,13.6,13.8,13.41,2.8899999999999997,0.1649,8994837863
2026-06-08,2026-06-08 21:50:00 UTC,12,HKIT,HiTek Global Inc.,104913541,11.95,0.3147,0.7,0.25,160.09,10.859,3040449
2026-06-08,2026-06-08 21:50:00 UTC,13,NOK,Nokia,102630167,1.46,14.59,15.06,14.45,4.279999999999999,0.0184,81597669232
2026-06-08,2026-06-08 21:50:00 UTC,14,MRVL,Marvell Technology Inc,84331449,9.629999999999999,288.85,304.96,281.36,8.959999999999999,0.0964,252685980000
2026-06-08,2026-06-08 21:50:00 UTC,15,SOFI,Sofi Technologies Inc,79130799,2.93,16.5,16.66,15.96,4.3999999999999995,0.0617,21165229800
2026-06-08,2026-06-08 21:50:00 UTC,16,AAPL,Apple Inc,77864763,-1.8900000000000001,301.54,317.4,301.17,5.28,0.0053,4428825328240
2026-06-08,2026-06-08 21:50:00 UTC,17,GPUS,Hyperscale Data Inc.,75933718,19.34,0.1802,0.1928,0.1737,12.45,0.1564,87472057
2026-06-08,2026-06-08 21:50:00 UTC,18,KEEL,Keel Infrastructure Corp,71787775,10.33,5.66,5.8,5.25,10.72,0.1191,3412105597
2026-06-08,2026-06-08 21:50:00 UTC,19,AIM,Aim Immunotech,68441903,0.6,0.5189,0.66,0.5,31.019999999999996,2.8488,12466495
2026-06-08,2026-06-08 21:50:00 UTC,20,ABAT,American Battery Technology Co,67613528,22.189999999999998,3.8,4.25,3.36,28.610000000000003,0.4956,518374754
2026-06-08,2026-06-08 21:50:00 UTC,21,BYND,Beyond Meat,62097287,6.460000000000001,0.7552,0.7774,0.7093,9.6,0.1205,389186574
2026-06-08,2026-06-08 21:50:00 UTC,22,NU,Nu Hldgs Ltd,58305978,-3.09,11.6,12.05,11.55,4.18,0.012,56396198511
2026-06-08,2026-06-08 21:50:00 UTC,23,RYET,RUANYUN EDAI TECHNOLOGY INC,55562258,17.349999999999998,0.974,2.03,0.8241,145.29000000000002,1.4904,36310723
2026-06-08,2026-06-08 21:50:00 UTC,24,CHAI,Core AI Holdings Inc,54886658,-1.32,0.82,0.85,0.8076,5.1,2.7551,16336369
2026-06-08,2026-06-08 21:50:00 UTC,25,MU,Micron Technology Inc,53854717,9.87,949.28,962.95,916.5,5.38,0.0478,1070535379933
2026-06-08,2026-06-08 21:50:00 UTC,26,DEVS,Devvstream Corp,53327948,-25.169999999999998,0.4341,0.8971,0.4006,85.59,4.0257,5750453
2026-06-08,2026-06-08 21:50:00 UTC,27,FRSX,Foresight Autonomous Hldgs Ltd,52791770,-25.53,1.4,2.95,1.22,92.02,22.0262,3355486
2026-06-08,2026-06-08 21:50:00 UTC,28,NEXR,NEXERA TECHNOLOGIES LTD,51214286,-23.14,0.93,2.05,0.8,102.47999999999999,29.0019,1642282
2026-06-08,2026-06-08 21:50:00 UTC,29,NOTV,Inotiv Inc,50792711,-33.11,0.1111,0.14,0.1103,17.88,1.4559,3876073
2026-06-08,2026-06-08 21:50:00 UTC,30,TSLA,Tesla Inc,50223485,4.590000000000001,408.95,412.94,394.72,4.66,0.0134,1535903277045
2026-06-08,2026-06-08 21:50:00 UTC,31,SRXH,SRX Health Solutions Inc,49300988,3.3099999999999996,0.1248,0.1283,0.1161,9.85,0.0835,73663795
2026-06-08,2026-06-08 21:50:00 UTC,32,BATL,Battalion Oil Corp,45160041,3.0300000000000002,1.36,1.435,1.32,8.709999999999999,2.051,29945634
2026-06-08,2026-06-08 21:50:00 UTC,33,PLUG,Plug Power,45005806,-0.7799999999999999,3.19,3.34,3.17,5.29,0.0323,4450270371
2026-06-08,2026-06-08 21:50:00 UTC,34,GRAB,Grab Holdings Limited,42660446,-0.3,3.33,3.4,3.3,2.9899999999999998,0.0104,13619700000
2026-06-08,2026-06-08 21:50:00 UTC,35,PFE,Pfizer,42060834,-1.6099999999999999,25.62,26.22,25.6,2.36,0.0074,146019759609
2026-06-08,2026-06-08 21:50:00 UTC,36,SNAP,Snap Inc,42002533,-1.91,5.65,5.79,5.49,5.029999999999999,0.0253,9362959277
2026-06-08,2026-06-08 21:50:00 UTC,37,T,At&T,41965686,-1.0999999999999999,22.5,22.83,22.41,1.8499999999999999,0.006,156337623787
2026-06-08,2026-06-08 21:50:00 UTC,38,IREN,IREN Ltd,41064340,8.91,59.19,59.67,55.14,8.33,0.1149,21153243714
2026-06-08,2026-06-08 21:50:00 UTC,39,MEHA,Functional Brands Inc,40920188,-29.49,0.0507,0.0742,0.0503,33.1,1.8674,1110982
2026-06-08,2026-06-08 21:50:00 UTC,40,ONDS,Ondas Holdings Inc.,39324681,-1.25,10.3,10.84,10.25,5.66,0.0775,5228330737
2026-06-08,2026-06-08 21:50:00 UTC,41,ACHR,Archer Aviation Inc,39233437,3.4299999999999997,5.73,5.9,5.58,5.779999999999999,0.0517,4352496591
2026-06-08,2026-06-08 21:50:00 UTC,42,LYG,Lloyds Banking,39041002,-0.19,5.3,5.39,5.27,2.26,0.0027,77329928981
2026-06-08,2026-06-08 21:50:00 UTC,43,CLIK,Click Hldgs Ltd,38999672,8.24,1.84,3.28,1.71,92.35,11.952,6003980
2026-06-08,2026-06-08 21:50:00 UTC,44,PATH,Uipath Inc,38912209,-0.62,11.17,11.25,10.9,3.11,0.0751,5787403371
2026-06-08,2026-06-08 21:50:00 UTC,45,BMNR,Bitmine Immersion Technologies Inc,38415079,5.970000000000001,16.85,17.28,16.41,5.47,0.0715,9059045600
2026-06-08,2026-06-08 21:50:00 UTC,46,CYPH,Cypherpunk Technologies Inc,37764160,36.51,0.7082,0.7949,0.628,31.78,0.3547,75398146
2026-06-08,2026-06-08 21:50:00 UTC,47,AVGO,Broadcom Inc,37071157,2.82,396.6,402.84,391.35,2.98,0.0078,1877769401774
2026-06-08,2026-06-08 21:50:00 UTC,48,TE,T1 Energy,36738878,-3.18,9.13,10.01,8.95,11.24,0.1316,2547896108
2026-06-08,2026-06-08 21:50:00 UTC,49,YYGH,YY Group Holdings,36246163,-0.9900000000000001,0.1297,0.1303,0.108,16.79,3.8677,1215469
2026-06-08,2026-06-08 21:50:00 UTC,50,ADTX,Aditxt Inc,35953328,-19.650000000000002,0.0499,0.054,0.0463,12.4,44.0647,40714
2026-06-08,2026-06-08 21:50:00 UTC,51,RGTI,Rigetti Computing Inc,35422167,5.25,21.77,22.79,20.73,9.99,0.1066,7234660034
2026-06-08,2026-06-08 21:50:00 UTC,52,GMHS,Gamehaus Holdings Inc,35049522,4.77,0.9833,1.49,0.945,58.07,0.6115,56361982
2026-06-08,2026-06-08 21:50:00 UTC,53,BBAI,BIGBEAR AI HLDGS INC,34325662,2.62,4.31,4.49,4.2,6.9,0.0717,2064272129
2026-06-08,2026-06-08 21:50:00 UTC,54,ITOC,iTonic Holdings Ltd,34142470,80.61,0.5057,1.15,0.278,311.43,0.2917,59192185
2026-06-08,2026-06-08 21:50:00 UTC,55,AMZN,Amazon Com,33870837,-0.33,245.22,249.42,243.36,2.45,0.0031,2637858375895
2026-06-08,2026-06-08 21:50:00 UTC,56,WBD,WARNER BROS DISCOVERY INC,33552922,0.88,26.47,26.8,26.11,2.63,0.0134,66363908501
2026-06-08,2026-06-08 21:50:00 UTC,57,RDW,Redwire Corporation,33406339,0.65,18.57,19.57,18.1,7.969999999999999,0.1679,3693920778
2026-06-08,2026-06-08 21:50:00 UTC,58,LASE,Laser Photonics Corp,33292022,5.81,3.28,3.99,3.18,26.13,0.8632,126503902
2026-06-08,2026-06-08 21:50:00 UTC,59,F,Ford Mtr Co Del,33029017,0.67,15.0,15.19,14.91,1.8800000000000001,0.0083,59770389450
2026-06-08,2026-06-08 21:50:00 UTC,60,NFLX,Netflix Inc,33027379,0.5599999999999999,82.64,83.08,81.34,2.12,0.0078,347980390353
2026-06-08,2026-06-08 21:50:00 UTC,61,MARA,MARA Holdings Inc,32755920,11.85,13.78,13.97,12.6,11.1,0.0859,5253907531
2026-06-08,2026-06-08 21:50:00 UTC,62,CDE,Coeur Mng Inc,32706366,2.1999999999999997,16.73,17.26,16.49,4.7,0.0317,17254233311
2026-06-08,2026-06-08 21:50:00 UTC,63,MSFT,Microsoft Corp,32046437,-1.18,411.74,417.16,408.56,2.06,0.0043,3058583705024
2026-06-08,2026-06-08 21:50:00 UTC,64,CPNG,Coupang Inc,31862338,0.2,15.18,15.66,14.92,4.88,0.0178,27249074571
2026-06-08,2026-06-08 21:50:00 UTC,65,CCTG,CCSC Technology International Holdings Limited,31688249,3.08,0.4792,0.7828,0.37,83.89,8.0972,1875346
2026-06-08,2026-06-08 21:50:00 UTC,66,SMCI,Super Micro Computer Inc,31604623,5.64,43.99,44.74,42.18,6.1,0.0526,26456399023
2026-06-08,2026-06-08 21:50:00 UTC,67,QTEX,QTREX Quantum Ltd.,31419788,-0.7000000000000001,1.41,1.77,1.39,26.76,0.7065,62707296
2026-06-08,2026-06-08 21:50:00 UTC,68,BB,Blackberry,31104124,-1.28,9.29,9.88,8.99,9.46,0.0531,5444510471
2026-06-08,2026-06-08 21:50:00 UTC,69,BAC,Bank of America Corp,30331127,-0.37,53.63,54.35,53.57,1.4500000000000002,0.0043,380590156613
2026-06-08,2026-06-08 21:50:00 UTC,70,AUR,Aurora Innovation Inc,30027991,-0.79,6.26,6.39,6.06,5.2299999999999995,0.0153,12277131337
2026-06-08,2026-06-08 21:50:00 UTC,71,DVLT,Datavault AI Inc,29038753,-1.6500000000000001,0.4223,0.4488,0.4173,7.340000000000001,0.0339,361303830
2026-06-08,2026-06-08 21:50:00 UTC,72,QBTS,D Wave Quantum,28989890,8.3,25.83,26.73,24.0,11.450000000000001,0.079,9472832233
2026-06-08,2026-06-08 21:50:00 UTC,73,NVTS,Navitas Semiconductor Corp,28902032,-2.39,24.48,26.43,23.96,9.85,0.1237,5721298303
2026-06-08,2026-06-08 21:50:00 UTC,74,PINS,Pinterest,28861346,2.6599999999999997,21.99,22.06,20.58,6.87,0.0515,12317859620
2026-06-08,2026-06-08 21:50:00 UTC,75,HPE,Hewlett Packard Enterprise Co,28859992,1.3599999999999999,49.87,50.87,48.92,3.9699999999999998,0.0218,66038029592
2026-06-08,2026-06-08 21:50:00 UTC,76,IONQ,Ionq Inc,28517979,10.6,62.8,64.9,57.96,12.21,0.0764,23441352734
2026-06-08,2026-06-08 21:50:00 UTC,77,GOOGL,Alphabet Inc,27923270,-1.3599999999999999,363.31,366.2,360.53,1.54,0.0023,4401784283937
2026-06-08,2026-06-08 21:50:00 UTC,78,SPCE,Virgin Galactic Holdings Inc,27348873,-5.94,4.12,4.56,4.12,9.82,0.2716,414815764
2026-06-08,2026-06-08 21:50:00 UTC,79,POET,Poet Technologies Inc,27336498,3.54,12.28,13.07,11.77,10.96,0.1584,2119471585
2026-06-08,2026-06-08 21:50:00 UTC,80,PLTR,Palantir Technologies Inc,26941714,0.69,136.47,137.76,135.28,1.82,0.0112,327161165501
2026-06-08,2026-06-08 21:50:00 UTC,81,ALIT,Alight Inc.,26884813,1.18,0.7346,0.8095,0.7057,13.950000000000001,0.05,394657959
2026-06-08,2026-06-08 21:50:00 UTC,82,CLF,Cleveland-Cliffs Inc,26652384,-6.279999999999999,12.68,13.39,12.45,6.950000000000001,0.0467,7232857850
2026-06-08,2026-06-08 21:50:00 UTC,83,GDC,GD CULTURE GROUP LTD,26379935,10.11,0.11,0.1115,0.0961,15.42,0.4342,6683568
2026-06-08,2026-06-08 21:50:00 UTC,84,LHSW,Lianhe Sowell International Group Ltd,26026062,-2.46,0.1388,0.249,0.13,83.63000000000001,0.4732,7634000
2026-06-08,2026-06-08 21:50:00 UTC,85,OWL,Blue Owl Capital Inc,26018766,-3.88,9.42,9.82,9.38,4.44,0.0167,14686253910
2026-06-08,2026-06-08 21:50:00 UTC,86,NIO,Nio Inc.,25544020,1.68,5.45,5.58,5.43,2.8000000000000003,0.0102,13655885269
2026-06-08,2026-06-08 21:50:00 UTC,87,CMCSA,Comcast Corp,25229324,-0.25,23.76,24.11,23.52,2.48,0.0071,84876150514
2026-06-08,2026-06-08 21:50:00 UTC,88,AMD,Advanced Micro Devices Inc,25124980,5.140000000000001,490.33,494.97,477.71,3.6999999999999997,0.0154,799532411320
2026-06-08,2026-06-08 21:50:00 UTC,89,RMSG,Real Messenger Corp,24329250,-58.03,0.768,1.61,0.46,62.839999999999996,2.22,8416482
2026-06-08,2026-06-08 21:50:00 UTC,90,CSCO,Cisco Sys Inc,24284699,2.06,124.15,126.44,122.0,3.65,0.0062,489329113659
2026-06-08,2026-06-08 21:50:00 UTC,91,MTEN,Mingteng International,24173511,81.31,1.94,4.14,1.04,289.72,4.7974,9775390
2026-06-08,2026-06-08 21:50:00 UTC,92,TTD,The Trade Desk,23431606,-2.6100000000000003,19.43,19.99,19.1,4.46,0.0498,9134205454
2026-06-08,2026-06-08 21:50:00 UTC,93,UWMC,Uwm Holdings Corporation,23357108,-1.16,2.56,2.655,2.47,7.140000000000001,0.0146,4098785594
2026-06-08,2026-06-08 21:50:00 UTC,94,CRWV,"CoreWeave, Inc.",23346339,1.97,102.37,104.3,98.4,5.88,0.0428,55850036320
2026-06-08,2026-06-08 21:50:00 UTC,95,SMR,NuScale Power Corporation,23219301,2.48,10.76,10.98,10.57,3.95,0.0635,3932577238
2026-06-08,2026-06-08 21:50:00 UTC,96,WULF,Terawulf Inc,23107195,7.75,25.86,26.2,24.32,7.82,0.0466,12814474199
2026-06-08,2026-06-08 21:50:00 UTC,97,RIVN,"Rivian Automotive, Inc. / De",22590012,3.0,16.84,17.6,16.37,7.5200000000000005,0.0179,21225522882
2026-06-08,2026-06-08 21:50:00 UTC,98,OPEN,Opendoor Technologies Inc,22529043,-2.4899999999999998,4.31,4.52,4.29,5.2,0.0234,4158014883
2026-06-08,2026-06-08 21:50:00 UTC,99,LXEH,Lixiang Education Holding Co . Ltd,22463663,-6.92,1.21,2.45,1.07,106.15,11.7202,2319167
2026-06-08,2026-06-08 21:50:00 UTC,100,BURU,Nuburu,22436540,1.5,0.1624,0.168,0.1556,6.5,0.1253,29072949
2026-06-09,2026-06-09 21:49:57 UTC,1,GMM,Global Mofy AI Ltd,1015278646,19.36,0.1079,0.2345,0.092,157.63,16.3075,6717692
2026-06-09,2026-06-09 21:49:57 UTC,2,ADTX,Aditxt Inc,395893033,-42.08,0.0289,0.04,0.027,26.05,485.21,23580
2026-06-09,2026-06-09 21:49:57 UTC,3,WOK,WORK Medical Technology Group LTD,235919181,0.4,0.1005,0.113,0.1,12.989999999999998,136.7961,173322
2026-06-09,2026-06-09 21:49:57 UTC,4,PAVS,Paranovus Entertainment Technology Ord Shs Class A,227395198,8.450000000000001,1.02,26.69,0.95,2736.84,216.8498,1069602
2026-06-09,2026-06-09 21:49:57 UTC,5,AZI,Autozi Internet Technology (Global) Ltd.,189996168,63.72,1.85,7.0,1.68,469.90999999999997,41.7534,8418302
2026-06-09,2026-06-09 21:49:57 UTC,6,NOK,Nokia,186213480,-5.07,13.85,14.62,13.18,9.87,0.0333,77459062294
2026-06-09,2026-06-09 21:49:57 UTC,7,NVDA,Nvidia Corporation,180526826,-0.22,208.19,211.4,199.34,5.779999999999999,0.0075,5038198000000
2026-06-09,2026-06-09 21:49:57 UTC,8,NCRA,Nocera,170832582,10.85,0.1441,0.177,0.13,36.15,8.5701,2872422
2026-06-09,2026-06-09 21:49:57 UTC,9,MPU,Mega Matrix Corp,169246471,51.870000000000005,0.3493,0.78,0.2139,246.13,2.4757,23879282
2026-06-09,2026-06-09 21:49:57 UTC,10,CHAI,Core AI Holdings Inc,167601156,126.83,1.86,4.05,1.67,290.24,8.4127,37055667
2026-06-09,2026-06-09 21:49:57 UTC,11,CGTL,Creative Global Technology Holdings Limited,153999630,8.55,0.4152,0.9499,0.375,150.29999999999998,5.9864,10681020
2026-06-09,2026-06-09 21:49:57 UTC,12,AAL,American Airline,149965160,3.5999999999999996,14.09,14.38,13.64,5.48,0.2267,9318916580
2026-06-09,2026-06-09 21:49:57 UTC,13,INTC,Intel Corp,149266906,-2.13,107.92,114.0,99.46,13.18,0.0297,542405920000
2026-06-09,2026-06-09 21:49:57 UTC,14,ELPW,Elong Power Holding Limited,126932264,50.529999999999994,1.16,2.33,0.9501,179.07,41.6987,3531085
2026-06-09,2026-06-09 21:49:57 UTC,15,CPOP,"Pop Culture Group Co., Ltd",122773755,24.91,0.36,0.84,0.3,187.37,1.4984,29498054
2026-06-09,2026-06-09 21:49:57 UTC,16,CCTG,CCSC Technology International Holdings Limited,118904242,271.45,1.78,5.64,1.5,863.9599999999999,30.3831,6966021
2026-06-09,2026-06-09 21:49:57 UTC,17,YYGH,YY Group Holdings,106431797,-3.39,0.1253,0.1275,0.11,13.11,11.3581,1174235
2026-06-09,2026-06-09 21:49:57 UTC,18,RGNT,Regentis Biomaterials Ltd,104114958,88.28,2.41,6.55,2.23,337.5,20.1018,12482300
2026-06-09,2026-06-09 21:49:57 UTC,19,KEEL,Keel Infrastructure Corp,96514886,-4.24,5.42,6.36,5.17,20.94,0.1601,3267422675
2026-06-09,2026-06-09 21:49:57 UTC,20,MRVL,Marvell Technology Inc,94477446,-7.61,266.88,302.4,244.0,20.169999999999998,0.108,233466624000
2026-06-09,2026-06-09 21:49:57 UTC,21,GLE,Global Engine Group Holding Limited,93895712,10.280000000000001,0.44,1.08,0.431,162.66,5.1309,8052000
2026-06-09,2026-06-09 21:49:57 UTC,22,GDC,GD CULTURE GROUP LTD,86261238,-7.000000000000001,0.1023,0.1118,0.0983,12.18,1.4197,6215718
2026-06-09,2026-06-09 21:49:57 UTC,23,SOFI,Sofi Technologies Inc,79778786,-0.18,16.47,17.1,15.65,8.780000000000001,0.0622,21126747564
2026-06-09,2026-06-09 21:49:57 UTC,24,AHMA,AMBITIONS ENTERPRISE MANAGE,73260014,36.11,1.47,5.4,1.36,374.07,2.4646,43695750
2026-06-09,2026-06-09 21:49:57 UTC,25,MU,Micron Technology Inc,73112434,-1.41,935.89,989.15,854.35,14.2,0.0648,1055435020990
2026-06-09,2026-06-09 21:49:57 UTC,26,AAPL,Apple Inc,70050483,-3.64,290.55,300.75,287.78,4.29,0.0048,4267411285800
2026-06-09,2026-06-09 21:49:57 UTC,27,PLUG,Plug Power,69929908,-8.780000000000001,2.91,3.26,2.82,13.79,0.0501,4059651028
2026-06-09,2026-06-09 21:49:57 UTC,28,ONDS,Ondas Holdings Inc.,69045309,-6.3100000000000005,9.65,10.41,9.04,13.3,0.136,4898387535
2026-06-09,2026-06-09 21:49:57 UTC,29,RDW,Redwire Corporation,68971182,-15.190000000000001,15.75,18.03,14.76,17.61,0.3467,3132969966
2026-06-09,2026-06-09 21:49:57 UTC,30,SLGB,Smart Logistics Global Limited,68583949,41.83,0.729,1.68,0.625,205.25000000000003,1.595,31347000
2026-06-09,2026-06-09 21:49:57 UTC,31,EPSM,Epsium Enterprise Ltd.,65839184,72.27,2.05,4.47,1.28,268.07,4.8995,27547969
2026-06-09,2026-06-09 21:49:57 UTC,32,CPNG,Coupang Inc,61645697,4.81,15.91,16.1,15.14,6.29,0.0343,28559471437
2026-06-09,2026-06-09 21:49:57 UTC,33,AUR,Aurora Innovation Inc,59937038,-1.6,6.16,6.36,5.97,6.23,0.0306,12081011028
2026-06-09,2026-06-09 21:49:57 UTC,34,TSLA,Tesla Inc,59837649,-3.0,396.68,418.5,384.24,8.38,0.0159,1489820545148
2026-06-09,2026-06-09 21:49:57 UTC,35,GRAB,Grab Holdings Limited,58805850,-0.8999999999999999,3.3,3.37,3.26,3.3000000000000003,0.0144,13497000000
2026-06-09,2026-06-09 21:49:57 UTC,36,MTEN,Mingteng International,58589698,-21.65,1.52,9.52,1.44,416.49,11.6276,7659068
2026-06-09,2026-06-09 21:49:57 UTC,37,IREN,IREN Ltd,57222848,-8.73,54.02,60.86,51.15,16.41,0.1601,19305595969
2026-06-09,2026-06-09 21:49:57 UTC,38,ACHR,Archer Aviation Inc,56849599,-7.16,5.32,5.88,5.2,11.78,0.0748,4041061407
2026-06-09,2026-06-09 21:49:57 UTC,39,BYND,Beyond Meat,55387109,-8.58,0.6904,0.7535,0.684,9.11,0.1075,355792387
2026-06-09,2026-06-09 21:49:57 UTC,40,SPCE,Virgin Galactic Holdings Inc,55087949,11.41,4.59,4.89,4.18,17.23,0.5471,462136980
2026-06-09,2026-06-09 21:49:57 UTC,41,CCO,Clear Channel Outdoor Hldgs In,53782351,0.0,2.4,2.41,2.39,0.83,0.1057,1221560414
2026-06-09,2026-06-09 21:49:57 UTC,42,T,At&T,52556598,0.9299999999999999,22.71,22.96,22.32,2.87,0.0076,157796774942
2026-06-09,2026-06-09 21:49:57 UTC,43,PAYO,Payoneer Global Inc.,52013568,24.32,6.39,6.65,5.17,28.7,0.1554,2139235662
2026-06-09,2026-06-09 21:49:57 UTC,44,PATH,Uipath Inc,51896605,-3.7600000000000002,10.75,11.24,10.3,8.41,0.1002,5569792859
2026-06-09,2026-06-09 21:49:57 UTC,45,BB,Blackberry,51818754,-4.84,8.84,9.5,8.2,13.99,0.0884,5180782837
2026-06-09,2026-06-09 21:49:57 UTC,46,NUVL,"Nuvalent, Inc.",51698894,39.28,123.25,123.62,122.8,0.9199999999999999,0.6544,9736493023
2026-06-09,2026-06-09 21:49:57 UTC,47,TDIC,Dreamland Limited,51170424,-21.84,0.3916,0.4473,0.3525,18.92,1.1172,17935946
2026-06-09,2026-06-09 21:49:57 UTC,48,F,Ford Mtr Co Del,51027413,-0.33,14.95,15.39,14.49,6.0,0.0128,59571154818
2026-06-09,2026-06-09 21:49:57 UTC,49,SMCI,Super Micro Computer Inc,50812412,-7.62,40.64,44.95,38.04,15.590000000000002,0.0845,24441647108
2026-06-09,2026-06-09 21:49:57 UTC,50,RGTI,Rigetti Computing Inc,48999817,-9.53,19.69,22.63,18.47,19.11,0.1474,6544932509
2026-06-09,2026-06-09 21:49:57 UTC,51,JZXN,Jiuzi Holdings Inc,48653607,8.73,1.37,2.83,1.16,132.14,36.6136,1820512
2026-06-09,2026-06-09 21:49:57 UTC,52,MARA,MARA Holdings Inc,48276650,-3.4099999999999997,13.31,14.4,12.64,12.770000000000001,0.1266,5074710394
2026-06-09,2026-06-09 21:49:57 UTC,53,DSS,Dss Inc,47813772,19.55,0.502,1.07,0.415,155.99,4.7611,5041344
2026-06-09,2026-06-09 21:49:57 UTC,54,NU,Nu Hldgs Ltd,46768525,2.41,11.88,12.04,11.66,3.2800000000000002,0.0096,57757486061
2026-06-09,2026-06-09 21:49:57 UTC,55,AMZN,Amazon Com,44381903,-0.42,244.19,250.43,240.4,4.09,0.0041,2626778553176
2026-06-09,2026-06-09 21:49:57 UTC,56,APLD,Applied Digital,44037472,2.36,41.91,46.87,38.34,20.84,0.1541,11976601379
2026-06-09,2026-06-09 21:49:57 UTC,57,BBAI,BIGBEAR AI HLDGS INC,43833548,-7.42,3.99,4.38,3.83,12.76,0.0915,1911008305
2026-06-09,2026-06-09 21:49:57 UTC,58,POET,Poet Technologies Inc,43358674,-12.3,10.77,12.47,10.11,19.220000000000002,0.2512,1858852522
2026-06-09,2026-06-09 21:49:57 UTC,59,QTEX,QTREX Quantum Ltd.,43012854,13.48,1.6,1.84,1.45,27.66,0.9672,71157216
2026-06-09,2026-06-09 21:49:57 UTC,60,NVTS,Navitas Semiconductor Corp,42708406,-6.660000000000001,22.85,25.0,20.7,17.57,0.1827,5340345843
2026-06-09,2026-06-09 21:49:57 UTC,61,TE,T1 Energy,41431044,-7.340000000000001,8.46,9.52,7.78,19.06,0.1485,2360920161
2026-06-09,2026-06-09 21:49:57 UTC,62,SNAP,Snap Inc,41274622,-1.06,5.59,5.78,5.27,8.85,0.0249,9263529621
2026-06-09,2026-06-09 21:49:57 UTC,63,YOUL,Youlife Group Inc,40396404,205.91,1.03,1.3,0.3745,274.87,0.5312,78329955
2026-06-09,2026-06-09 21:49:57 UTC,64,PMI,"Picard Medical, Inc.",40022075,21.07,0.3201,0.3569,0.215,48.0,0.4334,29561185
2026-06-09,2026-06-09 21:49:57 UTC,65,OPEN,Opendoor Technologies Inc,39933927,0.7000000000000001,4.34,4.56,4.08,11.14,0.0414,4186956982
2026-06-09,2026-06-09 21:49:57 UTC,66,RIVN,"Rivian Automotive, Inc. / De",39784197,-6.59,15.73,16.92,15.24,9.98,0.0316,19826453381
2026-06-09,2026-06-09 21:49:57 UTC,67,AMC,Amc Entmt Hldgs Inc,39674822,7.779999999999999,1.94,2.01,1.79,12.22,0.0526,1463093138
2026-06-09,2026-06-09 21:49:57 UTC,68,SMR,NuScale Power Corporation,38998933,-7.06,10.0,11.02,9.59,13.28,0.1067,3654811560
2026-06-09,2026-06-09 21:49:57 UTC,69,BMNR,Bitmine Immersion Technologies Inc,38741736,-3.8600000000000003,16.2,16.91,15.47,8.55,0.0721,8709586867
2026-06-09,2026-06-09 21:49:57 UTC,70,CDE,Coeur Mng Inc,38689367,-3.83,16.09,17.0,15.36,9.8,0.0375,16594178959
2026-06-09,2026-06-09 21:49:57 UTC,71,PLTR,Palantir Technologies Inc,38607925,-3.2199999999999998,132.07,136.99,127.35,7.06,0.0161,316612992802
2026-06-09,2026-06-09 21:49:57 UTC,72,QBTS,D Wave Quantum,37809923,-8.94,23.52,26.66,22.35,16.68,0.1031,8625668375
2026-06-09,2026-06-09 21:49:57 UTC,73,AMD,Advanced Micro Devices Inc,37728823,-3.02,475.51,505.0,437.23,13.73,0.0231,775358756847
2026-06-09,2026-06-09 21:49:57 UTC,74,GMEX,GMEX ROBOTICS,37384588,-7.37,0.8253,1.24,0.8,49.38,185.6494,166192
2026-06-09,2026-06-09 21:49:57 UTC,75,AVGO,Broadcom Inc,36972971,-1.1199999999999999,392.16,407.87,370.33,9.46,0.0078,1856747475037
2026-06-09,2026-06-09 21:49:57 UTC,76,SRXH,SRX Health Solutions Inc,35993299,-2.88,0.1212,0.1251,0.1182,5.53,0.061,71538878
2026-06-09,2026-06-09 21:49:57 UTC,77,LYG,Lloyds Banking,35905181,0.75,5.34,5.42,5.21,3.8699999999999997,0.0025,77913551086
2026-06-09,2026-06-09 21:49:57 UTC,78,NOW,Servicenow Inc,35763742,-6.32,106.97,112.39,103.08,8.15,0.0347,110319016760
2026-06-09,2026-06-09 21:49:57 UTC,79,MSFT,Microsoft Corp,35274636,-2.02,403.41,411.98,398.48,3.2800000000000002,0.0047,2996704843940
2026-06-09,2026-06-09 21:49:57 UTC,80,PFE,Pfizer,35247393,0.31,25.7,25.88,25.47,1.6,0.0062,146475715143
2026-06-09,2026-06-09 21:49:57 UTC,81,IONQ,Ionq Inc,35240979,-9.73,56.69,63.95,53.26,17.01,0.0944,21160673352
2026-06-09,2026-06-09 21:49:57 UTC,82,JOBY,Joby Aviation Inc,35237087,-4.43,9.27,9.87,8.94,9.59,0.0358,9118369238
2026-06-09,2026-06-09 21:49:57 UTC,83,NFLX,Netflix Inc,34693399,-1.49,81.41,82.34,81.34,1.21,0.0082,342801108164
2026-06-09,2026-06-09 21:49:57 UTC,84,WULF,Terawulf Inc,34582051,-2.17,25.3,27.78,24.1,14.249999999999998,0.0698,12536975918
2026-06-09,2026-06-09 21:49:57 UTC,85,NIO,Nio Inc.,34479936,-3.1199999999999997,5.28,5.54,5.2,6.15,0.0138,13229921876
2026-06-09,2026-06-09 21:49:57 UTC,86,CMCSA,Comcast Corp,33629604,0.38,23.85,24.02,23.63,1.6199999999999999,0.0094,85197651084
2026-06-09,2026-06-09 21:49:57 UTC,87,HBAN,Huntington Bancshares Inc,33352238,2.0,16.82,17.08,16.61,2.85,0.0165,34096336473
2026-06-09,2026-06-09 21:49:57 UTC,88,HIVE,HIVE Digital Technologies Ltd,32708999,-5.56,3.74,4.29,3.59,17.68,0.1223,1000191270
2026-06-09,2026-06-09 21:49:57 UTC,89,ORBS,Eightco Holdings Ord Shs,32509469,7.8100000000000005,0.9409,1.04,0.8801,18.32,0.0865,353566964
2026-06-09,2026-06-09 21:49:57 UTC,90,ALIT,Alight Inc.,32368741,-5.17,0.6966,0.758,0.6901,9.24,0.0603,374242763
2026-06-09,2026-06-09 21:49:57 UTC,91,DVLT,Datavault AI Inc,32368149,-5.16,0.4005,0.4321,0.3861,10.89,0.0378,342652578
2026-06-09,2026-06-09 21:49:57 UTC,92,BAC,Bank of America Corp,32327621,1.47,54.42,54.62,53.65,1.7999999999999998,0.0046,386196463227
2026-06-09,2026-06-09 21:49:57 UTC,93,CHOW,CHOWCHOW CLOUD INTL HLDGS LTD,32126478,7.51,0.3494,0.3744,0.271,31.66,0.9052,12400206
2026-06-09,2026-06-09 21:49:57 UTC,94,MEHA,Functional Brands Inc,31694875,-15.190000000000001,0.043,0.0525,0.0388,26.63,1.4464,942253
2026-06-09,2026-06-09 21:49:57 UTC,95,CCL,Carnival Corporation Ltd.,30360681,2.67,27.73,28.21,26.8,5.220000000000001,0.0245,34357475878
2026-06-09,2026-06-09 21:49:57 UTC,96,UEC,Uranium Energy,30345002,-15.540000000000001,10.65,12.15,10.3,14.59,0.0619,5220851338
2026-06-09,2026-06-09 21:49:57 UTC,97,HXHX,HAOXIN HLDGS LTD,30309623,27.87,0.5079,0.6467,0.415,58.330000000000005,2.2043,6983625
2026-06-09,2026-06-09 21:49:57 UTC,98,QCOM,Qualcomm Inc,29882601,-5.67,205.42,219.64,192.67,12.379999999999999,0.0284,216512680000
2026-06-09,2026-06-09 21:49:57 UTC,99,BTBT,Bit Digital Inc,29771910,-1.1199999999999999,1.76,1.87,1.67,11.24,0.0853,614575139
2026-06-09,2026-06-09 21:49:57 UTC,100,GOOGL,Alphabet Inc,29506992,0.26,364.26,372.08,357.3,4.06,0.0024,4413294275596
2026-06-10,2026-06-10 22:49:56 UTC,1,YYGH,YY Group Holdings,301017530,31.680000000000003,0.165,0.1769,0.1291,37.43,32.1209,1546279
2026-06-10,2026-06-10 22:49:56 UTC,2,CPOP,"Pop Culture Group Co., Ltd",284323862,322.21999999999997,1.52,2.55,0.41,594.4399999999999,3.4699,124547342
2026-06-10,2026-06-10 22:49:56 UTC,3,CHOW,CHOWCHOW CLOUD INTL HLDGS LTD,253433185,109.24000000000001,0.7311,1.1,0.5178,166.63,7.141,25946739
2026-06-10,2026-06-10 22:49:56 UTC,4,HKIT,HiTek Global Inc.,243662016,59.709999999999994,0.436,0.65,0.356,107.69,25.2201,4212379
2026-06-10,2026-06-10 22:49:56 UTC,5,ADTX,Aditxt Inc,235594048,-35.99,0.0185,0.0238,0.0172,18.69,288.7462,15094
2026-06-10,2026-06-10 22:49:56 UTC,6,VSME,VS MEDIA Holdings,226315984,148.97,2.05,5.38,1.97,414.14,81.8482,5668393
2026-06-10,2026-06-10 22:49:56 UTC,7,SMCI,Super Micro Computer Inc,190402851,-27.98,29.27,36.51,29.14,18.11,0.3166,17603518968
2026-06-10,2026-06-10 22:49:56 UTC,8,BATL,Battalion Oil Corp,187803208,57.25,2.06,2.93,1.32,122.9,8.5292,45358828
2026-06-10,2026-06-10 22:49:56 UTC,9,NVDA,Nvidia Corporation,161068946,-3.73,200.42,207.22,199.92,3.51,0.0067,4850164000000
2026-06-10,2026-06-10 22:49:56 UTC,10,AAL,American Airline,137569584,-4.760000000000001,13.42,13.88,13.34,3.83,0.208,8875788538
2026-06-10,2026-06-10 22:49:56 UTC,11,INTC,Intel Corp,122290893,-0.8200000000000001,107.04,111.5,104.92,6.1,0.0243,537983040000
2026-06-10,2026-06-10 22:49:56 UTC,12,FLD,"Fold Holdings, Inc",119289377,15.590000000000002,0.7075,1.6,0.6634,153.01,2.349,35929220
2026-06-10,2026-06-10 22:49:56 UTC,13,DSY,Big Tree Cloud Holdings Limited,113448842,291.29999999999995,7.2,19.9,6.39,734.24,23.8746,34213485
2026-06-10,2026-06-10 22:49:56 UTC,14,NOK,Nokia,96497314,-3.25,13.4,14.03,13.32,5.13,0.0173,74942341858
2026-06-10,2026-06-10 22:49:56 UTC,15,SOFI,Sofi Technologies Inc,86209350,-3.64,15.87,16.72,15.83,5.4,0.0672,20357102844
2026-06-10,2026-06-10 22:49:56 UTC,16,GCDT,Green Circle DecarbonizeTechnology Limited,85242960,28.37,0.8601,1.44,0.7114,108.74999999999999,6.6208,11073787
2026-06-10,2026-06-10 22:49:56 UTC,17,CIIT,Tianci Intrnl,80759990,34.17,1.61,4.65,1.53,260.0,22.3161,5826440
2026-06-10,2026-06-10 22:49:56 UTC,18,WCT,Wellchange Holdings,80376513,30.53,1.71,3.9,1.65,171.76,26.2212,5241710
2026-06-10,2026-06-10 22:49:56 UTC,19,GLE,Global Engine Group Holding Limited,74135505,51.55,0.6668,0.96,0.524,99.09,4.0511,12202440
2026-06-10,2026-06-10 22:49:56 UTC,20,GMM,Global Mofy AI Ltd,65321704,-45.6,0.0587,0.0666,0.056,9.82,1.0492,3654574
2026-06-10,2026-06-10 22:49:56 UTC,21,WOK,WORK Medical Technology Group LTD,57193802,-0.5,0.1,0.104,0.095,8.959999999999999,33.1634,172460
2026-06-10,2026-06-10 22:49:56 UTC,22,FRMI,Fermi Inc.,55749148,22.6,6.89,7.18,5.49,30.049999999999997,0.0874,4392886506
2026-06-10,2026-06-10 22:49:56 UTC,23,MU,Micron Technology Inc,55284287,-4.7,891.88,957.48,883.25,7.93,0.049,1005803445405
2026-06-10,2026-06-10 22:49:56 UTC,24,MRVL,Marvell Technology Inc,53837339,-5.35,252.59,272.47,252.26,7.5600000000000005,0.0615,220965732000
2026-06-10,2026-06-10 22:49:56 UTC,25,LYG,Lloyds Banking,53734084,-3.37,5.16,5.27,5.15,2.15,0.0037,75287251612
2026-06-10,2026-06-10 22:49:56 UTC,26,GDC,GD CULTURE GROUP LTD,53271222,0.2,0.1025,0.12,0.101,18.57,0.8768,6227870
2026-06-10,2026-06-10 22:49:56 UTC,27,BQ,Boqii Holding Ltd,52971300,7.62,0.89,1.29,0.89,45.76,10.8556,4342856
2026-06-10,2026-06-10 22:49:56 UTC,28,AAPL,Apple Inc,52728209,0.35000000000000003,291.58,294.75,287.38,2.53,0.0036,4282539262480
2026-06-10,2026-06-10 22:49:56 UTC,29,PAVS,Paranovus Entertainment Technology Ord Shs Class A,51920042,-50.980000000000004,0.5,0.934,0.45,47.43,49.5123,524315
2026-06-10,2026-06-10 22:49:56 UTC,30,F,Ford Mtr Co Del,50739306,-4.35,14.3,14.84,14.23,4.68,0.0127,56981104609
2026-06-10,2026-06-10 22:49:56 UTC,31,T,At&T,50605781,2.1999999999999997,23.21,23.26,22.75,2.22,0.0073,161270944360
2026-06-10,2026-06-10 22:49:56 UTC,32,KEEL,Keel Infrastructure Corp,50511364,-3.1399999999999997,5.25,5.72,5.22,9.04,0.0838,3164938938
2026-06-10,2026-06-10 22:49:56 UTC,33,TSLA,Tesla Inc,49436482,-3.8,381.59,397.09,380.15,4.2700000000000005,0.0132,1433146671934
2026-06-10,2026-06-10 22:49:56 UTC,34,OPEN,Opendoor Technologies Inc,49167728,3.2300000000000004,4.48,4.77,4.34,9.91,0.051,4322020111
2026-06-10,2026-06-10 22:49:56 UTC,35,SMXT,SolarMax Technology,47236698,25.91,0.4767,0.79,0.4029,102.25,0.8301,27127362
2026-06-10,2026-06-10 22:49:56 UTC,36,PATH,Uipath Inc,47047171,0.0,10.75,10.98,10.33,5.91,0.0908,5569792859
2026-06-10,2026-06-10 22:49:56 UTC,37,GRAB,Grab Holdings Limited,47012893,-0.91,3.27,3.35,3.27,2.42,0.0115,13374300000
2026-06-10,2026-06-10 22:49:56 UTC,38,NU,Nu Hldgs Ltd,45850375,-2.19,11.62,12.09,11.61,4.04,0.0094,56493433336
2026-06-10,2026-06-10 22:49:56 UTC,39,ORCL,Oracle Corp,44705651,-2.21,201.26,212.48,198.18,6.950000000000001,0.0155,578833017960
2026-06-10,2026-06-10 22:49:56 UTC,40,PLUG,Plug Power,43218047,-1.72,2.86,2.96,2.85,3.7800000000000002,0.031,3989897574
2026-06-10,2026-06-10 22:49:56 UTC,41,AMC,Amc Entmt Hldgs Inc,42232772,7.22,2.08,2.12,1.91,10.82,0.056,1568677179
2026-06-10,2026-06-10 22:49:56 UTC,42,BYND,Beyond Meat,41975477,-1.17,0.6823,0.7048,0.6605,6.419999999999999,0.0815,351618114
2026-06-10,2026-06-10 22:49:56 UTC,43,HOOD,"Robinhood Markets, Inc.",41907132,3.09,86.36,91.46,84.08,8.73,0.0465,77767616722
2026-06-10,2026-06-10 22:49:56 UTC,44,ONDS,Ondas Holdings Inc.,41756684,-3.52,9.31,9.98,9.3,7.049999999999999,0.0823,4725801861
2026-06-10,2026-06-10 22:49:56 UTC,45,IREN,IREN Ltd,40325021,-4.63,51.52,56.46,51.22,9.700000000000001,0.1128,18412149284
2026-06-10,2026-06-10 22:49:56 UTC,46,CPNG,Coupang Inc,39366105,-4.97,15.12,16.02,15.04,6.1,0.0219,27141370719
2026-06-10,2026-06-10 22:49:56 UTC,47,SNBR,Sleep Number,38674933,27.08,0.7429,0.975,0.5818,67.25999999999999,1.6779,17123102
2026-06-10,2026-06-10 22:49:56 UTC,48,AMZN,Amazon Com,38494465,-2.53,238.0,244.07,237.45,2.7,0.0036,2560192045768
2026-06-10,2026-06-10 22:49:56 UTC,49,TE,T1 Energy,38148609,-8.63,7.73,8.76,7.64,13.239999999999998,0.1367,2157200100
2026-06-10,2026-06-10 22:49:56 UTC,50,AVGO,Broadcom Inc,38068303,-5.12,372.1,385.81,371.17,3.73,0.008,1761770031266
2026-06-10,2026-06-10 22:49:56 UTC,51,BAC,Bank of America Corp,37020932,0.22,54.54,55.3,54.22,1.9800000000000002,0.0052,387048054105
2026-06-10,2026-06-10 22:49:56 UTC,52,ACHR,Archer Aviation Inc,36741369,-5.08,5.05,5.36,5.04,6.02,0.0484,3835969945
2026-06-10,2026-06-10 22:49:56 UTC,53,BBAI,BIGBEAR AI HLDGS INC,36543662,0.75,4.02,4.19,3.915,6.890000000000001,0.0763,1925376789
2026-06-10,2026-06-10 22:49:56 UTC,54,NFLX,Netflix Inc,36263566,0.72,82.0,82.75,80.98,2.17,0.0086,345285479296
2026-06-10,2026-06-10 22:49:56 UTC,55,SPCE,Virgin Galactic Holdings Inc,34909195,2.6100000000000003,4.71,4.92,4.27,14.16,0.3467,474218992
2026-06-10,2026-06-10 22:49:56 UTC,56,HXHX,HAOXIN HLDGS LTD,34511852,73.26,0.88,1.03,0.5653,91.49000000000001,2.51,12100000
2026-06-10,2026-06-10 22:49:56 UTC,57,GOSS,Gossamer Bio,34003905,-2.5,0.156,0.1655,0.14,15.939999999999998,0.1449,36612619
2026-06-10,2026-06-10 22:49:56 UTC,58,SNAP,Snap Inc,33784933,-3.7600000000000002,5.38,5.52,5.31,3.7600000000000002,0.0204,8915525824
2026-06-10,2026-06-10 22:49:56 UTC,59,MARA,MARA Holdings Inc,33227992,-5.18,12.62,13.6,12.62,7.359999999999999,0.0872,4811633747
2026-06-10,2026-06-10 22:49:56 UTC,60,HPE,Hewlett Packard Enterprise Co,33200285,-5.76,45.49,47.97,44.91,6.32,0.0251,60238018170
2026-06-10,2026-06-10 22:49:56 UTC,61,SIRI,Sirius XM Holdings,32771396,-0.06999999999999999,27.59,27.92,26.92,3.5900000000000003,0.0974,9287344034
2026-06-10,2026-06-10 22:49:56 UTC,62,RGTI,Rigetti Computing Inc,32558261,-1.24,19.45,20.84,19.38,7.4399999999999995,0.0979,6463494802
2026-06-10,2026-06-10 22:49:56 UTC,63,MSFT,Microsoft Corp,32500394,-1.5,397.36,405.04,397.16,1.95,0.0044,2951762813981
2026-06-10,2026-06-10 22:49:56 UTC,64,GOOGL,Alphabet Inc,32296949,-2.16,356.38,368.56,355.2,3.66,0.0027,4317821923727
2026-06-10,2026-06-10 22:49:56 UTC,65,SRXH,SRX Health Solutions Inc,31835543,3.9600000000000004,0.126,0.1295,0.119,8.66,0.0539,74372100
2026-06-10,2026-06-10 22:49:56 UTC,66,BIYA,Baiya International Group Inc,31794200,36.35,1.21,1.676,0.8661,91.21000000000001,5.4008,7123175
2026-06-10,2026-06-10 22:49:56 UTC,67,CDE,Coeur Mng Inc,31439914,-4.2299999999999995,15.41,16.14,15.4,4.6,0.0305,15892871209
2026-06-10,2026-06-10 22:49:56 UTC,68,RDW,Redwire Corporation,31029309,-5.59,14.87,16.01,14.81,7.62,0.156,2957921485
2026-06-10,2026-06-10 22:49:56 UTC,69,PLTR,Palantir Technologies Inc,30505952,-1.41,130.21,133.19,128.8,3.32,0.0127,312153992525
2026-06-10,2026-06-10 22:49:56 UTC,70,BMNR,Bitmine Immersion Technologies Inc,30436003,-3.46,15.64,16.42,15.53,5.489999999999999,0.0566,8408514729
2026-06-10,2026-06-10 22:49:56 UTC,71,ABEV,Ambev,30412278,-0.32,3.11,3.14,3.1,1.28,0.002,48505718340
2026-06-10,2026-06-10 22:49:56 UTC,72,PFE,Pfizer,30350420,-0.38999999999999996,25.6,25.85,25.58,1.05,0.0053,145905770726
2026-06-10,2026-06-10 22:49:56 UTC,73,AUR,Aurora Innovation Inc,29968040,-1.79,6.05,6.22,5.99,3.73,0.0153,11865278688
2026-06-10,2026-06-10 22:49:56 UTC,74,NVTS,Navitas Semiconductor Corp,29910284,-10.280000000000001,20.5,22.97,20.41,11.16,0.128,4791119903
2026-06-10,2026-06-10 22:49:56 UTC,75,UWMC,Uwm Holdings Corporation,29540564,-2.02,2.43,2.48,2.365,4.64,0.0185,3890644138
2026-06-10,2026-06-10 22:49:56 UTC,76,DKNG,Draftkings Inc,28860322,4.35,28.79,29.95,27.95,7.249999999999999,0.0582,14283548641
2026-06-10,2026-06-10 22:49:56 UTC,77,JOBY,Joby Aviation Inc,28763195,-4.42,8.86,9.33,8.83,5.390000000000001,0.0292,8715075668
2026-06-10,2026-06-10 22:49:56 UTC,78,BB,Blackberry,28295404,-0.22999999999999998,8.82,9.32,8.7,6.959999999999999,0.0483,5169061609
2026-06-10,2026-06-10 22:49:56 UTC,79,WULF,Terawulf Inc,28035048,-8.34,23.19,25.6,23.06,10.0,0.0566,11491402037
2026-06-10,2026-06-10 22:49:56 UTC,80,MSW,Ming Shing Group Holdings Limited,28034024,2.27,1.35,2.18,1.22,72.72999999999999,2.1606,17516250
2026-06-10,2026-06-10 22:49:56 UTC,81,SKYQ,Sky Quarry Inc,27884819,22.439999999999998,1.91,2.119,1.46,42.25,5.8159,9157773
2026-06-10,2026-06-10 22:49:56 UTC,82,SMR,NuScale Power Corporation,27874211,-7.1,9.29,10.19,9.28,9.15,0.0763,3395319939
2026-06-10,2026-06-10 22:49:56 UTC,83,RXT,"Rackspace Technology, Inc.",27784068,13.41,5.29,5.9,4.54,29.18,0.1115,1317140907
2026-06-10,2026-06-10 22:49:56 UTC,84,FRSH,Freshworks Inc.,27777267,0.11,9.39,9.62,9.12,5.28,0.1005,2595716828
2026-06-10,2026-06-10 22:49:56 UTC,85,AMD,Advanced Micro Devices Inc,27657402,-4.859999999999999,452.4,477.45,448.33,6.12,0.017,737683729083
2026-06-10,2026-06-10 22:49:56 UTC,86,BURU,Nuburu,27331756,-1.63,0.1451,0.156,0.1436,8.41,0.1527,25975893
2026-06-10,2026-06-10 22:49:56 UTC,87,AZI,Autozi Internet Technology (Global) Ltd.,27244701,27.029999999999998,2.35,3.75,2.14,87.02,5.9873,10693519
2026-06-10,2026-06-10 22:49:56 UTC,88,JBLU,Jetblue Awys Corp,27172651,-6.3,4.61,4.87,4.6,5.489999999999999,0.073,1715007101
2026-06-10,2026-06-10 22:49:56 UTC,89,HBAN,Huntington Bancshares Inc,26573382,0.12,16.84,17.13,16.73,2.35,0.0131,34136879085
2026-06-10,2026-06-10 22:49:56 UTC,90,CLOV,Clover Health Investments Corp,26249171,13.99,4.89,5.14,4.53,14.219999999999999,0.0498,2575486344
2026-06-10,2026-06-10 22:49:56 UTC,91,HWH,HWH International,26085319,15.920000000000002,1.42,2.6,1.42,96.33,3.489,10616488
2026-06-10,2026-06-10 22:49:56 UTC,92,BULL,Webull,25854989,11.27,6.12,6.3,5.41,16.18,0.0486,3254730229
2026-06-10,2026-06-10 22:49:56 UTC,93,SOUN,SOUNDHOUND AI INC,25747612,-3.85,6.75,7.17,6.75,5.9799999999999995,0.0595,2921195036
2026-06-10,2026-06-10 22:49:56 UTC,94,VZ,Verizon Comms,25234605,2.56,46.95,47.03,45.95,2.35,0.006,196042490824
2026-06-10,2026-06-10 22:49:56 UTC,95,NIO,Nio Inc.,25150573,-1.8900000000000001,5.18,5.31,5.15,3.0,0.01,12979355173
2026-06-10,2026-06-10 22:49:56 UTC,96,RIVN,"Rivian Automotive, Inc. / De",24995244,-6.17,14.76,15.8,14.65,7.340000000000001,0.0198,18603843096
2026-06-10,2026-06-10 22:49:56 UTC,97,STLA,Stellantis N.V,24993173,-6.68,6.57,6.89,6.56,4.62,0.0086,19036626016
2026-06-10,2026-06-10 22:49:56 UTC,98,CCHH,CCH Holdings Ltd.,24653685,0.22999999999999998,0.346,0.4321,0.3005,36.620000000000005,0.6171,13822700
2026-06-10,2026-06-10 22:49:56 UTC,99,NVNI,Nvni Group Limited,24342884,-8.690000000000001,0.913,1.16,0.854,30.599999999999998,2.082,10674917
2026-06-10,2026-06-10 22:49:56 UTC,100,ALIT,Alight Inc.,24324586,-6.09,0.6542,0.6949,0.6501,6.43,0.0453,351463703
2026-06-11,2026-06-11 22:50:00 UTC,1,ADTX,Aditxt Inc,635807311,-29.73,0.013,0.0185,0.0121,34.589999999999996,779.2511,10606
2026-06-11,2026-06-11 22:50:00 UTC,2,TOVX,THERIVA BIOLOGICS INC,289640574,26.08,0.307,0.446,0.2802,68.08999999999999,6.3113,14089049
2026-06-11,2026-06-11 22:50:00 UTC,3,SMCI,Super Micro Computer Inc,250811977,9.22,31.97,32.05,28.61,11.75,0.417,19227348869
2026-06-11,2026-06-11 22:50:00 UTC,4,HKIT,HiTek Global Inc.,221710308,28.21,0.559,0.9131,0.48,99.33,22.948,5400734
2026-06-11,2026-06-11 22:50:00 UTC,5,INTC,Intel Corp,187932404,9.27,116.96,119.44,110.51,8.34,0.0374,587840960000
2026-06-11,2026-06-11 22:50:00 UTC,6,PPCB,Propanc Bio,174461567,80.0,2.43,6.79,2.41,324.44,76.5731,5536443
2026-06-11,2026-06-11 22:50:00 UTC,7,RUBI,Rubico Inc,164919838,31.979999999999997,0.6203,1.07,0.4828,124.94000000000001,50.5424,2024037
2026-06-11,2026-06-11 22:50:00 UTC,8,NVDA,Nvidia Corporation,158223340,2.22,204.87,205.66,199.54,3.05,0.0065,4957854000000
2026-06-11,2026-06-11 22:50:00 UTC,9,AAL,American Airline,155131708,9.17,14.65,14.66,13.31,10.059999999999999,0.2346,9689292257
2026-06-11,2026-06-11 22:50:00 UTC,10,GELS,Gelteq Limited,152897871,197.38,1.53,2.01,0.5088,291.78000000000003,14.2748,16387920
2026-06-11,2026-06-11 22:50:00 UTC,11,CCHH,CCH Holdings Ltd.,135524741,50.32,0.5201,1.02,0.47,158.95999999999998,3.3924,20777995
2026-06-11,2026-06-11 22:50:00 UTC,12,SPCE,Virgin Galactic Holdings Inc,123334108,21.66,5.73,6.17,4.63,32.7,1.225,576916099
2026-06-11,2026-06-11 22:50:00 UTC,13,RKDA,Arcadia Bioscien,121862700,18.44,1.07,1.94,0.97,107.37,59.2463,2200865
2026-06-11,2026-06-11 22:50:00 UTC,14,CPOP,"Pop Culture Group Co., Ltd",119864606,-30.919999999999998,1.05,1.65,0.24,92.75999999999999,1.4629,86035993
2026-06-11,2026-06-11 22:50:00 UTC,15,GLXG,Galaxy Payroll Group Ltd,113788735,113.09,2.08,4.79,2.02,281.73,19.0872,12399951
2026-06-11,2026-06-11 22:50:00 UTC,16,NOK,Nokia,93982881,5.1499999999999995,14.09,14.17,13.4,5.779999999999999,0.0168,78801313193
2026-06-11,2026-06-11 22:50:00 UTC,17,CPNG,Coupang Inc,76457951,14.09,17.25,17.32,15.84,9.81,0.0426,30964857467
2026-06-11,2026-06-11 22:50:00 UTC,18,RDW,Redwire Corporation,70090360,14.93,17.09,17.28,14.7,17.25,0.2637,4541675925
2026-06-11,2026-06-11 22:50:00 UTC,19,YYGH,YY Group Holdings,69715004,-25.45,0.123,0.14,0.118,13.209999999999999,7.4391,1152681
2026-06-11,2026-06-11 22:50:00 UTC,20,SOFI,Sofi Technologies Inc,67907387,5.04,16.67,16.69,15.66,6.52,0.0529,21383295804
2026-06-11,2026-06-11 22:50:00 UTC,21,LYG,Lloyds Banking,64188520,5.04,5.42,5.42,5.19,4.46,0.0044,79080795297
2026-06-11,2026-06-11 22:50:00 UTC,22,GRAB,Grab Holdings Limited,63951372,2.45,3.35,3.37,3.18,5.81,0.0156,13701500000
2026-06-11,2026-06-11 22:50:00 UTC,23,ORCL,Oracle Corp,63583796,-8.53,184.1,184.77,175.28,4.72,0.0221,529480068600
2026-06-11,2026-06-11 22:50:00 UTC,24,EDHL,EVERBRIGHT DIGITAL HLDG LTD,63271658,70.86,5.98,17.49,5.85,332.0,37.9719,9964324
2026-06-11,2026-06-11 22:50:00 UTC,25,WTO,Utime Ltd,59797215,-14.99,0.8501,2.35,0.8,155.0,1.1505,44182993
2026-06-11,2026-06-11 22:50:00 UTC,26,AMC,Amc Entmt Hldgs Inc,59726912,9.62,2.28,2.32,2.05,12.98,0.0792,1719511523
2026-06-11,2026-06-11 22:50:00 UTC,27,MU,Micron Technology Inc,59058023,11.66,995.87,996.77,895.5,11.35,0.0524,1123076509369
2026-06-11,2026-06-11 22:50:00 UTC,28,BATL,Battalion Oil Corp,57642918,-31.069999999999997,1.42,2.08,1.4,33.01,2.6179,31266765
2026-06-11,2026-06-11 22:50:00 UTC,29,MRVL,Marvell Technology Inc,57033535,11.129999999999999,280.71,282.32,258.43,9.46,0.0652,245565108000
2026-06-11,2026-06-11 22:50:00 UTC,30,NTCL,Netclass Technology Inc.,56318057,-86.25,0.4,3.1,0.23,98.63,0.9395,23977161
2026-06-11,2026-06-11 22:50:00 UTC,31,NU,Nu Hldgs Ltd,51725129,4.04,12.09,12.09,11.51,4.99,0.0106,58778451724
2026-06-11,2026-06-11 22:50:00 UTC,32,LASE,Laser Photonics Corp,48851793,12.09,2.41,2.85,2.38,21.86,1.2666,92949513
2026-06-11,2026-06-11 22:50:00 UTC,33,IREN,IREN Ltd,48744116,10.07,56.71,57.09,50.75,12.29,0.1364,20266944602
2026-06-11,2026-06-11 22:50:00 UTC,34,KEEL,Keel Infrastructure Corp,48454385,5.140000000000001,5.52,5.57,5.04,10.100000000000001,0.0803,3332123303
2026-06-11,2026-06-11 22:50:00 UTC,35,F,Ford Mtr Co Del,47632087,2.87,14.71,14.78,14.1,4.760000000000001,0.012,58614828587
2026-06-11,2026-06-11 22:50:00 UTC,36,MSFT,Microsoft Corp,47157633,-1.77,390.34,396.85,384.0,3.2300000000000004,0.0063,2899615202359
2026-06-11,2026-06-11 22:50:00 UTC,37,RGTI,Rigetti Computing Inc,46624325,6.09,20.63,21.23,19.16,10.61,0.1403,6857387388
2026-06-11,2026-06-11 22:50:00 UTC,38,PLUG,Plug Power,46392038,-1.05,2.83,2.885,2.74,5.07,0.0333,3948045502
2026-06-11,2026-06-11 22:50:00 UTC,39,PATH,Uipath Inc,45336578,-0.9299999999999999,10.65,10.74,10.31,4.05,0.0875,5517980832
2026-06-11,2026-06-11 22:50:00 UTC,40,PFE,Pfizer,45241978,2.23,26.17,26.48,25.79,2.7,0.0079,149154453902
2026-06-11,2026-06-11 22:50:00 UTC,41,TSLA,Tesla Inc,45175203,4.6,399.15,399.54,380.66,4.95,0.012,1499097183109
2026-06-11,2026-06-11 22:50:00 UTC,42,ONDS,Ondas Holdings Inc.,44794696,5.59,9.83,9.9,9.26,6.819999999999999,0.0871,5057496407
2026-06-11,2026-06-11 22:50:00 UTC,43,TE,T1 Energy,43840320,9.569999999999999,8.47,8.59,7.36,15.85,0.1571,2363710847
2026-06-11,2026-06-11 22:50:00 UTC,44,AAPL,Apple Inc,42541776,1.39,295.63,297.0,289.59,2.54,0.0029,4342023054280
2026-06-11,2026-06-11 22:50:00 UTC,45,ACHR,Archer Aviation Inc,42426416,4.95,5.3,5.32,4.93,7.720000000000001,0.0559,4025869447
2026-06-11,2026-06-11 22:50:00 UTC,46,OTLK,Outlook Therapeutics Inc,41887130,23.599999999999998,1.1,1.17,0.928,27.189999999999998,0.2616,176163408
2026-06-11,2026-06-11 22:50:00 UTC,47,AMZN,Amazon Com,41290019,1.47,241.51,242.14,235.18,2.92,0.0038,2597949499888
2026-06-11,2026-06-11 22:50:00 UTC,48,HOOD,"Robinhood Markets, Inc.",38858268,6.800000000000001,92.23,93.64,85.72,9.17,0.0432,83053581407
2026-06-11,2026-06-11 22:50:00 UTC,49,WOK,WORK Medical Technology Group LTD,38521702,-8.5,0.0915,0.096,0.09,6.0,22.3365,157801
2026-06-11,2026-06-11 22:50:00 UTC,50,T,At&T,38132856,-0.8999999999999999,23.0,23.37,22.99,1.6400000000000001,0.0055,159811793205
2026-06-11,2026-06-11 22:50:00 UTC,51,PAVS,Paranovus Entertainment Technology Ord Shs Class A,37126803,-42.0,0.29,0.3771,0.28,19.42,23.8136,452388
2026-06-11,2026-06-11 22:50:00 UTC,52,PCT,Purecycle Technologies Inc,37114910,-8.75,9.02,9.09,8.01,10.57,0.2052,1631389221
2026-06-11,2026-06-11 22:50:00 UTC,53,OPEN,Opendoor Technologies Inc,37032723,-0.22,4.47,4.605,4.34,5.92,0.0384,4312372745
2026-06-11,2026-06-11 22:50:00 UTC,54,BTG,B2Gold,36512985,5.41,4.09,4.14,3.88,6.7,0.0273,5463878264
2026-06-11,2026-06-11 22:50:00 UTC,55,SMR,NuScale Power Corporation,36178074,3.01,9.57,9.79,9.12,7.21,0.099,3497654662
2026-06-11,2026-06-11 22:50:00 UTC,56,BMNR,Bitmine Immersion Technologies Inc,36145148,5.63,16.52,16.54,15.35,7.53,0.0672,8881628089
2026-06-11,2026-06-11 22:50:00 UTC,57,SHFS,SHF Holdings Inc,35827820,-24.759999999999998,0.237,0.3099,0.237,23.14,5.5497,1530023
2026-06-11,2026-06-11 22:50:00 UTC,58,GOOGL,Alphabet Inc,35488936,0.38999999999999996,357.77,358.8,346.36,3.49,0.0029,4334662858892
2026-06-11,2026-06-11 22:50:00 UTC,59,UWMC,Uwm Holdings Corporation,35269426,-1.6500000000000001,2.39,2.46,2.28,7.41,0.022,3826600613
2026-06-11,2026-06-11 22:50:00 UTC,60,AVGO,Broadcom Inc,35138757,3.62,385.57,389.5,370.55,5.08,0.0074,1834380196942
2026-06-11,2026-06-11 22:50:00 UTC,61,MARA,MARA Holdings Inc,34786456,7.84,13.61,13.68,12.5,9.33,0.0912,5189091545
2026-06-11,2026-06-11 22:50:00 UTC,62,GPUS,Hyperscale Data Inc.,34684230,-2.32,0.1681,0.18,0.1546,14.760000000000002,0.0715,81598517
2026-06-11,2026-06-11 22:50:00 UTC,63,NFLX,Netflix Inc,33378511,-0.89,81.27,82.1,80.09,2.45,0.0079,342211596370
2026-06-11,2026-06-11 22:50:00 UTC,64,CDE,Coeur Mng Inc,32648364,6.419999999999999,16.4,16.5,15.23,8.21,0.0317,16913892786
2026-06-11,2026-06-11 22:50:00 UTC,65,BURU,Nuburu,32322486,8.68,0.1577,0.158,0.1371,14.399999999999999,0.1806,28231553
2026-06-11,2026-06-11 22:50:00 UTC,66,SNAP,Snap Inc,32294495,-0.9299999999999999,5.33,5.34,5.11,4.279999999999999,0.0195,8832667778
2026-06-11,2026-06-11 22:50:00 UTC,67,ABEV,Ambev,31916219,3.54,3.22,3.24,3.14,3.2199999999999998,0.002,50221354680
2026-06-11,2026-06-11 22:50:00 UTC,68,BAC,Bank of America Corp,31742685,1.1400000000000001,55.16,55.31,54.07,2.26,0.0045,391447940309
2026-06-11,2026-06-11 22:50:00 UTC,69,GERN,Geron Corp,31735166,3.64,1.14,1.22,1.08,12.27,0.0495,731333910
2026-06-11,2026-06-11 22:50:00 UTC,70,JBLU,Jetblue Awys Corp,30719154,8.03,4.98,5.0,4.555,9.65,0.0826,1852654092
2026-06-11,2026-06-11 22:50:00 UTC,71,AMD,Advanced Micro Devices Inc,30408424,7.969999999999999,488.45,490.46,458.02,7.17,0.0186,796466882119
2026-06-11,2026-06-11 22:50:00 UTC,72,BBAI,BIGBEAR AI HLDGS INC,30179612,2.9899999999999998,4.14,4.15,3.91,5.970000000000001,0.063,1982850723
2026-06-11,2026-06-11 22:50:00 UTC,73,CCL,Carnival Corporation Ltd.,29979495,8.200000000000001,28.12,28.17,25.65,9.700000000000001,0.0242,34840685961
2026-06-11,2026-06-11 22:50:00 UTC,74,WULF,Terawulf Inc,29889566,9.31,25.35,25.41,23.24,9.36,0.0603,12561752550
2026-06-11,2026-06-11 22:50:00 UTC,75,BB,Blackberry,29661449,5.33,9.29,9.34,8.75,6.69,0.0506,5444510471
2026-06-11,2026-06-11 22:50:00 UTC,76,HUMA,Humacyte Inc,29464303,-19.400000000000002,1.08,1.1,1.0,7.46,0.1327,239780636
2026-06-11,2026-06-11 22:50:00 UTC,77,SIDU,Sidus Space Inc,29373650,11.42,4.39,4.55,3.91,16.24,0.3017,427366025
2026-06-11,2026-06-11 22:50:00 UTC,78,RIVN,"Rivian Automotive, Inc. / De",28982380,5.28,15.54,15.64,14.48,7.84,0.023,19586973015
2026-06-11,2026-06-11 22:50:00 UTC,79,RKT,Rocket Companies Inc,28773909,7.1,13.43,13.56,12.36,9.49,0.0102,37999241166
2026-06-11,2026-06-11 22:50:00 UTC,80,GOOG,Alphabet Inc,28737530,0.9199999999999999,356.56,358.01,343.63,4.07,0.0024,4320002764252
2026-06-11,2026-06-11 22:50:00 UTC,81,KDP,Keurig Dr Pepper Inc,28690392,-1.48,31.23,31.6,31.02,1.83,0.0211,42490272279
2026-06-11,2026-06-11 22:50:00 UTC,82,NOW,Servicenow Inc,28226425,-2.81,103.08,105.12,101.33,3.5700000000000003,0.0274,106307228640
2026-06-11,2026-06-11 22:50:00 UTC,83,VALE,Vale S A,27959059,2.88,15.36,15.48,14.96,3.52,0.0066,65503238446
2026-06-11,2026-06-11 22:50:00 UTC,84,POET,Poet Technologies Inc,27747645,2.5100000000000002,11.25,11.68,10.56,10.209999999999999,0.1608,1941698317
2026-06-11,2026-06-11 22:50:00 UTC,85,PLTR,Palantir Technologies Inc,27453071,0.67,131.08,131.52,127.17,3.3300000000000005,0.0115,314239653945
2026-06-11,2026-06-11 22:50:00 UTC,86,SOUN,SOUNDHOUND AI INC,27381991,3.6999999999999997,7.0,7.02,6.53,7.26,0.0633,3029387445
2026-06-11,2026-06-11 22:50:00 UTC,87,VZ,Verizon Comms,26878883,-0.02,46.94,48.06,46.9,2.4699999999999998,0.0064,196000735235
2026-06-11,2026-06-11 22:50:00 UTC,88,JOBY,Joby Aviation Inc,26835746,5.64,9.36,9.41,8.72,7.7299999999999995,0.0273,9206897094
2026-06-11,2026-06-11 22:50:00 UTC,89,NIO,Nio Inc.,26678821,0.97,5.23,5.29,5.14,2.9000000000000004,0.0106,13104638525
2026-06-11,2026-06-11 22:50:00 UTC,90,ALIT,Alight Inc.,26421179,4.54,0.6839,0.7073,0.6502,8.74,0.0492,367419790
2026-06-11,2026-06-11 22:50:00 UTC,91,SRXH,SRX Health Solutions Inc,26266501,-0.16,0.1258,0.1272,0.1203,5.56,0.0445,74254049
2026-06-11,2026-06-11 22:50:00 UTC,92,RIG,Transocean,26152829,0.33,6.03,6.17,5.92,4.08,0.0234,6732140291
2026-06-11,2026-06-11 22:50:00 UTC,93,BYAH,PARK HA BIOLOGICAL TECHNOLOGY,26115865,-15.32,1.05,1.32,1.025,23.79,8.1093,3381550
2026-06-11,2026-06-11 22:50:00 UTC,94,AUR,Aurora Innovation Inc,26099538,-1.32,5.97,6.11,5.81,4.96,0.0133,11708382441
2026-06-11,2026-06-11 22:50:00 UTC,95,HBAN,Huntington Bancshares Inc,26040715,2.1999999999999997,17.21,17.24,16.85,2.29,0.0128,34886917402
2026-06-11,2026-06-11 22:50:00 UTC,96,RKLB,Rocket Lab Usa Inc,25807732,9.26,114.78,115.05,105.4,9.180000000000001,0.0446,66442408780
2026-06-11,2026-06-11 22:50:00 UTC,97,DNN,Denison Mines,25798121,6.01,3.0,3.04,2.86,6.36,0.0285,2715050886
2026-06-11,2026-06-11 22:50:00 UTC,98,DVLT,Datavault AI Inc,25760651,-0.63,0.3918,0.3996,0.38,4.97,0.0301,335209189
2026-06-11,2026-06-11 22:50:00 UTC,99,CMCSA,Comcast Corp,25580588,0.0,23.97,24.28,23.87,1.69,0.0072,85626318511
2026-06-11,2026-06-11 22:50:00 UTC,100,BYND,Beyond Meat,25513661,3.15,0.7038,0.712,0.6726,5.7700000000000005,0.0495,362697975
2026-06-12,2026-06-12 21:49:58 UTC,1,ADTX,Aditxt Inc,1225349122,-2.31,0.0127,0.0196,0.0118,60.0,1501.7987,10362
2026-06-12,2026-06-12 21:49:58 UTC,2,SPCX,Space Exploration Technologies Corp,520354890,19.220000000000002,160.95,176.52,149.34,19.64,0.0398,2104560499916
2026-06-12,2026-06-12 21:49:58 UTC,3,DFNS,T3 Defense Inc,370022883,-9.2,0.233,0.3468,0.22,49.419999999999995,5.42,15907032
2026-06-12,2026-06-12 21:49:58 UTC,4,RUBI,Rubico Inc,265121708,-24.62,0.4676,1.24,0.465,124.94000000000001,81.251,1525777
2026-06-12,2026-06-12 21:49:58 UTC,5,CAST,Freecast Inc,209751722,140.68,1.55,2.0,0.5802,220.47,5.0736,64079811
2026-06-12,2026-06-12 21:49:58 UTC,6,AAL,American Airline,153320262,2.25,14.98,15.02,14.52,3.4099999999999997,0.2318,9907549352
2026-06-12,2026-06-12 21:49:58 UTC,7,INTC,Intel Corp,151236051,6.510000000000001,124.57,127.6,115.33,10.489999999999998,0.0301,626088820000
2026-06-12,2026-06-12 21:49:58 UTC,8,SPCE,Virgin Galactic Holdings Inc,147254738,-31.759999999999998,3.91,5.0,3.56,25.119999999999997,1.4626,393672242
2026-06-12,2026-06-12 21:49:58 UTC,9,SHFS,SHF Holdings Inc,136533864,16.46,0.276,0.4781,0.238,101.30999999999999,21.149,1781799
2026-06-12,2026-06-12 21:49:58 UTC,10,SRXH,SRX Health Solutions Inc,123391209,17.65,0.148,0.1534,0.1251,22.02,0.209,87357705
2026-06-12,2026-06-12 21:49:58 UTC,11,NOK,Nokia,117717759,5.04,14.8,15.07,14.24,5.93,0.021,82772138769
2026-06-12,2026-06-12 21:49:58 UTC,12,NVDA,Nvidia Corporation,112080117,0.16,205.19,207.07,203.44,1.77,0.0046,4965598000000
2026-06-12,2026-06-12 21:49:58 UTC,13,BYAH,PARK HA BIOLOGICAL TECHNOLOGY,104904059,40.0,1.47,3.64,1.37,216.19000000000003,32.5736,4734170
2026-06-12,2026-06-12 21:49:58 UTC,14,CPOP,"Pop Culture Group Co., Ltd",98052024,-81.43,0.195,0.273,0.1736,9.47,1.1966,15978112
2026-06-12,2026-06-12 21:49:58 UTC,15,PAVS,Paranovus Entertainment Technology Ord Shs Class A,89765221,-28.28,0.208,0.2705,0.1788,31.619999999999997,57.5432,324471
2026-06-12,2026-06-12 21:49:58 UTC,16,VSME,VS MEDIA Holdings,89276831,52.25,1.69,2.34,1.52,73.86,32.2874,4672968
2026-06-12,2026-06-12 21:49:58 UTC,17,SMCI,Super Micro Computer Inc,84581135,-4.72,30.46,31.81,29.45,7.35,0.1406,18319206961
2026-06-12,2026-06-12 21:49:58 UTC,18,CUPR,Cuprina Holdings (Cayman) Limited,83329686,64.73,3.97,8.23,3.21,207.88000000000002,31.0787,10644562
2026-06-12,2026-06-12 21:49:58 UTC,19,YYGH,YY Group Holdings,74794931,-3.25,0.119,0.1227,0.1077,12.2,7.9812,1115195
2026-06-12,2026-06-12 21:49:58 UTC,20,RDW,Redwire Corporation,64015738,-11.53,15.12,16.44,14.72,10.01,0.2409,4018147454
2026-06-12,2026-06-12 21:49:58 UTC,21,TSLA,Tesla Inc,63569194,1.82,406.43,406.68,386.76,4.99,0.0169,1526438852890
2026-06-12,2026-06-12 21:49:58 UTC,22,RKLB,Rocket Lab Usa Inc,63190635,-10.79,102.39,118.38,99.61,16.35,0.1092,59270240765
2026-06-12,2026-06-12 21:49:58 UTC,23,WOK,WORK Medical Technology Group LTD,59054981,-17.7,0.0753,0.0887,0.059,31.480000000000004,34.2426,129862
2026-06-12,2026-06-12 21:49:58 UTC,24,ONDS,Ondas Holdings Inc.,55144413,-5.09,9.33,9.88,9.18,7.1,0.1072,4800248370
2026-06-12,2026-06-12 21:49:58 UTC,25,ASTS,Ast Spacemobile Inc,55031697,-15.53,82.41,97.73,81.5,16.64,0.1418,31985345978
2026-06-12,2026-06-12 21:49:58 UTC,26,KEEL,Keel Infrastructure Corp,54656973,1.27,5.59,6.06,5.51,9.87,0.0905,3374378490
2026-06-12,2026-06-12 21:49:58 UTC,27,AMZN,Amazon Com,51208038,-1.23,238.55,243.36,233.59,4.03,0.0048,2566108455957
2026-06-12,2026-06-12 21:49:58 UTC,28,GRAB,Grab Holdings Limited,50491713,-1.49,3.3,3.39,3.26,3.88,0.0123,13497000000
2026-06-12,2026-06-12 21:49:58 UTC,29,SOFI,Sofi Technologies Inc,50351461,-0.54,16.58,16.91,16.23,4.02,0.0393,21267849096
2026-06-12,2026-06-12 21:49:58 UTC,30,SATS,Echostar Corp,50159511,-10.97,114.08,131.22,106.56,19.25,0.1731,33061922711
2026-06-12,2026-06-12 21:49:58 UTC,31,PLUG,Plug Power,49685877,-2.4699999999999998,2.76,2.85,2.69,5.65,0.0356,3850390666
2026-06-12,2026-06-12 21:49:58 UTC,32,AMC,Amc Entmt Hldgs Inc,45637988,2.63,2.34,2.41,2.19,9.65,0.0605,1764761827
2026-06-12,2026-06-12 21:49:58 UTC,33,IREN,IREN Ltd,45386463,5.4,59.77,61.4,55.94,9.629999999999999,0.127,21360523344
2026-06-12,2026-06-12 21:49:58 UTC,34,HKIT,HiTek Global Inc.,45197854,-10.11,0.5025,0.64,0.4701,29.770000000000003,4.6782,4854864
2026-06-12,2026-06-12 21:49:58 UTC,35,F,Ford Mtr Co Del,42158647,0.88,14.84,15.0,14.61,2.65,0.0106,59132838629
2026-06-12,2026-06-12 21:49:58 UTC,36,MRVL,Marvell Technology Inc,42080679,-0.36,279.7,287.98,267.31,7.359999999999999,0.0481,244681560000
2026-06-12,2026-06-12 21:49:58 UTC,37,AUR,Aurora Innovation Inc,41847315,2.68,6.13,6.14,5.81,5.53,0.0213,12022174935
2026-06-12,2026-06-12 21:49:58 UTC,38,RZLV,Rezolve Ai,41772314,5.93,2.68,2.99,2.655,13.239999999999998,0.1047,1068857933
2026-06-12,2026-06-12 21:49:58 UTC,39,MARA,MARA Holdings Inc,41769998,3.45,14.08,14.72,13.62,8.05,0.1096,5368288682
2026-06-12,2026-06-12 21:49:58 UTC,40,MU,Micron Technology Inc,40826693,-1.43,981.61,1012.62,960.19,5.26,0.0362,1106995021802
2026-06-12,2026-06-12 21:49:58 UTC,41,PATH,Uipath Inc,40767142,-0.9400000000000001,10.55,10.7,10.07,5.92,0.0787,5466168806
2026-06-12,2026-06-12 21:49:58 UTC,42,DVLT,Datavault AI Inc,39601465,-8.88,0.357,0.3924,0.353,10.059999999999999,0.0463,305435632
2026-06-12,2026-06-12 21:49:58 UTC,43,T,At&T,38868315,2.52,23.58,23.61,23.07,2.34,0.0056,163841829729
2026-06-12,2026-06-12 21:49:58 UTC,44,CPNG,Coupang Inc,38833327,-2.4899999999999998,16.82,17.1,16.31,4.41,0.0216,30192979860
2026-06-12,2026-06-12 21:49:58 UTC,45,PFE,Pfizer,38765013,0.15,26.21,26.49,26.11,1.4500000000000002,0.0068,149382431669
2026-06-12,2026-06-12 21:49:58 UTC,46,AAPL,Apple Inc,38759765,-1.52,291.13,297.14,289.62,2.54,0.0026,4275929952280
2026-06-12,2026-06-12 21:49:58 UTC,47,OTLK,Outlook Therapeutics Inc,37828321,10.91,1.22,1.31,1.12,17.27,0.2362,195381234
2026-06-12,2026-06-12 21:49:58 UTC,48,LYG,Lloyds Banking,36910932,1.48,5.5,5.51,5.42,1.66,0.0025,80248039509
2026-06-12,2026-06-12 21:49:58 UTC,49,CRWV,"CoreWeave, Inc.",36245052,5.0200000000000005,100.55,105.55,97.22,8.7,0.0664,54857098290
2026-06-12,2026-06-12 21:49:58 UTC,50,GMM,Global Mofy AI Ltd,36202995,16.669999999999998,3.36,4.75,3.12,56.58,29.0747,4183774
2026-06-12,2026-06-12 21:49:58 UTC,51,PLTR,Palantir Technologies Inc,35409261,-2.36,127.99,131.09,126.65,3.39,0.0148,306831959936
2026-06-12,2026-06-12 21:49:58 UTC,52,UBXG,U-BX Technology Ltd.,35364479,64.3,7.87,9.92,5.15,99.58,19.4521,14307911
2026-06-12,2026-06-12 21:49:58 UTC,53,NFLX,Netflix Inc,35315607,-1.1400000000000001,80.34,82.0,79.28,3.35,0.0084,338295553739
2026-06-12,2026-06-12 21:49:58 UTC,54,MSFT,Microsoft Corp,34876921,0.1,390.74,391.74,382.27,2.4299999999999997,0.0047,2902586576240
2026-06-12,2026-06-12 21:49:58 UTC,55,RGTI,Rigetti Computing Inc,34691452,1.7000000000000002,20.98,21.95,20.28,8.07,0.1044,6973726970
2026-06-12,2026-06-12 21:49:58 UTC,56,NU,Nu Hldgs Ltd,34174709,0.83,12.19,12.29,12.02,2.27,0.007,59264625849
2026-06-12,2026-06-12 21:49:58 UTC,57,POET,Poet Technologies Inc,34099755,11.379999999999999,12.53,12.93,11.02,16.98,0.1976,2162620437
2026-06-12,2026-06-12 21:49:58 UTC,58,HOOD,"Robinhood Markets, Inc.",33045600,1.04,93.19,96.1,90.22,6.38,0.0367,83918066261
2026-06-12,2026-06-12 21:49:58 UTC,59,BAC,Bank of America Corp,32987186,1.5599999999999998,56.02,56.19,55.26,1.69,0.0046,397551008269
2026-06-12,2026-06-12 21:49:58 UTC,60,SNAP,Snap Inc,32765300,-1.31,5.26,5.42,5.16,4.88,0.0198,8716666512
2026-06-12,2026-06-12 21:49:58 UTC,61,SIDU,Sidus Space Inc,32405291,-14.12,3.77,4.38,3.54,19.13,0.3329,367009092
2026-06-12,2026-06-12 21:49:58 UTC,62,RIVN,"Rivian Automotive, Inc. / De",31819104,7.85,16.76,16.78,15.44,8.62,0.0252,21124689044
2026-06-12,2026-06-12 21:49:58 UTC,63,AMD,Advanced Micro Devices Inc,31565028,4.73,511.57,521.71,494.0,5.67,0.0194,834166368893
2026-06-12,2026-06-12 21:49:58 UTC,64,SMR,NuScale Power Corporation,31101225,3.34,9.89,10.3,9.66,6.58,0.0851,3614608632
2026-06-12,2026-06-12 21:49:58 UTC,65,TTD,The Trade Desk,30953681,2.01,19.28,19.99,18.31,8.88,0.0658,9063689200
2026-06-12,2026-06-12 21:49:58 UTC,66,ALIT,Alight Inc.,30844716,11.700000000000001,0.7639,0.7962,0.6652,19.15,0.0574,410399149
2026-06-12,2026-06-12 21:49:58 UTC,67,TE,T1 Energy,30540347,0.35000000000000003,8.5,8.93,8.2,8.6,0.1094,2372082904
2026-06-12,2026-06-12 21:49:58 UTC,68,GPUS,Hyperscale Data Inc.,30509609,-8.03,0.1546,0.1698,0.1525,10.290000000000001,0.0629,75045394
2026-06-12,2026-06-12 21:49:58 UTC,69,CDE,Coeur Mng Inc,30332760,4.88,17.2,17.38,16.5,5.37,0.0294,17738960727
2026-06-12,2026-06-12 21:49:58 UTC,70,ACHR,Archer Aviation Inc,29931139,-4.15,5.08,5.36,5.0,6.7,0.0394,3858757885
2026-06-12,2026-06-12 21:49:58 UTC,71,CCL,Carnival Corporation Ltd.,29549264,3.7699999999999996,29.18,29.2,27.93,4.52,0.0238,36154026186
2026-06-12,2026-06-12 21:49:58 UTC,72,ORCL,Oracle Corp,29511632,0.02,184.13,185.58,179.0,3.5700000000000003,0.0103,529566349980
2026-06-12,2026-06-12 21:49:58 UTC,73,CIIT,Tianci Intrnl,29440972,11.39,1.76,2.95,1.6,85.44,8.1353,6369276
2026-06-12,2026-06-12 21:49:58 UTC,74,DSY,Big Tree Cloud Holdings Limited,29256741,25.77,4.88,7.24,4.42,72.68,6.1569,23189140
2026-06-12,2026-06-12 21:49:58 UTC,75,OPEN,Opendoor Technologies Inc,29222458,-0.67,4.44,4.56,4.27,6.49,0.0303,4283430646
2026-06-12,2026-06-12 21:49:58 UTC,76,NVTS,Navitas Semiconductor Corp,28771434,5.3100000000000005,23.39,24.59,21.85,12.31,0.1231,5466550952
2026-06-12,2026-06-12 21:49:58 UTC,77,QBTS,D Wave Quantum,27833757,-1.8900000000000001,23.37,24.48,22.86,6.74,0.0759,8570657735
2026-06-12,2026-06-12 21:49:58 UTC,78,JBLU,Jetblue Awys Corp,27695261,0.6,5.01,5.14,4.945,3.92,0.0744,1863814658
2026-06-12,2026-06-12 21:49:58 UTC,79,AVGO,Broadcom Inc,27608409,-0.91,382.07,384.98,377.0,2.07,0.0058,1817728666249
2026-06-12,2026-06-12 21:49:58 UTC,80,BYND,Beyond Meat,26934304,-3.2,0.6813,0.7099,0.6751,4.9399999999999995,0.0523,351102771
2026-06-12,2026-06-12 21:49:58 UTC,81,HBAN,Huntington Bancshares Inc,26327581,1.7999999999999998,17.52,17.61,17.29,1.8900000000000001,0.013,35515327884
2026-06-12,2026-06-12 21:49:58 UTC,82,CMCSA,Comcast Corp,26315603,2.21,24.5,24.51,23.91,2.52,0.0074,87519599646
2026-06-12,2026-06-12 21:49:58 UTC,83,CIFR,Cipher Digital Inc,26175278,8.260000000000002,24.5,25.36,22.9,10.870000000000001,0.064,10021705326
2026-06-12,2026-06-12 21:49:58 UTC,84,BBAI,BIGBEAR AI HLDGS INC,26102253,-2.9000000000000004,4.02,4.22,4.0,5.3100000000000005,0.0545,1925376789
2026-06-12,2026-06-12 21:49:58 UTC,85,NOW,Servicenow Inc,26007868,-0.8999999999999999,102.15,103.45,98.42,4.8,0.0252,105348112200
2026-06-12,2026-06-12 21:49:58 UTC,86,SOUN,SOUNDHOUND AI INC,25986066,-1.43,6.9,7.15,6.84,4.41,0.06,2986110481
2026-06-12,2026-06-12 21:49:58 UTC,87,BURU,Nuburu,25834867,-5.33,0.1493,0.1578,0.147,6.8500000000000005,0.1443,26727779
2026-06-12,2026-06-12 21:49:58 UTC,88,DNN,Denison Mines,25519605,2.0,3.06,3.14,2.99,4.83,0.0282,2769351903
2026-06-12,2026-06-12 21:49:58 UTC,89,OWL,Blue Owl Capital Inc,25162907,-0.41000000000000003,9.68,10.0,9.59,4.2700000000000005,0.0161,15091606991
2026-06-12,2026-06-12 21:49:58 UTC,90,BMNR,Bitmine Immersion Technologies Inc,25056751,-2.48,16.11,16.81,15.95,5.21,0.0466,8661200274
2026-06-12,2026-06-12 21:49:58 UTC,91,ADBE,Adobe Inc,25036655,-6.75,204.02,205.65,196.9,4.0,0.0619,82464884000
2026-06-12,2026-06-12 21:49:58 UTC,92,AIDX,20/20 Biolabs Inc,24720377,11.93,0.9626,0.989,0.803,20.810000000000002,2.3296,10214656
2026-06-12,2026-06-12 21:49:58 UTC,93,GOOGL,Alphabet Inc,24710282,0.53,359.68,366.57,354.94,3.25,0.002,4357804000017
2026-06-12,2026-06-12 21:49:58 UTC,94,IONQ,Ionq Inc,24687831,-0.24,57.85,60.23,56.16,7.02,0.0661,21593666491
2026-06-12,2026-06-12 21:49:58 UTC,95,MASK,3 E Network Technology Group Limited,24547479,4.41,2.37,3.29,2.22,47.0,11.7504,4951110
2026-06-12,2026-06-12 21:49:58 UTC,96,JOBY,Joby Aviation Inc,23665583,-2.2399999999999998,9.15,9.47,8.92,5.93,0.0241,9000332095
2026-06-12,2026-06-12 21:49:58 UTC,97,CVE,Cenovus Energy,23552243,-0.74,28.27,28.6,27.92,2.33,0.0126,53003693261
2026-06-12,2026-06-12 21:49:58 UTC,98,HPE,Hewlett Packard Enterprise Co,23504155,2.93,48.17,49.78,45.97,8.14,0.0178,63786883606
2026-06-12,2026-06-12 21:49:58 UTC,99,NIO,Nio Inc.,23435815,-0.38,5.21,5.33,5.14,3.54,0.0094,13054525184
2026-06-12,2026-06-12 21:49:58 UTC,100,FIG,Figma,23419553,-4.14,18.54,19.13,17.83,6.710000000000001,0.0443,9796101663
2026-06-15,2026-06-15 22:50:00 UTC,1,ADTX,Aditxt Inc,769709416,1.5699999999999998,0.0129,0.0166,0.0113,40.94,943.3627,10525
2026-06-15,2026-06-15 22:50:00 UTC,2,GPUS,Hyperscale Data Inc.,706448591,75.49,0.2713,0.298,0.1889,70.57,1.4553,131693503
2026-06-15,2026-06-15 22:50:00 UTC,3,PAVS,Paranovus Entertainment Technology Ord Shs Class A,668622286,-8.7,0.1899,0.5198,0.1701,168.13,428.6147,296236
2026-06-15,2026-06-15 22:50:00 UTC,4,SPCX,Space Exploration Technologies Corp,253419301,19.6,192.5,193.0,168.35,15.28,0.0194,2517104046187
2026-06-15,2026-06-15 22:50:00 UTC,5,WOK,WORK Medical Technology Group LTD,197453733,13.81,0.0857,0.12,0.078,55.779999999999994,114.4922,147798
2026-06-15,2026-06-15 22:50:00 UTC,6,GDC,GD CULTURE GROUP LTD,189731811,6.16,0.1051,0.1655,0.101,65.14999999999999,3.1227,6385845
2026-06-15,2026-06-15 22:50:00 UTC,7,RGNT,Regentis Biomaterials Ltd,186202920,526.6700000000001,9.4,15.5,1.686,920.97,35.9508,48686153
2026-06-15,2026-06-15 22:50:00 UTC,8,AAL,American Airline,180235035,3.2,15.46,15.9,15.2,4.64,0.2725,10225014218
2026-06-15,2026-06-15 22:50:00 UTC,9,CTM,Castellum Inc,160643311,2.04,0.7157,0.9801,0.6526,46.69,1.6964,67776030
2026-06-15,2026-06-15 22:50:00 UTC,10,CAST,Freecast Inc,157901910,141.94,3.75,4.95,3.26,109.03,3.8194,155031802
2026-06-15,2026-06-15 22:50:00 UTC,11,NVDA,Nvidia Corporation,149697904,3.54,212.45,212.71,208.34,2.13,0.0062,5141290000000
2026-06-15,2026-06-15 22:50:00 UTC,12,SRXH,SRX Health Solutions Inc,143552958,6.08,0.157,0.1673,0.1395,18.78,0.2432,92669998
2026-06-15,2026-06-15 22:50:00 UTC,13,INTC,Intel Corp,134134441,2.64,127.86,132.61,126.66,4.77,0.0267,642624360000
2026-06-15,2026-06-15 22:50:00 UTC,14,NOK,Nokia,130846519,0.13999999999999999,14.82,14.92,14.27,4.390000000000001,0.0234,82883993010
2026-06-15,2026-06-15 22:50:00 UTC,15,COSM,Cosmos Health Inc.,125642399,12.9,0.2371,0.2791,0.1927,40.050000000000004,2.0239,14718787
2026-06-15,2026-06-15 22:50:00 UTC,16,QTEX,QTREX Quantum Ltd.,121462086,70.54,2.2,2.62,1.45,90.7,2.4713,108127872
2026-06-15,2026-06-15 22:50:00 UTC,17,NIXX,"Nixxy, Inc.",95049151,0.5599999999999999,0.8749,1.13,0.781,40.11,3.2638,25478985
2026-06-15,2026-06-15 22:50:00 UTC,18,IMCC,Im Cannabis Corp,91590544,12.33,0.261,0.272,0.2301,18.029999999999998,14.7174,1624287
2026-06-15,2026-06-15 22:50:00 UTC,19,GRAB,Grab Holdings Limited,81936998,4.8500000000000005,3.46,3.62,3.37,7.580000000000001,0.02,14151400000
2026-06-15,2026-06-15 22:50:00 UTC,20,PAYO,Payoneer Global Inc.,78627942,4.15,7.03,7.05,6.99,0.96,0.2349,2353494007
2026-06-15,2026-06-15 22:50:00 UTC,21,SOFI,Sofi Technologies Inc,76523863,3.32,17.13,17.43,17.01,2.53,0.0597,21973356756
2026-06-15,2026-06-15 22:50:00 UTC,22,MEHA,Functional Brands Inc,74508778,-54.59,0.0188,0.0272,0.0173,23.91,3.4002,411961
2026-06-15,2026-06-15 22:50:00 UTC,23,PATH,Uipath Inc,69983852,2.27,10.79,11.08,10.62,4.41,0.1351,5590517670
2026-06-15,2026-06-15 22:50:00 UTC,24,VSME,VS MEDIA Holdings,64658522,92.31,3.25,3.77,2.64,66.27,23.384,8986477
2026-06-15,2026-06-15 22:50:00 UTC,25,NU,Nu Hldgs Ltd,63816832,1.97,12.43,12.63,12.28,2.87,0.0131,60431443749
2026-06-15,2026-06-15 22:50:00 UTC,26,SMCI,Super Micro Computer Inc,61614609,1.28,30.85,32.07,30.72,4.43,0.1024,18553760169
2026-06-15,2026-06-15 22:50:00 UTC,27,GELS,Gelteq Limited,60545202,17.169999999999998,1.16,1.96,1.08,88.89,5.6526,12424828
2026-06-15,2026-06-15 22:50:00 UTC,28,ONDS,Ondas Holdings Inc.,57877094,1.9300000000000002,9.51,9.97,9.43,5.84,0.1125,4892857663
2026-06-15,2026-06-15 22:50:00 UTC,29,ACHR,Archer Aviation Inc,57306276,9.25,5.55,5.62,5.32,5.71,0.0754,4215768949
2026-06-15,2026-06-15 22:50:00 UTC,30,MRVL,Marvell Technology Inc,54841010,10.43,308.88,312.98,288.09,8.9,0.0627,270208224000
2026-06-15,2026-06-15 22:50:00 UTC,31,GLXG,Galaxy Payroll Group Ltd,54731542,28.77,1.88,3.21,1.56,113.01,9.1808,11207648
2026-06-15,2026-06-15 22:50:00 UTC,32,JOBY,Joby Aviation Inc,52281058,5.680000000000001,9.67,10.02,9.55,5.029999999999999,0.0532,9511826378
2026-06-15,2026-06-15 22:50:00 UTC,33,BMNR,Bitmine Immersion Technologies Inc,51164582,6.21,17.11,17.82,17.05,4.78,0.0952,9198829093
2026-06-15,2026-06-15 22:50:00 UTC,34,AHMA,AMBITIONS ENTERPRISE MANAGE,49631374,42.96,1.93,2.46,1.8,48.15,1.6697,57369250
2026-06-15,2026-06-15 22:50:00 UTC,35,HUBC,Hub Cyber Security Israel Ltd,48960218,42.370000000000005,1.68,2.56,1.35,102.54,14.7021,5594663
2026-06-15,2026-06-15 22:50:00 UTC,36,F,Ford Mtr Co Del,48526273,-0.47000000000000003,14.77,15.48,14.74,5.0200000000000005,0.0122,58853910145
2026-06-15,2026-06-15 22:50:00 UTC,37,CUPR,Cuprina Holdings (Cayman) Limited,48454472,111.84,8.41,14.8,7.0,196.47,18.0716,22549312
2026-06-15,2026-06-15 22:50:00 UTC,38,T,At&T,48284841,-1.23,23.29,23.51,23.17,1.43,0.0069,161826811467
2026-06-15,2026-06-15 22:50:00 UTC,39,SNAP,Snap Inc,47081884,8.559999999999999,5.71,5.74,5.38,6.460000000000001,0.0284,9462388933
2026-06-15,2026-06-15 22:50:00 UTC,40,PRFX,PRF Technologies Ltd.,47044234,83.09,2.49,3.94,1.36,189.71,54.1513,2163202
2026-06-15,2026-06-15 22:50:00 UTC,41,OPEN,Opendoor Technologies Inc,46232031,3.83,4.61,4.825,4.57,5.74,0.0479,4447435873
2026-06-15,2026-06-15 22:50:00 UTC,42,NNDM,Nano Dimension,46156181,-16.11,1.25,1.53,1.195,22.48,0.2206,261510738
2026-06-15,2026-06-15 22:50:00 UTC,43,AAPL,Apple Inc,45700050,1.82,296.42,297.78,291.7,2.09,0.0031,4353626065520
2026-06-15,2026-06-15 22:50:00 UTC,44,TSLA,Tesla Inc,45539198,1.16,411.15,416.0,407.1,2.19,0.0121,1544165869561
2026-06-15,2026-06-15 22:50:00 UTC,45,QBTS,D Wave Quantum,44898074,12.370000000000001,26.26,27.15,24.91,9.49,0.1224,9630529402
2026-06-15,2026-06-15 22:50:00 UTC,46,MU,Micron Technology Inc,44856083,10.84,1087.99,1097.47,1051.5,9.83,0.0398,1226963370147
2026-06-15,2026-06-15 22:50:00 UTC,47,RGTI,Rigetti Computing Inc,44849787,8.200000000000001,22.7,23.57,22.14,6.77,0.1349,7545452918
2026-06-15,2026-06-15 22:50:00 UTC,48,POET,Poet Technologies Inc,44704797,11.17,13.93,15.08,12.84,17.88,0.259,2404254005
2026-06-15,2026-06-15 22:50:00 UTC,49,JBLU,Jetblue Awys Corp,44665338,6.99,5.36,5.6,5.34,5.19,0.1201,1994021271
2026-06-15,2026-06-15 22:50:00 UTC,50,SPCE,Virgin Galactic Holdings Inc,42970760,-8.95,3.56,4.17,3.55,15.86,0.4268,358433039
2026-06-15,2026-06-15 22:50:00 UTC,51,RKT,Rocket Companies Inc,42579983,6.43,13.91,14.55,13.83,5.47,0.015,39357367433
2026-06-15,2026-06-15 22:50:00 UTC,52,RDW,Redwire Corporation,41984403,-1.92,14.83,16.0,14.72,8.43,0.158,3941079811
2026-06-15,2026-06-15 22:50:00 UTC,53,PLTR,Palantir Technologies Inc,41642845,5.25,134.71,134.98,129.7,4.130000000000001,0.0174,322941896421
2026-06-15,2026-06-15 22:50:00 UTC,54,AMZN,Amazon Com,41621653,3.1300000000000003,246.02,247.81,244.73,1.29,0.0039,2646464063444
2026-06-15,2026-06-15 22:50:00 UTC,55,KEEL,Keel Infrastructure Corp,41433863,1.25,5.66,6.04,5.55,8.77,0.0686,3416633677
2026-06-15,2026-06-15 22:50:00 UTC,56,BTE,Baytex Energy,41252250,-5.06,4.39,4.41,4.21,4.33,0.057,3175584361
2026-06-15,2026-06-15 22:50:00 UTC,57,AMC,Amc Entmt Hldgs Inc,40096994,-2.56,2.28,2.455,2.25,8.76,0.0532,1719511523
2026-06-15,2026-06-15 22:50:00 UTC,58,PLUG,Plug Power,39651384,1.4500000000000002,2.8,2.975,2.78,7.07,0.0284,3906193429
2026-06-15,2026-06-15 22:50:00 UTC,59,DVLT,Datavault AI Inc,38898777,10.08,0.393,0.42,0.385,9.64,0.0455,336235864
2026-06-15,2026-06-15 22:50:00 UTC,60,CCL,Carnival Corporation Ltd.,37893344,3.2199999999999998,30.12,31.15,29.99,3.9800000000000004,0.0306,37318686385
2026-06-15,2026-06-15 22:50:00 UTC,61,SMR,NuScale Power Corporation,36650913,7.580000000000001,10.64,11.25,10.44,8.23,0.1003,3888719499
2026-06-15,2026-06-15 22:50:00 UTC,62,JRSH,Jerash Hldgs Us Inc,36623227,8.38,3.75,5.47,3.61,53.75,2.8837,47624775
2026-06-15,2026-06-15 22:50:00 UTC,63,HOOD,"Robinhood Markets, Inc.",36509919,5.29,98.12,100.87,97.45,3.6700000000000004,0.0405,88357556192
2026-06-15,2026-06-15 22:50:00 UTC,64,NFLX,Netflix Inc,36417273,1.66,81.67,81.71,80.46,1.54,0.0086,343895915781
2026-06-15,2026-06-15 22:50:00 UTC,65,MTEN,Mingteng International,36006329,37.25,3.39,5.65,2.7,119.42999999999999,5.8358,20915842
2026-06-15,2026-06-15 22:50:00 UTC,66,NVTS,Navitas Semiconductor Corp,35876043,1.4500000000000002,23.73,26.18,22.96,13.77,0.1535,5546013429
2026-06-15,2026-06-15 22:50:00 UTC,67,CPOP,"Pop Culture Group Co., Ltd",35566352,-17.95,0.16,0.221,0.1535,34.62,0.4341,13110246
2026-06-15,2026-06-15 22:50:00 UTC,68,ALIT,Alight Inc.,35190199,-13.350000000000001,0.6619,0.8276,0.66,21.85,0.0655,355600467
2026-06-15,2026-06-15 22:50:00 UTC,69,AUR,Aurora Innovation Inc,34651747,4.24,6.39,6.48,6.25,3.75,0.0177,12532087738
2026-06-15,2026-06-15 22:50:00 UTC,70,MARA,MARA Holdings Inc,34550047,3.9800000000000004,14.64,15.23,14.6,4.3999999999999995,0.0906,5581800163
2026-06-15,2026-06-15 22:50:00 UTC,71,PFE,Pfizer,34145392,-0.8,26.0,26.42,25.98,1.7000000000000002,0.006,148185548394
2026-06-15,2026-06-15 22:50:00 UTC,72,YYGH,YY Group Holdings,33753185,6.05,0.1262,0.1335,0.1218,9.83,3.6017,1182669
2026-06-15,2026-06-15 22:50:00 UTC,73,FOXA,Fox Ord,33606899,-16.84,54.76,58.4,53.25,7.829999999999999,0.079,23294689231
2026-06-15,2026-06-15 22:50:00 UTC,74,VALE,Vale S A,33593432,1.8499999999999999,16.0,16.36,15.96,2.55,0.0079,68232540048
2026-06-15,2026-06-15 22:50:00 UTC,75,AMD,Advanced Micro Devices Inc,33454249,6.98,547.26,558.37,530.5,5.45,0.0205,892362505699
2026-06-15,2026-06-15 22:50:00 UTC,76,RIG,Transocean,33229591,-3.4799999999999995,5.83,5.96,5.8,2.65,0.0298,6508852056
2026-06-15,2026-06-15 22:50:00 UTC,77,SOUN,SOUNDHOUND AI INC,33177740,6.23,7.33,7.76,7.28,6.959999999999999,0.0767,3172201424
2026-06-15,2026-06-15 22:50:00 UTC,78,IREN,IREN Ltd,33133122,1.81,60.85,63.17,60.34,4.73,0.0927,21746492312
2026-06-15,2026-06-15 22:50:00 UTC,79,SBEV,Splash Beverage Group Inc,32678195,0.05,0.1871,0.2086,0.177,14.12,2.9803,2051511
2026-06-15,2026-06-15 22:50:00 UTC,80,ORBS,Eightco Holdings Ord Shs,32405737,19.55,1.05,1.06,0.9685,9.68,0.0862,394564048
2026-06-15,2026-06-15 22:50:00 UTC,81,AVGO,Broadcom Inc,32372022,3.11,393.94,396.2,388.6,1.9900000000000002,0.0068,1874201143200
2026-06-15,2026-06-15 22:50:00 UTC,82,MSFT,Microsoft Corp,32244218,2.31,399.76,401.75,392.85,2.2800000000000002,0.0043,2969591057271
2026-06-15,2026-06-15 22:50:00 UTC,83,BAC,Bank of America Corp,31664109,-0.27,55.87,57.0,55.74,1.87,0.0045,396486519671
2026-06-15,2026-06-15 22:50:00 UTC,84,LYG,Lloyds Banking,31445984,-0.18,5.49,5.56,5.47,1.6400000000000001,0.0022,80102133982
2026-06-15,2026-06-15 22:50:00 UTC,85,HL,Hecla Mining Co,31160616,8.959999999999999,16.66,17.14,16.29,5.53,0.0465,11174068633
2026-06-15,2026-06-15 22:50:00 UTC,86,WULF,Terawulf Inc,31146488,8.1,28.17,28.45,27.03,5.43,0.0629,13959154609
2026-06-15,2026-06-15 22:50:00 UTC,87,TE,T1 Energy,30962177,4.9399999999999995,8.92,9.57,8.57,11.709999999999999,0.1109,2489291706
2026-06-15,2026-06-15 22:50:00 UTC,88,WBD,WARNER BROS DISCOVERY INC,30818673,-0.5599999999999999,26.83,27.3,26.8,1.8499999999999999,0.0123,67266477714
2026-06-15,2026-06-15 22:50:00 UTC,89,HPE,Hewlett Packard Enterprise Co,30453417,1.76,49.02,49.6,48.1,3.11,0.023,64912456599
2026-06-15,2026-06-15 22:50:00 UTC,90,BTBT,Bit Digital Inc,30183631,10.92,1.93,2.015,1.84,10.059999999999999,0.0864,673937510
2026-06-15,2026-06-15 22:50:00 UTC,91,BBAI,BIGBEAR AI HLDGS INC,30178214,0.75,4.05,4.22,4.04,4.4799999999999995,0.063,1939745272
2026-06-15,2026-06-15 22:50:00 UTC,92,UWMC,Uwm Holdings Corporation,30128307,-1.26,2.35,2.605,2.33,11.55,0.0188,3762557089
2026-06-15,2026-06-15 22:50:00 UTC,93,CDE,Coeur Mng Inc,29938909,8.49,18.66,19.05,18.42,3.66,0.029,19244709719
2026-06-15,2026-06-15 22:50:00 UTC,94,AIM,Aim Immunotech,29579932,-4.390000000000001,0.3881,0.4433,0.385,14.069999999999999,1.0975,10460359
2026-06-15,2026-06-15 22:50:00 UTC,95,BYND,Beyond Meat,29334085,3.04,0.702,0.7505,0.702,7.12,0.0569,361770359
2026-06-15,2026-06-15 22:50:00 UTC,96,RKLB,Rocket Lab Usa Inc,28871529,6.7,109.25,110.78,105.8,4.859999999999999,0.0499,63241271643
2026-06-15,2026-06-15 22:50:00 UTC,97,HBAN,Huntington Bancshares Inc,28430115,-1.77,17.21,17.75,17.2,3.1399999999999997,0.014,34886917402
2026-06-15,2026-06-15 22:50:00 UTC,98,DNN,Denison Mines,28075030,8.17,3.31,3.39,3.18,6.859999999999999,0.031,2995606144
2026-06-15,2026-06-15 22:50:00 UTC,99,GOOGL,Alphabet Inc,27712866,2.69,369.35,372.99,366.55,1.79,0.0023,4474963599328
2026-06-15,2026-06-15 22:50:00 UTC,100,HLP,HONGLI GROUP INC.,27543278,6.22,0.5311,0.5788,0.45,25.740000000000002,0.3685,39693750
2026-06-16,2026-06-16 22:49:59 UTC,1,ADTX,Aditxt Inc,962845806,-15.5,0.0109,0.016,0.009,54.26,1180.0723,8893
2026-06-16,2026-06-16 22:49:59 UTC,2,GDC,GD CULTURE GROUP LTD,781718466,-73.26,0.0281,0.1008,0.022,74.98,12.8657,1707347
2026-06-16,2026-06-16 22:49:59 UTC,3,OBAI,"Our Bond, Inc.",496501267,107.63000000000001,1.11,1.3,0.7802,97.23,20.2968,27152898
2026-06-16,2026-06-16 22:49:59 UTC,4,IVDA,Iveda Solutions,366873211,62.870000000000005,0.515,0.7012,0.41,92.0,31.6433,5970923
2026-06-16,2026-06-16 22:49:59 UTC,5,GPUS,Hyperscale Data Inc.,343674023,-4.17,0.26,0.33,0.22,40.550000000000004,0.708,126208296
2026-06-16,2026-06-16 22:49:59 UTC,6,SPCX,Space Exploration Technologies Corp,321146995,4.83,201.8,225.64,195.13,15.85,0.0246,2638709592315
2026-06-16,2026-06-16 22:49:59 UTC,7,SUGP,SU Group Holdings Limited,256955548,26.06,1.11,2.55,1.0,176.04,57.5518,4955896
2026-06-16,2026-06-16 22:49:59 UTC,8,CRVO,CervoMed,200437344,82.26,4.52,7.45,2.99,179.84,21.6486,41849409
2026-06-16,2026-06-16 22:49:59 UTC,9,YYGH,YY Group Holdings,193506184,11.73,0.141,0.1532,0.1242,22.5,20.6486,1321366
2026-06-16,2026-06-16 22:49:59 UTC,10,SRXH,SRX Health Solutions Inc,188992621,21.02,0.19,0.21,0.1475,39.75,0.3202,112148406
2026-06-16,2026-06-16 22:49:59 UTC,11,AAL,American Airline,134478234,1.6199999999999999,15.71,16.19,15.57,3.95,0.2033,10390360502
2026-06-16,2026-06-16 22:49:59 UTC,12,INTC,Intel Corp,132631707,-8.450000000000001,117.05,128.7,116.0,9.21,0.0264,588293300000
2026-06-16,2026-06-16 22:49:59 UTC,13,NVDA,Nvidia Corporation,125496377,-2.37,207.41,211.49,207.29,1.9800000000000002,0.0052,5019322000000
2026-06-16,2026-06-16 22:49:59 UTC,14,NOK,Nokia,123829494,-5.67,13.98,14.79,13.75,7.02,0.0221,78186114864
2026-06-16,2026-06-16 22:49:59 UTC,15,CCTG,CCSC Technology International Holdings Limited,122144309,89.89,1.48,2.09,0.83,161.66,31.2111,5791972
2026-06-16,2026-06-16 22:49:59 UTC,16,WOK,WORK Medical Technology Group LTD,108318142,-40.839999999999996,0.0507,0.0712,0.0481,26.950000000000003,62.8075,87437
2026-06-16,2026-06-16 22:49:59 UTC,17,NIVF,NewGenIvf Group,106055421,20.419999999999998,0.7,1.04,0.6046,74.9,26.3407,2818402
2026-06-16,2026-06-16 22:49:59 UTC,18,SOFI,Sofi Technologies Inc,105587122,3.39,17.71,18.08,17.11,5.65,0.0823,22717346652
2026-06-16,2026-06-16 22:49:59 UTC,19,SNAP,Snap Inc,102031712,-9.629999999999999,5.16,5.94,5.1,14.71,0.0616,8550950419
2026-06-16,2026-06-16 22:49:59 UTC,20,PAVS,Paranovus Entertainment Technology Ord Shs Class A,99166673,1.63,0.193,0.208,0.1801,14.48,63.57,301072
2026-06-16,2026-06-16 22:49:59 UTC,21,IMCC,Im Cannabis Corp,86095262,-0.38,0.26,0.318,0.2323,32.84,13.8343,1618063
2026-06-16,2026-06-16 22:49:59 UTC,22,RXT,"Rackspace Technology, Inc.",82311781,4.99,6.21,7.16,5.97,20.119999999999997,0.3303,1547671718
2026-06-16,2026-06-16 22:49:59 UTC,23,GRAB,Grab Holdings Limited,73237058,0.8699999999999999,3.49,3.62,3.435,5.35,0.0179,14274100000
2026-06-16,2026-06-16 22:49:59 UTC,24,NFLX,Netflix Inc,64977999,-3.61,78.72,81.93,77.71,5.17,0.0154,331474060124
2026-06-16,2026-06-16 22:49:59 UTC,25,KEEL,Keel Infrastructure Corp,64028762,5.3,5.96,6.32,5.53,13.96,0.1061,3597727334
2026-06-16,2026-06-16 22:49:59 UTC,26,OPEN,Opendoor Technologies Inc,63572540,3.04,4.75,5.03,4.57,9.98,0.0659,4582499002
2026-06-16,2026-06-16 22:49:59 UTC,27,ACHR,Archer Aviation Inc,59485691,-1.9800000000000002,5.44,5.58,5.23,6.3100000000000005,0.0783,4132213168
2026-06-16,2026-06-16 22:49:59 UTC,28,NU,Nu Hldgs Ltd,59384743,2.33,12.72,12.8,12.47,2.65,0.0122,61841348712
2026-06-16,2026-06-16 22:49:59 UTC,29,MRVL,Marvell Technology Inc,59044376,-9.78,278.67,317.0,278.13,12.58,0.0675,243780516000
2026-06-16,2026-06-16 22:49:59 UTC,30,BEEM,Beam Global,55473840,11.86,1.32,1.48,1.205,23.3,2.4986,29306093
2026-06-16,2026-06-16 22:49:59 UTC,31,SMCI,Super Micro Computer Inc,54203167,-5.28,29.22,30.75,29.12,5.28,0.0838,18900442055
2026-06-16,2026-06-16 22:49:59 UTC,32,ONDS,Ondas Holdings Inc.,51652696,-3.15,9.21,9.74,9.14,6.3100000000000005,0.1004,4738508841
2026-06-16,2026-06-16 22:49:59 UTC,33,BTBT,Bit Digital Inc,49884202,5.7,2.04,2.21,1.91,15.540000000000001,0.1429,712348456
2026-06-16,2026-06-16 22:49:59 UTC,34,AMC,Amc Entmt Hldgs Inc,49666794,9.21,2.49,2.54,2.2,14.91,0.0659,1877887585
2026-06-16,2026-06-16 22:49:59 UTC,35,JOBY,Joby Aviation Inc,48987026,-3.4099999999999997,9.34,9.71,9.17,5.64,0.0498,9187224237
2026-06-16,2026-06-16 22:49:59 UTC,36,T,At&T,47602646,-0.5599999999999999,23.16,23.42,22.84,2.4699999999999998,0.0069,160923527418
2026-06-16,2026-06-16 22:49:59 UTC,37,F,Ford Mtr Co Del,47478145,-2.44,14.41,14.85,14.41,2.9499999999999997,0.0119,57419420798
2026-06-16,2026-06-16 22:49:59 UTC,38,ALIT,Alight Inc.,47129134,-6.859999999999999,0.6165,0.6828,0.588,14.29,0.0877,331209681
2026-06-16,2026-06-16 22:49:59 UTC,39,RDW,Redwire Corporation,46317156,-8.97,13.5,14.58,13.18,9.44,0.1743,3587631655
2026-06-16,2026-06-16 22:49:59 UTC,40,MU,Micron Technology Inc,45339617,-6.18,1020.76,1110.4,1020.0,8.309999999999999,0.0402,1151145809898
2026-06-16,2026-06-16 22:49:59 UTC,41,PLUG,Plug Power,43550872,-3.2099999999999995,2.71,2.89,2.69,6.959999999999999,0.0312,3780637212
2026-06-16,2026-06-16 22:49:59 UTC,42,NIO,Nio Inc.,43546943,-3.65,5.01,5.08,4.95,2.5,0.0174,12553391780
2026-06-16,2026-06-16 22:49:59 UTC,43,CRWV,"CoreWeave, Inc.",42769648,9.67,117.03,119.45,107.62,11.09,0.0784,63848097592
2026-06-16,2026-06-16 22:49:59 UTC,44,OTLK,Outlook Therapeutics Inc,42102210,35.339999999999996,1.57,1.575,1.17,34.48,0.2629,251433228
2026-06-16,2026-06-16 22:49:59 UTC,45,TSLA,Tesla Inc,40184981,-1.58,404.66,412.42,400.54,2.8899999999999997,0.0107,1519791221638
2026-06-16,2026-06-16 22:49:59 UTC,46,AAPL,Apple Inc,39860070,0.95,299.24,300.48,293.97,2.1999999999999997,0.0027,4395044409440
2026-06-16,2026-06-16 22:49:59 UTC,47,AHMA,AMBITIONS ENTERPRISE MANAGE,39348528,39.379999999999995,2.69,3.38,2.36,52.849999999999994,1.3238,79960250
2026-06-16,2026-06-16 22:49:59 UTC,48,EOSE,Eos Energy Enterprises Inc,39186251,6.74,6.81,7.27,6.58,10.82,0.1154,2312090523
2026-06-16,2026-06-16 22:49:59 UTC,49,MARA,MARA Holdings Inc,38509375,-1.5,14.42,15.26,14.39,5.94,0.101,5497920653
2026-06-16,2026-06-16 22:49:59 UTC,50,RKT,Rocket Companies Inc,38249009,0.06999999999999999,13.92,14.36,13.5,6.15,0.0135,39385661730
2026-06-16,2026-06-16 22:49:59 UTC,51,BMNR,Bitmine Immersion Technologies Inc,37796241,-5.26,16.21,17.26,16.17,6.370000000000001,0.0703,8714963155
2026-06-16,2026-06-16 22:49:59 UTC,52,ORBS,Eightco Holdings Ord Shs,35237243,2.86,1.08,1.12,1.03,8.57,0.0938,405837306
2026-06-16,2026-06-16 22:49:59 UTC,53,AMZN,Amazon Com,35159932,-0.01,246.0,249.51,245.45,1.6500000000000001,0.0033,2646248921256
2026-06-16,2026-06-16 22:49:59 UTC,54,COSM,Cosmos Health Inc.,34958422,5.36,0.2498,0.2595,0.226,13.88,0.5631,15507183
2026-06-16,2026-06-16 22:49:59 UTC,55,CDE,Coeur Mng Inc,34936239,0.7000000000000001,18.79,19.3,18.67,3.4000000000000004,0.0339,19378783259
2026-06-16,2026-06-16 22:49:59 UTC,56,PATH,Uipath Inc,33435669,-2.5,10.52,10.85,10.37,4.45,0.0645,5450625198
2026-06-16,2026-06-16 22:49:59 UTC,57,BAC,Bank of America Corp,33407195,1.7399999999999998,56.84,57.07,56.23,1.5,0.0047,403370212602
2026-06-16,2026-06-16 22:49:59 UTC,58,RGTI,Rigetti Computing Inc,33309650,-9.07,20.64,22.44,20.43,8.88,0.1002,6860711376
2026-06-16,2026-06-16 22:49:59 UTC,59,SLBT,SL Science Holding Ltd,33114437,166.97,8.89,14.5,7.55,208.56,5.6503,52101525
2026-06-16,2026-06-16 22:49:59 UTC,60,PFE,Pfizer,32821860,0.15,26.04,26.13,25.7,1.6500000000000001,0.0058,148413526160
2026-06-16,2026-06-16 22:49:59 UTC,61,TE,T1 Energy,32119700,-3.25,8.63,8.98,8.26,8.02,0.1151,2408361819
2026-06-16,2026-06-16 22:49:59 UTC,62,LYG,Lloyds Banking,32068689,1.27,5.56,5.6,5.53,1.28,0.0022,81123472667
2026-06-16,2026-06-16 22:49:59 UTC,63,IREN,IREN Ltd,32041690,-2.74,59.18,62.02,58.94,5.06,0.0897,21149669927
2026-06-16,2026-06-16 22:49:59 UTC,64,SMR,NuScale Power Corporation,31618129,-7.049999999999999,9.89,10.83,9.86,9.07,0.0865,3614608632
2026-06-16,2026-06-16 22:49:59 UTC,65,AVGO,Broadcom Inc,31546177,-4.37,376.71,391.79,376.46,3.8899999999999997,0.0066,1792228036388
2026-06-16,2026-06-16 22:49:59 UTC,66,HOOD,"Robinhood Markets, Inc.",31512784,-1.44,96.71,101.88,94.57,7.449999999999999,0.035,87087844062
2026-06-16,2026-06-16 22:49:59 UTC,67,MSFT,Microsoft Corp,31481579,-1.48,393.83,396.84,390.69,1.54,0.0042,2925540439476
2026-06-16,2026-06-16 22:49:59 UTC,68,SLNH,SOLUNA HOLDINGS INC,31400367,13.55,1.76,1.86,1.51,22.58,0.1991,277635343
2026-06-16,2026-06-16 22:49:59 UTC,69,SOUN,SOUNDHOUND AI INC,31382137,-4.09,7.03,7.38,6.85,7.16,0.0725,3042370534
2026-06-16,2026-06-16 22:49:59 UTC,70,PLTR,Palantir Technologies Inc,30362702,-1.08,133.25,134.59,129.62,3.63,0.0127,319441820935
2026-06-16,2026-06-16 22:49:59 UTC,71,LASE,Laser Photonics Corp,30047194,20.810000000000002,2.38,2.57,2.16,20.810000000000002,0.7841,91201095
2026-06-16,2026-06-16 22:49:59 UTC,72,QBTS,D Wave Quantum,29387873,-8.83,23.94,26.11,23.88,8.469999999999999,0.0801,8779698167
2026-06-16,2026-06-16 22:49:59 UTC,73,RIG,Transocean,29108869,-4.12,5.59,5.8,5.57,3.95,0.0261,6240906173
2026-06-16,2026-06-16 22:49:59 UTC,74,BBAI,BIGBEAR AI HLDGS INC,29057973,-2.22,3.96,4.11,3.86,6.17,0.0607,1896639822
2026-06-16,2026-06-16 22:49:59 UTC,75,CMCSA,Comcast Corp,28795002,-1.29,23.66,24.15,23.32,3.44,0.0081,84518927658
2026-06-16,2026-06-16 22:49:59 UTC,76,ABEV,Ambev,28777278,-1.54,3.2,3.239,3.19,1.49,0.0018,49909420800
2026-06-16,2026-06-16 22:49:59 UTC,77,SPCE,Virgin Galactic Holdings Inc,28617300,-5.8999999999999995,3.35,3.53,3.25,7.870000000000001,0.2842,337289517
2026-06-16,2026-06-16 22:49:59 UTC,78,NMRA,Neumora Therapeutics Inc,28474648,70.58,1.56,1.59,0.92,73.26,0.1537,289043420
2026-06-16,2026-06-16 22:49:59 UTC,79,AMD,Advanced Micro Devices Inc,28370715,-7.3,507.29,548.95,507.25,7.62,0.0174,827187398158
2026-06-16,2026-06-16 22:49:59 UTC,80,AUR,Aurora Innovation Inc,28235013,-3.91,6.14,6.41,6.0,6.41,0.0144,12041786966
2026-06-16,2026-06-16 22:49:59 UTC,81,LPRO,Open Lending Corporation,28213876,48.1,3.11,3.13,3.11,0.95,0.2387,367655125
2026-06-16,2026-06-16 22:49:59 UTC,82,UWMC,Uwm Holdings Corporation,28082128,3.4000000000000004,2.43,2.46,2.275,7.870000000000001,0.0175,3890644138
2026-06-16,2026-06-16 22:49:59 UTC,83,HUN,Huntsman Corp,27905570,-17.05,13.18,14.94,12.55,14.77,0.1591,2311101296
2026-06-16,2026-06-16 22:49:59 UTC,84,RKLB,Rocket Lab Usa Inc,27845241,-4.2299999999999995,104.63,108.5,103.07,4.96,0.0481,60566903909
2026-06-16,2026-06-16 22:49:59 UTC,85,BTG,B2Gold,27140478,2.2399999999999998,4.57,4.62,4.48,3.1300000000000003,0.0203,6105115810
2026-06-16,2026-06-16 22:49:59 UTC,86,HIVE,HIVE Digital Technologies Ltd,26867743,2.78,4.07,4.27,3.88,9.85,0.1005,1088443441
2026-06-16,2026-06-16 22:49:59 UTC,87,PURR,Hyperliquid Strategies Inc,26446477,7.489999999999999,10.04,10.98,9.87,11.88,0.1831,1450253612
2026-06-16,2026-06-16 22:49:59 UTC,88,STLA,Stellantis N.V,26313274,-5.680000000000001,6.64,6.98,6.64,4.83,0.0091,19239451559
2026-06-16,2026-06-16 22:49:59 UTC,89,JBLU,Jetblue Awys Corp,26168826,-2.6100000000000003,5.22,5.49,5.21,5.220000000000001,0.0703,1941938626
2026-06-16,2026-06-16 22:49:59 UTC,90,RIVN,"Rivian Automotive, Inc. / De",25396956,-4.5,15.93,16.56,15.73,4.9799999999999995,0.0202,20078537975
2026-06-16,2026-06-16 22:49:59 UTC,91,GOOGL,Alphabet Inc,24846004,1.06,373.25,376.0,367.06,2.3800000000000003,0.0021,4522215144035
2026-06-16,2026-06-16 22:49:59 UTC,92,POET,Poet Technologies Inc,24646176,-9.22,12.65,14.18,12.54,11.81,0.1428,2182468908
2026-06-16,2026-06-16 22:49:59 UTC,93,CCL,Carnival Corporation Ltd.,24483000,2.59,30.9,31.05,30.22,2.77,0.0198,38285106550
2026-06-16,2026-06-16 22:49:59 UTC,94,HPE,Hewlett Packard Enterprise Co,24295634,-1.02,48.38,50.34,47.98,4.83,0.0183,64064966345
2026-06-16,2026-06-16 22:49:59 UTC,95,BYND,Beyond Meat,24126482,-2.5100000000000002,0.6844,0.7321,0.6826,7.049999999999999,0.0468,352700333
2026-06-16,2026-06-16 22:49:59 UTC,96,FRMI,Fermi Inc.,23940523,5.35,7.88,8.0,7.17,11.03,0.0375,5028096868
2026-06-16,2026-06-16 22:49:59 UTC,97,WULF,Terawulf Inc,23714840,-0.5700000000000001,28.01,29.3,27.8,5.3100000000000005,0.0479,13879869386
2026-06-16,2026-06-16 22:49:59 UTC,98,PBR,Petroleo Brasileiro S.A. Petrobras,23650434,-1.67,17.05,17.18,16.93,1.44,0.0037,109876446796
2026-06-16,2026-06-16 22:49:59 UTC,99,PL,Planet Labs Pbc,23347302,-7.75,28.21,31.25,27.04,11.690000000000001,0.0655,10054115258
2026-06-16,2026-06-16 22:49:59 UTC,100,CPNG,Coupang Inc,23242326,5.25,18.03,18.1,17.1,5.81,0.0129,32365007544
2026-06-17,2026-06-17 22:49:59 UTC,1,ADTX,Aditxt Inc,1336948510,-59.63,0.0044,0.0089,0.0041,44.04,1638.5759,3590
2026-06-17,2026-06-17 22:49:59 UTC,2,SNBR,Sleep Number,908319927,120.83999999999999,0.39,0.7384,0.1666,323.84,39.4082,8989110
2026-06-17,2026-06-17 22:49:59 UTC,3,GPUS,Hyperscale Data Inc.,589915410,53.04,0.3979,0.4471,0.3,56.35,1.2153,193147235
2026-06-17,2026-06-17 22:49:59 UTC,4,GDC,GD CULTURE GROUP LTD,520842706,-24.2,0.0213,0.0317,0.0203,40.21,8.5722,1294181
2026-06-17,2026-06-17 22:49:59 UTC,5,AZTR,Azitra Inc,380829721,10.27,0.203,0.33,0.185,73.33,23.519,3287064
2026-06-17,2026-06-17 22:49:59 UTC,6,SRXH,SRX Health Solutions Inc,201309943,5.0,0.1995,0.2499,0.19,31.53,0.3411,117755826
2026-06-17,2026-06-17 22:49:59 UTC,7,SPCX,Space Exploration Technologies Corp,201151778,-4.95,191.82,213.8,187.01,13.28,0.0154,2508212457868
2026-06-17,2026-06-17 22:49:59 UTC,8,YMAT,J-Star Holding,171555806,94.3,0.75,0.9825,0.547,112.82000000000001,8.5562,15037887
2026-06-17,2026-06-17 22:49:59 UTC,9,ICCM,IceCure Medical Ltd.,152786577,200.47000000000003,6.4,9.54,3.6,278.87,54.4364,17962886
2026-06-17,2026-06-17 22:49:59 UTC,10,OBAI,"Our Bond, Inc.",135520011,-7.21,1.03,1.52,0.971,49.46,5.5402,25195933
2026-06-17,2026-06-17 22:49:59 UTC,11,AAL,American Airline,130134511,-1.8499999999999999,15.42,16.06,15.4,4.2,0.1968,10198558812
2026-06-17,2026-06-17 22:49:59 UTC,12,NVDA,Nvidia Corporation,127987306,-1.3299999999999998,204.65,209.21,203.08,2.78,0.0053,4952530000000
2026-06-17,2026-06-17 22:49:59 UTC,13,SOFI,Sofi Technologies Inc,122591528,-1.6400000000000001,17.42,18.7,17.36,7.57,0.0956,22345351704
2026-06-17,2026-06-17 22:49:59 UTC,14,INTC,Intel Corp,114746163,3.46,121.1,125.2,118.06,6.1,0.0228,608648600000
2026-06-17,2026-06-17 22:49:59 UTC,15,EHGO,Eshallgo Inc,112960426,118.94,2.89,6.74,2.36,331.82,55.8489,5845340
2026-06-17,2026-06-17 22:49:59 UTC,16,NOK,Nokia,103278297,-1.0699999999999998,13.83,14.37,13.7,4.79,0.0185,77347208052
2026-06-17,2026-06-17 22:49:59 UTC,17,NU,Nu Hldgs Ltd,97043322,1.34,12.89,13.52,12.79,5.7,0.02,62667844725
2026-06-17,2026-06-17 22:49:59 UTC,18,VIVK,Vivakor,82333312,-3.5900000000000003,0.51,0.7659,0.508,48.75,19.1667,2190779
2026-06-17,2026-06-17 22:49:59 UTC,19,CIIT,Tianci Intrnl,82214352,40.54,0.6212,0.7,0.5623,31.15,22.718,2248065
2026-06-17,2026-06-17 22:49:59 UTC,20,WOK,WORK Medical Technology Group LTD,80961309,-14.790000000000001,0.0432,0.049,0.0406,16.57,46.9449,74502
2026-06-17,2026-06-17 22:49:59 UTC,21,PLUG,Plug Power,79363806,-2.21,2.65,2.89,2.645,9.04,0.0569,3696933067
2026-06-17,2026-06-17 22:49:59 UTC,22,CLWT,Euro Tech Holdings Co Ltd,78299211,30.830000000000002,1.57,2.68,1.54,95.0,10.5646,11635998
2026-06-17,2026-06-17 22:49:59 UTC,23,FTHM,Fathom Holdings Inc,74384368,75.36,1.11,1.43,1.01,66.35,2.269,36388424
2026-06-17,2026-06-17 22:49:59 UTC,24,SNAP,Snap Inc,71722748,-8.14,4.74,5.07,4.7,7.17,0.0433,7854942827
2026-06-17,2026-06-17 22:49:59 UTC,25,RUBI,Rubico Inc,70772684,18.48,0.5,0.6446,0.38,62.7,21.6895,1631499
2026-06-17,2026-06-17 22:49:59 UTC,26,HOOD,"Robinhood Markets, Inc.",70651642,8.780000000000001,105.2,110.73,95.76,15.479999999999999,0.0785,94733131996
2026-06-17,2026-06-17 22:49:59 UTC,27,AMC,Amc Entmt Hldgs Inc,68773526,6.83,2.66,2.83,2.46,14.860000000000001,0.0912,2006096777
2026-06-17,2026-06-17 22:49:59 UTC,28,KEEL,Keel Infrastructure Corp,65750354,0.16999999999999998,5.97,6.42,5.92,8.39,0.1089,3603763790
2026-06-17,2026-06-17 22:49:59 UTC,29,RXT,"Rackspace Technology, Inc.",65539352,21.26,7.53,8.6,6.04,41.06,0.263,1876645417
2026-06-17,2026-06-17 22:49:59 UTC,30,INLF,INLIF,61155175,-88.55,0.4374,3.72,0.3818,87.39,4.4295,6038853
2026-06-17,2026-06-17 22:49:59 UTC,31,T,At&T,56498686,-3.11,22.44,22.88,22.25,2.7199999999999998,0.0081,155920723457
2026-06-17,2026-06-17 22:49:59 UTC,32,NIVF,NewGenIvf Group,55358878,14.29,0.8,1.06,0.7019,51.160000000000004,13.7494,3221031
2026-06-17,2026-06-17 22:49:59 UTC,33,SMCI,Super Micro Computer Inc,53472147,-4.93,27.78,29.84,27.71,7.22,0.0827,17969003433
2026-06-17,2026-06-17 22:49:59 UTC,34,ELTX,"Elicio Therapeutics, Inc.",50999619,70.65,4.71,6.64,2.86,136.95,2.6721,89895441
2026-06-17,2026-06-17 22:49:59 UTC,35,MRVL,Marvell Technology Inc,50424815,3.9,289.54,307.37,283.32,8.63,0.0576,253289592000
2026-06-17,2026-06-17 22:49:59 UTC,36,NFLX,Netflix Inc,50288753,-2.2399999999999998,76.96,78.45,76.76,2.1399999999999997,0.0119,324063054714
2026-06-17,2026-06-17 22:49:59 UTC,37,TE,T1 Energy,49430973,4.75,9.04,9.92,8.4,17.61,0.1771,2522779936
2026-06-17,2026-06-17 22:49:59 UTC,38,ONDS,Ondas Holdings Inc.,48925259,-0.98,9.12,9.5,9.08,4.5600000000000005,0.0946,4716848742
2026-06-17,2026-06-17 22:49:59 UTC,39,RKT,Rocket Companies Inc,48474197,-5.029999999999999,13.22,14.39,12.97,10.2,0.0171,37405060924
2026-06-17,2026-06-17 22:49:59 UTC,40,SMR,NuScale Power Corporation,47910057,4.55,10.34,10.9,9.82,10.77,0.1311,3779075153
2026-06-17,2026-06-17 22:49:59 UTC,41,BIRD,"Allbirds, Inc.",47635921,39.09,5.48,6.9,3.84,77.66,5.4095,48257159
2026-06-17,2026-06-17 22:49:59 UTC,42,EOSE,Eos Energy Enterprises Inc,47549261,11.600000000000001,7.6,8.1,6.99,16.3,0.1401,2580306605
2026-06-17,2026-06-17 22:49:59 UTC,43,ACHR,Archer Aviation Inc,47439164,-1.47,5.36,5.72,5.32,7.28,0.0625,4071445328
2026-06-17,2026-06-17 22:49:59 UTC,44,CDE,Coeur Mng Inc,46686632,-6.710000000000001,17.53,19.47,17.48,10.56,0.0453,18079301252
2026-06-17,2026-06-17 22:49:59 UTC,45,GRAB,Grab Holdings Limited,46679465,-1.15,3.45,3.545,3.43,3.15,0.0114,14110500000
2026-06-17,2026-06-17 22:49:59 UTC,46,MU,Micron Technology Inc,45698117,2.1999999999999997,1043.19,1093.67,1014.14,7.79,0.0405,1176440884662
2026-06-17,2026-06-17 22:49:59 UTC,47,BURU,Nuburu,45134652,14.29,0.168,0.1721,0.1477,16.53,0.2521,30075465
2026-06-17,2026-06-17 22:49:59 UTC,48,AMZN,Amazon Com,44683617,-3.46,237.5,245.91,236.0,3.7699999999999996,0.0042,2554813491050
2026-06-17,2026-06-17 22:49:59 UTC,49,CPNG,Coupang Inc,43443204,4.44,18.83,19.61,18.09,8.309999999999999,0.0242,33801058904
2026-06-17,2026-06-17 22:49:59 UTC,50,TSLA,Tesla Inc,43436160,-2.0500000000000003,396.38,405.94,393.76,3.0,0.0116,1488693827986
2026-06-17,2026-06-17 22:49:59 UTC,51,F,Ford Mtr Co Del,43021100,-3.1199999999999997,13.96,14.48,13.93,3.82,0.0108,55626309114
2026-06-17,2026-06-17 22:49:59 UTC,52,AAPL,Apple Inc,42708457,-1.0999999999999999,295.95,302.07,294.36,2.5700000000000003,0.0029,4346723008200
2026-06-17,2026-06-17 22:49:59 UTC,53,MSFT,Microsoft Corp,41905054,-3.7900000000000005,378.91,390.37,377.32,3.3000000000000003,0.0056,2814708193692
2026-06-17,2026-06-17 22:49:59 UTC,54,UWMC,Uwm Holdings Corporation,41856191,-6.17,2.28,2.56,2.25,12.76,0.0261,3650480920
2026-06-17,2026-06-17 22:49:59 UTC,55,OPEN,Opendoor Technologies Inc,41844262,-6.32,4.45,4.86,4.45,8.63,0.0434,4293078012
2026-06-17,2026-06-17 22:49:59 UTC,56,CMCSA,Comcast Corp,40892072,-4.1000000000000005,22.69,23.5,22.55,4.02,0.0114,81053865958
2026-06-17,2026-06-17 22:49:59 UTC,57,PATH,Uipath Inc,40470394,-2.76,10.23,10.8,10.23,5.42,0.0781,5300370321
2026-06-17,2026-06-17 22:49:59 UTC,58,BAC,Bank of America Corp,40432999,-0.5499999999999999,56.53,57.98,56.3,2.96,0.0057,401170269501
2026-06-17,2026-06-17 22:49:59 UTC,59,AVGO,Broadcom Inc,39954478,4.3,392.9,400.65,382.65,4.77,0.0084,1869253259794
2026-06-17,2026-06-17 22:49:59 UTC,60,NEOV,Neovolta,39708221,23.98,2.12,2.23,1.78,26.32,0.7015,120005616
2026-06-17,2026-06-17 22:49:59 UTC,61,FRMI,Fermi Inc.,39235920,9.9,8.66,9.18,8.02,14.719999999999999,0.0615,5521392909
2026-06-17,2026-06-17 22:49:59 UTC,62,LYG,Lloyds Banking,38647531,-0.18,5.55,5.66,5.52,2.52,0.0026,80977567140
2026-06-17,2026-06-17 22:49:59 UTC,63,DNN,Denison Mines,37047121,-0.6,3.31,3.455,3.31,4.35,0.0409,2995606144
2026-06-17,2026-06-17 22:49:59 UTC,64,ABEV,Ambev,36751392,-1.87,3.14,3.29,3.13,5.0,0.0024,48973619160
2026-06-17,2026-06-17 22:49:59 UTC,65,JOBY,Joby Aviation Inc,36580307,0.54,9.39,9.86,9.25,6.529999999999999,0.0372,9236406380
2026-06-17,2026-06-17 22:49:59 UTC,66,HL,Hecla Mining Co,36183630,-3.95,16.06,17.38,16.01,8.16,0.0539,10771641192
2026-06-17,2026-06-17 22:49:59 UTC,67,IREN,IREN Ltd,35983462,-1.81,58.11,61.67,57.71,6.69,0.1007,20767274746
2026-06-17,2026-06-17 22:49:59 UTC,68,RDW,Redwire Corporation,35691832,6.370000000000001,14.36,14.98,13.55,10.620000000000001,0.1343,3816177079
2026-06-17,2026-06-17 22:49:59 UTC,69,ALIT,Alight Inc.,35097538,-3.42,0.5954,0.685,0.59,15.39,0.0653,319873875
2026-06-17,2026-06-17 22:49:59 UTC,70,MARA,MARA Holdings Inc,34333461,-3.47,13.92,14.9,13.89,6.97,0.0901,5307285401
2026-06-17,2026-06-17 22:49:59 UTC,71,RIVN,"Rivian Automotive, Inc. / De",34116269,2.07,16.26,16.95,15.97,6.12,0.0271,20494477557
2026-06-17,2026-06-17 22:49:59 UTC,72,COSM,Cosmos Health Inc.,33770729,-3.2399999999999998,0.2417,0.2755,0.228,19.02,0.544,15004348
2026-06-17,2026-06-17 22:49:59 UTC,73,VZ,Verizon Comms,33472268,-1.9,45.84,46.61,45.23,2.87,0.008,191407620434
2026-06-17,2026-06-17 22:49:59 UTC,74,PAVS,Paranovus Entertainment Technology Ord Shs Class A,33084561,-10.57,0.1726,0.187,0.1725,7.41,21.2086,269249
2026-06-17,2026-06-17 22:49:59 UTC,75,AUR,Aurora Innovation Inc,32881233,-1.47,6.05,6.22,5.99,3.75,0.0168,11865278688
2026-06-17,2026-06-17 22:49:59 UTC,76,BMNR,Bitmine Immersion Technologies Inc,32585416,-3.15,15.7,16.83,15.68,7.090000000000001,0.0606,8440772458
2026-06-17,2026-06-17 22:49:59 UTC,77,INFY,Infosys,32500106,-2.26,11.7,12.07,11.69,3.1300000000000003,0.008,47459413064
2026-06-17,2026-06-17 22:49:59 UTC,78,PLTR,Palantir Technologies Inc,32212473,-1.97,130.63,136.1,129.92,4.64,0.0134,313160863555
2026-06-17,2026-06-17 22:49:59 UTC,79,NOW,Servicenow Inc,32058190,-5.7700000000000005,95.48,102.89,95.09,7.68,0.0311,98469287840
2026-06-17,2026-06-17 22:49:59 UTC,80,HPE,Hewlett Packard Enterprise Co,31212136,-0.37,48.2,50.45,47.95,5.16,0.0236,63826609712
2026-06-17,2026-06-17 22:49:59 UTC,81,PFE,Pfizer,31086376,-0.45999999999999996,25.92,26.28,25.87,1.59,0.0055,147729592860
2026-06-17,2026-06-17 22:49:59 UTC,82,BTBT,Bit Digital Inc,30965323,-0.49,2.03,2.2,2.02,8.82,0.0887,708856552
2026-06-17,2026-06-17 22:49:59 UTC,83,ASTS,Ast Spacemobile Inc,30285658,3.8699999999999997,85.43,88.95,83.19,7.000000000000001,0.078,33157482185
2026-06-17,2026-06-17 22:49:59 UTC,84,FIG,Figma,29708274,3.73,18.65,19.86,18.23,9.07,0.0562,9854223086
2026-06-17,2026-06-17 22:49:59 UTC,85,RKLB,Rocket Lab Usa Inc,28668151,3.2,107.98,111.34,104.04,6.97,0.0495,62506109950
2026-06-17,2026-06-17 22:49:59 UTC,86,BTG,B2Gold,28481527,-3.5000000000000004,4.41,4.67,4.4,5.91,0.0213,5891369961
2026-06-17,2026-06-17 22:49:59 UTC,87,FRSH,Freshworks Inc.,28247518,-5.47,8.98,9.55,8.97,6.17,0.1022,2482378819
2026-06-17,2026-06-17 22:49:59 UTC,88,WULF,Terawulf Inc,28233841,-0.54,27.86,29.0,27.4,5.71,0.057,13805539489
2026-06-17,2026-06-17 22:49:59 UTC,89,QBTS,D Wave Quantum,27575223,-4.26,22.92,24.55,22.85,7.1,0.0752,8405625814
2026-06-17,2026-06-17 22:49:59 UTC,90,GNS,Genius Group,27192746,4.8,0.225,0.239,0.22,8.62,0.1397,43802593
2026-06-17,2026-06-17 22:49:59 UTC,91,AMD,Advanced Micro Devices Inc,27025843,1.02,512.48,532.5,507.3,4.97,0.0166,835650215474
2026-06-17,2026-06-17 22:49:59 UTC,92,APLD,Applied Digital,26989678,-1.51,45.57,48.67,45.25,7.39,0.0944,13022517892
2026-06-17,2026-06-17 22:49:59 UTC,93,YYGH,YY Group Holdings,26819673,-8.58,0.1289,0.134,0.123,7.59,2.8619,1207972
2026-06-17,2026-06-17 22:49:59 UTC,94,CRWV,"CoreWeave, Inc.",26559577,-1.5599999999999998,115.21,122.0,114.9,6.069999999999999,0.0487,62855159562
2026-06-17,2026-06-17 22:49:59 UTC,95,URG,Ur-Energy,26543539,-5.489999999999999,1.55,1.765,1.53,14.330000000000002,0.0668,615864372
2026-06-17,2026-06-17 22:49:59 UTC,96,LNAI,Lunai Bioworks,26434510,40.6,4.0,5.02,3.64,48.51,5.8304,18135560
2026-06-17,2026-06-17 22:49:59 UTC,97,LPRO,Open Lending Corporation,26302244,-0.16,3.105,3.12,3.1,0.64,0.2225,367064039
2026-06-17,2026-06-17 22:49:59 UTC,98,FFAI,Faraday Future Intelligent Electric Inc,26300886,-9.13,0.2935,0.3438,0.2883,15.76,0.0865,89195866
2026-06-17,2026-06-17 22:49:59 UTC,99,RIG,Transocean,26175110,-0.18,5.58,5.64,5.55,1.6099999999999999,0.0234,6229741762
2026-06-17,2026-06-17 22:49:59 UTC,100,NIO,Nio Inc.,26122446,0.8,5.05,5.17,4.96,4.19,0.0104,12653618461
2026-06-18,2026-06-18 22:49:59 UTC,1,ADTX,Aditxt Inc,5334516997,127.27,0.01,0.0175,0.0086,202.26999999999998,6538.0313,8159
2026-06-18,2026-06-18 22:49:59 UTC,2,GDC,GD CULTURE GROUP LTD,918528531,-15.02,0.0181,0.023,0.0161,32.39,15.1174,1099750
2026-06-18,2026-06-18 22:49:59 UTC,3,GPUS,Hyperscale Data Inc.,721168696,-9.78,0.359,0.5699,0.3438,56.82000000000001,1.5623,165716913
2026-06-18,2026-06-18 22:49:59 UTC,4,SRXH,SRX Health Solutions Inc,391735060,-37.59,0.1245,0.1829,0.115,34.04,0.6637,73486718
2026-06-18,2026-06-18 22:49:59 UTC,5,SPCX,Space Exploration Technologies Corp,271711824,-3.56,185.0,190.0,172.11,9.33,0.0208,2419035057375
2026-06-18,2026-06-18 22:49:59 UTC,6,MRVL,Marvell Technology Inc,251027394,7.2700000000000005,310.58,329.88,302.36,9.5,0.287,271695384000
2026-06-18,2026-06-18 22:49:59 UTC,7,CDT,CDT Equity,248956723,47.19,1.02,1.8,0.8721,133.9,51.2431,4955517
2026-06-18,2026-06-18 22:49:59 UTC,8,NVDA,Nvidia Corporation,241114339,2.9499999999999997,210.69,211.39,206.5,2.39,0.01,5098698000000
2026-06-18,2026-06-18 22:49:59 UTC,9,INTC,Intel Corp,233587546,10.639999999999999,133.99,135.48,127.9,6.260000000000001,0.0465,673433740000
2026-06-18,2026-06-18 22:49:59 UTC,10,WKSP,Worksport Ltd,206768250,23.330000000000002,0.7379,1.09,0.73,58.5,16.4998,9247023
2026-06-18,2026-06-18 22:49:59 UTC,11,CDE,Coeur Mng Inc,182068425,-0.11,17.51,18.18,17.02,6.619999999999999,0.1765,18058674554
2026-06-18,2026-06-18 22:49:59 UTC,12,INLF,INLIF,130057409,-64.2,0.1566,0.2487,0.1494,22.59,9.4202,2162058
2026-06-18,2026-06-18 22:49:59 UTC,13,NOK,Nokia,126630115,-2.46,13.49,14.04,13.29,5.42,0.0226,75445685945
2026-06-18,2026-06-18 22:49:59 UTC,14,AAL,American Airline,126270747,3.6999999999999997,15.99,16.07,15.77,1.9800000000000002,0.1909,10575548340
2026-06-18,2026-06-18 22:49:59 UTC,15,PFE,Pfizer,119587208,-2.74,25.21,25.66,24.94,2.78,0.021,143682987500
2026-06-18,2026-06-18 22:49:59 UTC,16,AZTR,Azitra Inc,119449220,-15.42,0.1717,0.248,0.1717,20.89,7.3769,2780241
2026-06-18,2026-06-18 22:49:59 UTC,17,CAST,Freecast Inc,112758212,56.699999999999996,8.07,12.2,7.15,98.06,2.7275,333628438
2026-06-18,2026-06-18 22:49:59 UTC,18,CRVO,CervoMed,107776724,11.29,4.24,7.81,3.84,104.2,11.6406,39256968
2026-06-18,2026-06-18 22:49:59 UTC,19,T,At&T,94200537,-1.92,22.01,22.52,21.99,2.36,0.0136,152932937758
2026-06-18,2026-06-18 22:49:59 UTC,20,NFLX,Netflix Inc,91866482,0.5499999999999999,77.38,78.24,76.12,2.75,0.0218,325831590096
2026-06-18,2026-06-18 22:49:59 UTC,21,F,Ford Mtr Co Del,88698921,0.72,14.06,14.13,13.72,2.94,0.0223,56024778377
2026-06-18,2026-06-18 22:49:59 UTC,22,KEEL,Keel Infrastructure Corp,87213368,5.36,6.29,6.37,5.94,7.16,0.1445,3796930358
2026-06-18,2026-06-18 22:49:59 UTC,23,AAPL,Apple Inc,85948296,0.7000000000000001,298.01,300.57,295.62,1.67,0.0059,4376978961560
2026-06-18,2026-06-18 22:49:59 UTC,24,GRAB,Grab Holdings Limited,85572423,3.4799999999999995,3.57,3.61,3.34,7.829999999999999,0.0209,14601300000
2026-06-18,2026-06-18 22:49:59 UTC,25,QS,Quantumscape Corp,85473010,16.520000000000003,8.04,8.08,7.14,13.62,0.1389,4945766411
2026-06-18,2026-06-18 22:49:59 UTC,26,AMC,Amc Entmt Hldgs Inc,81353276,6.39,2.83,2.9,2.58,12.030000000000001,0.1079,2134305970
2026-06-18,2026-06-18 22:49:59 UTC,27,FLEX,Flex Ltd,80911180,3.1300000000000003,147.61,153.38,143.85,6.660000000000001,0.2208,54081045214
2026-06-18,2026-06-18 22:49:59 UTC,28,SOFI,Sofi Technologies Inc,80871895,2.81,17.91,17.99,17.27,4.16,0.063,22973894892
2026-06-18,2026-06-18 22:49:59 UTC,29,YYGH,YY Group Holdings,80689189,-37.7,0.0803,0.0892,0.0697,15.129999999999999,0.8401,7712947
2026-06-18,2026-06-18 22:49:59 UTC,30,AMZN,Amazon Com,75774855,2.9000000000000004,244.39,245.73,236.02,4.09,0.007,2628929975064
2026-06-18,2026-06-18 22:49:59 UTC,31,CMCSA,Comcast Corp,74550755,-1.15,22.43,22.86,22.38,1.94,0.0209,80125086533
2026-06-18,2026-06-18 22:49:59 UTC,32,COTY,Coty Inc,73240417,2.63,1.95,1.959,1.89,3.64,0.0832,1716909554
2026-06-18,2026-06-18 22:49:59 UTC,33,ATPC,Agape Atp Corp,72333922,42.120000000000005,3.88,6.12,2.98,115.00999999999999,72.2887,3882428
2026-06-18,2026-06-18 22:49:59 UTC,34,BAC,Bank of America Corp,70438153,-0.58,56.2,57.33,56.03,2.3,0.0099,398828394586
2026-06-18,2026-06-18 22:49:59 UTC,35,RKLB,Rocket Lab Usa Inc,70284644,-0.69,107.24,109.55,100.96,7.960000000000001,0.1214,62077748019
2026-06-18,2026-06-18 22:49:59 UTC,36,LNKS,Linkers,69708798,67.5,2.68,3.55,2.159,86.92999999999999,43.3888,4305722
2026-06-18,2026-06-18 22:49:59 UTC,37,SMR,NuScale Power Corporation,68424773,13.54,11.74,11.8,10.46,13.01,0.1872,4290748771
2026-06-18,2026-06-18 22:49:59 UTC,38,SMCI,Super Micro Computer Inc,68227394,10.37,30.66,30.91,28.28,9.47,0.1055,19831880678
2026-06-18,2026-06-18 22:49:59 UTC,39,RIG,Transocean,67155019,-4.84,5.31,5.57,5.14,7.62,0.0602,5928302644
2026-06-18,2026-06-18 22:49:59 UTC,40,NU,Nu Hldgs Ltd,66801822,-1.4000000000000001,12.71,13.08,12.68,3.1,0.0137,61792731300
2026-06-18,2026-06-18 22:49:59 UTC,41,VZ,Verizon Comms,66303552,-1.03,45.37,46.06,45.36,1.49,0.0159,189445107746
2026-06-18,2026-06-18 22:49:59 UTC,42,PLUG,Plug Power,66260929,7.55,2.85,2.86,2.64,8.3,0.0475,3975946883
2026-06-18,2026-06-18 22:49:59 UTC,43,CRWV,"CoreWeave, Inc.",65512239,2.3800000000000003,117.95,119.89,114.13,5.0,0.1201,64350022310
2026-06-18,2026-06-18 22:49:59 UTC,44,MU,Micron Technology Inc,64385178,8.7,1133.99,1149.43,1092.79,5.43,0.0571,1278839136493
2026-06-18,2026-06-18 22:49:59 UTC,45,ONDS,Ondas Holdings Inc.,63874321,1.6400000000000001,9.27,9.46,8.92,5.92,0.1235,4794428491
2026-06-18,2026-06-18 22:49:59 UTC,46,INFY,Infosys,63560331,-9.66,10.57,11.12,10.46,5.64,0.0157,42875726161
2026-06-18,2026-06-18 22:49:59 UTC,47,TE,T1 Energy,62718557,3.4299999999999997,9.35,9.61,8.43,13.05,0.2247,2609291194
2026-06-18,2026-06-18 22:49:59 UTC,48,CPB,The Campbell's Company,62141151,0.19,21.15,21.37,20.95,1.9900000000000002,0.2084,6307062039
2026-06-18,2026-06-18 22:49:59 UTC,49,CTSH,Cognizant Technology Solutions,61311120,-10.489999999999998,43.7,46.44,43.41,6.22,0.1294,20708095795
2026-06-18,2026-06-18 22:49:59 UTC,50,SNAP,Snap Inc,60902749,-1.69,4.66,4.8,4.63,3.5900000000000003,0.0368,7722369952
2026-06-18,2026-06-18 22:49:59 UTC,51,BFLY,Butterfly Network Inc,60235681,55.87,8.9,8.94,7.1,32.22,0.2302,2328604063
2026-06-18,2026-06-18 22:49:59 UTC,52,MSFT,Microsoft Corp,59683539,0.13,379.4,381.37,373.28,2.1399999999999997,0.008,2818348126697
2026-06-18,2026-06-18 22:49:59 UTC,53,TSLA,Tesla Inc,58337675,1.04,400.49,402.52,384.7,4.5,0.0155,1504129853096
2026-06-18,2026-06-18 22:49:59 UTC,54,CRM,Salesforce Com Inc,57932724,-2.09,151.78,154.47,149.8,3.01,0.0707,124307820000
2026-06-18,2026-06-18 22:49:59 UTC,55,WPRT,Westport Fuel Systems Inc,57445409,21.51,2.26,2.5,1.92,31.180000000000003,3.3023,39314358
2026-06-18,2026-06-18 22:49:59 UTC,56,PLTR,Palantir Technologies Inc,55266234,-1.6500000000000001,128.47,131.43,125.01,4.9,0.0231,307982669685
2026-06-18,2026-06-18 22:49:59 UTC,57,QNC,Quantum Emotion Corp,54103300,2.86,3.24,3.34,2.96,11.75,0.2466,710790130
2026-06-18,2026-06-18 22:49:59 UTC,58,HPE,Hewlett Packard Enterprise Co,53320452,-1.6400000000000001,47.41,49.6,46.93,5.54,0.0403,62780488930
2026-06-18,2026-06-18 22:49:59 UTC,59,RKT,Rocket Companies Inc,52810552,9.08,14.42,14.46,13.35,8.32,0.0187,40800376591
2026-06-18,2026-06-18 22:49:59 UTC,60,SNBR,Sleep Number,52405570,-46.87,0.2072,0.2843,0.1944,23.05,2.2737,4775752
2026-06-18,2026-06-18 22:49:59 UTC,61,CSCO,Cisco Sys Inc,52278966,1.8800000000000001,119.54,120.32,117.3,2.5700000000000003,0.0133,471159099854
2026-06-18,2026-06-18 22:49:59 UTC,62,BMNR,Bitmine Immersion Technologies Inc,51498941,2.8000000000000003,16.14,16.22,15.44,4.96,0.0958,8677329138
2026-06-18,2026-06-18 22:49:59 UTC,63,TTD,The Trade Desk,50652092,1.9300000000000002,18.51,18.57,17.77,4.38,0.1077,8701705762
2026-06-18,2026-06-18 22:49:59 UTC,64,VIAV,Viavi Solutions Inc,49084948,-3.2,47.17,51.89,46.72,10.59,0.199,11636161968
2026-06-18,2026-06-18 22:49:59 UTC,65,XOM,Exxon Mobil,48060475,-2.08,137.81,138.46,135.85,1.8499999999999999,0.0116,571215168395
2026-06-18,2026-06-18 22:49:59 UTC,66,APWC,Asia Pacific Wir,48035588,43.169999999999995,1.99,2.28,1.68,43.169999999999995,1.165,82052583
2026-06-18,2026-06-18 22:49:59 UTC,67,HIVE,HIVE Digital Technologies Ltd,47561513,7.3,4.26,4.46,4.105,8.81,0.1778,1139255297
2026-06-18,2026-06-18 22:49:59 UTC,68,URG,Ur-Energy,47088282,-3.2300000000000004,1.5,1.615,1.45,10.65,0.1185,595997779
2026-06-18,2026-06-18 22:49:59 UTC,69,QCOM,Qualcomm Inc,47061900,6.17,226.11,229.42,214.73,6.9,0.0447,238319940000
2026-06-18,2026-06-18 22:49:59 UTC,70,KO,Coca Cola Co,46855514,-0.6799999999999999,79.39,80.01,78.74,1.6500000000000001,0.0109,341574079165
2026-06-18,2026-06-18 22:49:59 UTC,71,RDW,Redwire Corporation,46680801,-0.06999999999999999,14.35,14.38,13.26,7.8,0.1757,3813519574
2026-06-18,2026-06-18 22:49:59 UTC,72,QTEX,QTREX Quantum Ltd.,45472364,5.79,2.01,2.52,1.99,27.889999999999997,0.9252,98789556
2026-06-18,2026-06-18 22:49:59 UTC,73,PATH,Uipath Inc,45090212,0.38999999999999996,10.27,10.36,9.88,4.6899999999999995,0.087,5321095131
2026-06-18,2026-06-18 22:49:59 UTC,74,AVGO,Broadcom Inc,45053899,4.7,411.35,412.7,405.38,1.8599999999999999,0.0095,1957030614447
2026-06-18,2026-06-18 22:49:59 UTC,75,JOBY,Joby Aviation Inc,44889266,6.5,10.0,10.02,9.27,7.99,0.0456,9836428520
2026-06-18,2026-06-18 22:49:59 UTC,76,GOOGL,Alphabet Inc,44448121,1.17,368.03,369.48,358.67,2.97,0.0037,4458970768812
2026-06-18,2026-06-18 22:49:59 UTC,77,UWMC,Uwm Holdings Corporation,43982602,1.83,2.22,2.235,2.145,4.130000000000001,0.0275,3554415633
2026-06-18,2026-06-18 22:49:59 UTC,78,AMD,Advanced Micro Devices Inc,43775693,4.859999999999999,537.37,539.69,526.32,2.6100000000000003,0.0268,876235865379
2026-06-18,2026-06-18 22:49:59 UTC,79,WBD,WARNER BROS DISCOVERY INC,43686058,-0.15,26.2,26.54,26.14,1.54,0.0174,65686981592
2026-06-18,2026-06-18 22:49:59 UTC,80,BTBT,Bit Digital Inc,42984874,6.9,2.17,2.26,1.99,13.3,0.1231,757743211
2026-06-18,2026-06-18 22:49:59 UTC,81,HL,Hecla Mining Co,42016236,-0.62,15.96,16.45,15.65,5.01,0.0626,10704569951
2026-06-18,2026-06-18 22:49:59 UTC,82,ABT,Abbott Labs,41964431,-0.1,88.41,89.44,87.76,1.9,0.0241,153993636847
2026-06-18,2026-06-18 22:49:59 UTC,83,SLB,SLB Limited,41855349,-4.45,48.09,50.22,47.61,5.19,0.028,71897322917
2026-06-18,2026-06-18 22:49:59 UTC,84,ACN,Accenture Plc Ireland,41725140,-17.97,127.98,134.7,125.6,5.83,0.0627,85163358409
2026-06-18,2026-06-18 22:49:59 UTC,85,FRMI,Fermi Inc.,41535951,9.700000000000001,9.5,10.14,9.08,12.120000000000001,0.0651,6056955270
2026-06-18,2026-06-18 22:49:59 UTC,86,ACHR,Archer Aviation Inc,40957652,3.92,5.57,5.59,5.24,6.529999999999999,0.0539,4230960910
2026-06-18,2026-06-18 22:49:59 UTC,87,DNN,Denison Mines,40488326,1.21,3.35,3.436,3.27,4.9799999999999995,0.0447,3031806822
2026-06-18,2026-06-18 22:49:59 UTC,88,JBLU,Jetblue Awys Corp,40466631,10.72,5.68,5.69,5.29,7.8,0.1088,2113067317
2026-06-18,2026-06-18 22:49:59 UTC,89,PINS,Pinterest,39836349,-0.44,20.27,20.67,19.78,4.37,0.0711,11354389018
2026-06-18,2026-06-18 22:49:59 UTC,90,HOOD,"Robinhood Markets, Inc.",39467679,2.8000000000000003,108.15,109.08,103.46,5.34,0.0438,97389621914
2026-06-18,2026-06-18 22:49:59 UTC,91,CIFR,Cipher Digital Inc,39382338,10.74,29.18,30.01,26.56,13.089999999999998,0.0963,11936055568
2026-06-18,2026-06-18 22:49:59 UTC,92,IREN,IREN Ltd,39326480,3.18,59.96,61.53,58.0,6.04,0.11,21428425293
2026-06-18,2026-06-18 22:49:59 UTC,93,ALIT,Alight Inc.,38810707,-4.3999999999999995,0.5692,0.5779,0.5358,7.07,0.0722,305798135
2026-06-18,2026-06-18 22:49:59 UTC,94,EBC,"Eastern Bankshares, Inc.",37966051,2.23,20.6,20.71,20.27,2.11,0.1643,4761547839
2026-06-18,2026-06-18 22:49:59 UTC,95,AUR,Aurora Innovation Inc,37887111,3.8,6.28,6.3,6.01,4.81,0.0193,12316355398
2026-06-18,2026-06-18 22:49:59 UTC,96,DVN,Devon Energy Corp,37585937,-1.08,42.12,42.32,41.52,1.87,0.0326,48581338866
2026-06-18,2026-06-18 22:49:59 UTC,97,CXAI,CXApp,37276189,19.15,0.2551,0.2646,0.2146,23.35,0.385,24698477
2026-06-18,2026-06-18 22:49:59 UTC,98,ABTC,American Bitcoin Corp,37269396,0.8999999999999999,0.8504,0.86,0.815,5.34,0.0351,903986429
2026-06-18,2026-06-18 22:49:59 UTC,99,WFC,Wells Fargo Co,36735847,-1.92,82.2,85.57,81.95,4.25,0.012,251547576406
2026-06-18,2026-06-18 22:49:59 UTC,100,NBIS,Nebius Group,36588269,2.06,286.69,298.8,275.58,8.27,0.1441,72790073237
2026-06-19,2026-06-19 01:09:58 UTC,1,ADTX,Aditxt Inc,5383006389,127.27,0.01,0.0175,0.0086,202.26999999999998,6597.4603,8159
2026-06-19,2026-06-19 01:09:58 UTC,2,GDC,GD CULTURE GROUP LTD,931144618,-15.02,0.0181,0.023,0.0161,32.39,15.325,1099750
2026-06-19,2026-06-19 01:09:58 UTC,3,GPUS,Hyperscale Data Inc.,727768736,-9.78,0.359,0.5699,0.3438,56.82000000000001,1.5766,165716913
2026-06-19,2026-06-19 01:09:58 UTC,4,SRXH,SRX Health Solutions Inc,394521590,-37.59,0.1245,0.1829,0.115,34.04,0.6684,73486718
2026-06-19,2026-06-19 01:09:58 UTC,5,SPCX,Space Exploration Technologies Corp,272126781,-3.56,185.0,190.0,172.11,9.33,0.0208,2419035057375
2026-06-19,2026-06-19 01:09:58 UTC,6,MRVL,Marvell Technology Inc,251137403,7.2700000000000005,310.58,329.88,302.36,9.5,0.2871,271695384000
2026-06-19,2026-06-19 01:09:58 UTC,7,CDT,CDT Equity,249471140,47.19,1.02,1.8,0.8721,133.9,51.3489,4955517
2026-06-19,2026-06-19 01:09:58 UTC,8,NVDA,Nvidia Corporation,241272013,2.9499999999999997,210.69,211.39,206.5,2.39,0.01,5098698000000
2026-06-19,2026-06-19 01:09:58 UTC,9,INTC,Intel Corp,233906555,10.639999999999999,133.99,135.48,127.9,6.260000000000001,0.0465,673433740000
2026-06-19,2026-06-19 01:09:58 UTC,10,WKSP,Worksport Ltd,207077675,23.330000000000002,0.7379,1.09,0.73,58.5,16.5245,9247023
2026-06-19,2026-06-19 01:09:58 UTC,11,CDE,Coeur Mng Inc,182076193,-0.11,17.51,18.18,17.02,6.619999999999999,0.1765,18058674554
2026-06-19,2026-06-19 01:09:58 UTC,12,INLF,INLIF,131517870,-64.2,0.1566,0.2487,0.1494,22.59,9.526,2162058
2026-06-19,2026-06-19 01:09:58 UTC,13,NOK,Nokia,126787745,-2.46,13.49,14.04,13.29,5.42,0.0227,75445685945
2026-06-19,2026-06-19 01:09:58 UTC,14,AAL,American Airline,126278445,3.6999999999999997,15.99,16.07,15.77,1.9800000000000002,0.1909,10575548340
2026-06-19,2026-06-19 01:09:58 UTC,15,AZTR,Azitra Inc,120220360,-15.42,0.1717,0.248,0.1717,20.89,7.4245,2780241
2026-06-19,2026-06-19 01:09:58 UTC,16,PFE,Pfizer,119614339,-2.74,25.21,25.66,24.94,2.78,0.021,143682987500
2026-06-19,2026-06-19 01:09:58 UTC,17,CAST,Freecast Inc,113021411,56.699999999999996,8.07,12.2,7.15,98.06,2.7338,333628438
2026-06-19,2026-06-19 01:09:58 UTC,18,CRVO,CervoMed,107909165,11.29,4.24,7.81,3.84,104.2,11.6549,39256968
2026-06-19,2026-06-19 01:09:58 UTC,19,T,At&T,94242931,-1.92,22.01,22.52,21.99,2.36,0.0136,152932937758
2026-06-19,2026-06-19 01:09:58 UTC,20,NFLX,Netflix Inc,91920414,0.5499999999999999,77.38,78.24,76.12,2.75,0.0218,325831590096
2026-06-19,2026-06-19 01:09:58 UTC,21,F,Ford Mtr Co Del,88711728,0.72,14.06,14.13,13.72,2.94,0.0223,56024778377
2026-06-19,2026-06-19 01:09:58 UTC,22,KEEL,Keel Infrastructure Corp,87302077,5.36,6.29,6.37,5.94,7.16,0.1446,3796930358
2026-06-19,2026-06-19 01:09:58 UTC,23,AAPL,Apple Inc,85962201,0.7000000000000001,298.01,300.57,295.62,1.67,0.0059,4376978961560
2026-06-19,2026-06-19 01:09:58 UTC,24,GRAB,Grab Holdings Limited,85667364,3.4799999999999995,3.57,3.61,3.34,7.829999999999999,0.0209,14601300000
2026-06-19,2026-06-19 01:09:58 UTC,25,QS,Quantumscape Corp,85585773,16.520000000000003,8.04,8.08,7.14,13.62,0.1391,4945766411
2026-06-19,2026-06-19 01:09:58 UTC,26,YYGH,YY Group Holdings,82042673,-37.7,0.0803,0.0892,0.0697,15.129999999999999,0.8542,7712947
2026-06-19,2026-06-19 01:09:58 UTC,27,AMC,Amc Entmt Hldgs Inc,81447365,6.39,2.83,2.9,2.58,12.030000000000001,0.108,2134305970
2026-06-19,2026-06-19 01:09:58 UTC,28,SOFI,Sofi Technologies Inc,80961071,2.81,17.91,17.99,17.27,4.16,0.0631,22973894892
2026-06-19,2026-06-19 01:09:58 UTC,29,FLEX,Flex Ltd,80915265,3.1300000000000003,147.61,153.38,143.85,6.660000000000001,0.2209,54081045214
2026-06-19,2026-06-19 01:09:58 UTC,30,AMZN,Amazon Com,75798858,2.9000000000000004,244.39,245.73,236.02,4.09,0.007,2628929975064
2026-06-19,2026-06-19 01:09:58 UTC,31,CMCSA,Comcast Corp,74561805,-1.15,22.43,22.86,22.38,1.94,0.0209,80125086533
2026-06-19,2026-06-19 01:09:58 UTC,32,COTY,Coty Inc,73242328,2.63,1.95,1.959,1.89,3.64,0.0832,1716909554
2026-06-19,2026-06-19 01:09:58 UTC,33,ATPC,Agape Atp Corp,72449876,42.120000000000005,3.88,6.12,2.98,115.00999999999999,72.4046,3882428
2026-06-19,2026-06-19 01:09:58 UTC,34,BAC,Bank of America Corp,70438836,-0.58,56.2,57.33,56.03,2.3,0.0099,398828394586
2026-06-19,2026-06-19 01:09:58 UTC,35,RKLB,Rocket Lab Usa Inc,70325989,-0.69,107.24,109.55,100.96,7.960000000000001,0.1215,62077748019
2026-06-19,2026-06-19 01:09:58 UTC,36,LNKS,Linkers,69879693,67.5,2.68,3.55,2.159,86.92999999999999,43.495,4305722
2026-06-19,2026-06-19 01:09:58 UTC,37,SMR,NuScale Power Corporation,68495315,13.54,11.74,11.8,10.46,13.01,0.1874,4290748771
2026-06-19,2026-06-19 01:09:58 UTC,38,SMCI,Super Micro Computer Inc,68325332,10.37,30.66,30.91,28.28,9.47,0.1056,19831880678
2026-06-19,2026-06-19 01:09:58 UTC,39,RIG,Transocean,67158426,-4.84,5.31,5.57,5.14,7.62,0.0602,5928302644
2026-06-19,2026-06-19 01:09:58 UTC,40,NU,Nu Hldgs Ltd,66813171,-1.4000000000000001,12.71,13.08,12.68,3.1,0.0137,61792731300
2026-06-19,2026-06-19 01:09:58 UTC,41,PLUG,Plug Power,66373900,7.55,2.85,2.86,2.64,8.3,0.0476,3975946883
2026-06-19,2026-06-19 01:09:58 UTC,42,VZ,Verizon Comms,66305278,-1.03,45.37,46.06,45.36,1.49,0.0159,189445107746
2026-06-19,2026-06-19 01:09:58 UTC,43,CRWV,"CoreWeave, Inc.",65546307,2.3800000000000003,117.95,119.89,114.13,5.0,0.1201,64350022310
2026-06-19,2026-06-19 01:09:58 UTC,44,MU,Micron Technology Inc,64642538,8.7,1133.99,1149.43,1092.79,5.43,0.0573,1278839136493
2026-06-19,2026-06-19 01:09:58 UTC,45,ONDS,Ondas Holdings Inc.,64112213,1.6400000000000001,9.27,9.46,8.92,5.92,0.124,4794428491
2026-06-19,2026-06-19 01:09:58 UTC,46,INFY,Infosys,63561773,-9.66,10.57,11.12,10.46,5.64,0.0157,42875726161
2026-06-19,2026-06-19 01:09:58 UTC,47,TE,T1 Energy,62793982,3.4299999999999997,9.35,9.61,8.43,13.05,0.225,2609291194
2026-06-19,2026-06-19 01:09:58 UTC,48,CPB,The Campbell's Company,62142146,0.19,21.15,21.37,20.95,1.9900000000000002,0.2084,6307062039
2026-06-19,2026-06-19 01:09:58 UTC,49,CTSH,Cognizant Technology Solutions,61312375,-10.489999999999998,43.7,46.44,43.41,6.22,0.1294,20708095795
2026-06-19,2026-06-19 01:09:58 UTC,50,SNAP,Snap Inc,60953766,-1.69,4.66,4.8,4.63,3.5900000000000003,0.0368,7722369952
2026-06-19,2026-06-19 01:09:58 UTC,51,BFLY,Butterfly Network Inc,60480073,55.87,8.9,8.94,7.1,32.22,0.2312,2328604063
2026-06-19,2026-06-19 01:09:58 UTC,52,MSFT,Microsoft Corp,59714157,0.13,379.4,381.37,373.28,2.1399999999999997,0.008,2818348126697
2026-06-19,2026-06-19 01:09:58 UTC,53,TSLA,Tesla Inc,58384713,1.04,400.49,402.52,384.7,4.5,0.0155,1504129853096
2026-06-19,2026-06-19 01:09:58 UTC,54,CRM,Salesforce Com Inc,57940830,-2.09,151.78,154.47,149.8,3.01,0.0707,124307820000
2026-06-19,2026-06-19 01:09:58 UTC,55,WPRT,Westport Fuel Systems Inc,57493531,21.51,2.26,2.5,1.92,31.180000000000003,3.305,39314358
2026-06-19,2026-06-19 01:09:58 UTC,56,PLTR,Palantir Technologies Inc,55337987,-1.6500000000000001,128.47,131.43,125.01,4.9,0.0231,307982669685
2026-06-19,2026-06-19 01:09:58 UTC,57,QNC,Quantum Emotion Corp,54105377,2.86,3.24,3.34,2.96,11.75,0.2466,710790130
2026-06-19,2026-06-19 01:09:58 UTC,58,HPE,Hewlett Packard Enterprise Co,53337786,-1.6400000000000001,47.41,49.6,46.93,5.54,0.0403,62780488930
2026-06-19,2026-06-19 01:09:58 UTC,59,RKT,Rocket Companies Inc,52813670,9.08,14.42,14.46,13.35,8.32,0.0187,40800376591
2026-06-19,2026-06-19 01:09:58 UTC,60,SNBR,Sleep Number,52747085,-46.87,0.2072,0.2843,0.1944,23.05,2.2885,4775752
2026-06-19,2026-06-19 01:09:58 UTC,61,CSCO,Cisco Sys Inc,52284353,1.8800000000000001,119.54,120.32,117.3,2.5700000000000003,0.0133,471159099854
2026-06-19,2026-06-19 01:09:58 UTC,62,BMNR,Bitmine Immersion Technologies Inc,51599250,2.8000000000000003,16.14,16.22,15.44,4.96,0.096,8677329138
2026-06-19,2026-06-19 01:09:58 UTC,63,TTD,The Trade Desk,50679169,1.9300000000000002,18.51,18.57,17.77,4.38,0.1078,8701705762
2026-06-19,2026-06-19 01:09:58 UTC,64,VIAV,Viavi Solutions Inc,49091173,-3.2,47.17,51.89,46.72,10.59,0.199,11636161968
2026-06-19,2026-06-19 01:09:58 UTC,65,APWC,Asia Pacific Wir,48089946,43.169999999999995,1.99,2.28,1.68,43.169999999999995,1.1663,82052583
2026-06-19,2026-06-19 01:09:58 UTC,66,XOM,Exxon Mobil,48063443,-2.08,137.81,138.46,135.85,1.8499999999999999,0.0116,571215168395
2026-06-19,2026-06-19 01:09:58 UTC,67,HIVE,HIVE Digital Technologies Ltd,47603683,7.3,4.26,4.46,4.105,8.81,0.178,1139255297
2026-06-19,2026-06-19 01:09:58 UTC,68,URG,Ur-Energy,47106762,-3.2300000000000004,1.5,1.615,1.45,10.65,0.1186,595997779
2026-06-19,2026-06-19 01:09:58 UTC,69,QCOM,Qualcomm Inc,47081544,6.17,226.11,229.42,214.73,6.9,0.0447,238319940000
2026-06-19,2026-06-19 01:09:58 UTC,70,KO,Coca Cola Co,46857949,-0.6799999999999999,79.39,80.01,78.74,1.6500000000000001,0.0109,341574079165
2026-06-19,2026-06-19 01:09:58 UTC,71,RDW,Redwire Corporation,46785421,-0.06999999999999999,14.35,14.38,13.26,7.8,0.1761,3813519574
2026-06-19,2026-06-19 01:09:58 UTC,72,QTEX,QTREX Quantum Ltd.,45631670,5.79,2.01,2.52,1.99,27.889999999999997,0.9284,98789556
2026-06-19,2026-06-19 01:09:58 UTC,73,PATH,Uipath Inc,45204618,0.38999999999999996,10.27,10.36,9.88,4.6899999999999995,0.0872,5321095131
2026-06-19,2026-06-19 01:09:58 UTC,74,AVGO,Broadcom Inc,45076052,4.7,411.35,412.7,405.38,1.8599999999999999,0.0095,1957030614447
2026-06-19,2026-06-19 01:09:58 UTC,75,JOBY,Joby Aviation Inc,44916479,6.5,10.0,10.02,9.27,7.99,0.0457,9836428520
2026-06-19,2026-06-19 01:09:58 UTC,76,GOOGL,Alphabet Inc,44470070,1.17,368.03,369.48,358.67,2.97,0.0037,4458970768812
2026-06-19,2026-06-19 01:09:58 UTC,77,UWMC,Uwm Holdings Corporation,43983746,1.83,2.22,2.235,2.145,4.130000000000001,0.0275,3554415633
2026-06-19,2026-06-19 01:09:58 UTC,78,AMD,Advanced Micro Devices Inc,43805645,4.859999999999999,537.37,539.69,526.32,2.6100000000000003,0.0269,876235865379
2026-06-19,2026-06-19 01:09:58 UTC,79,WBD,WARNER BROS DISCOVERY INC,43702180,-0.15,26.2,26.54,26.14,1.54,0.0174,65686981592
2026-06-19,2026-06-19 01:09:58 UTC,80,BTBT,Bit Digital Inc,43025940,6.9,2.17,2.26,1.99,13.3,0.1232,757743211
2026-06-19,2026-06-19 01:09:58 UTC,81,HL,Hecla Mining Co,42034454,-0.62,15.96,16.45,15.65,5.01,0.0627,10704569951
2026-06-19,2026-06-19 01:09:58 UTC,82,ABT,Abbott Labs,41964841,-0.1,88.41,89.44,87.76,1.9,0.0241,153993636847
2026-06-19,2026-06-19 01:09:58 UTC,83,SLB,SLB Limited,41856505,-4.45,48.09,50.22,47.61,5.19,0.028,71897322917
2026-06-19,2026-06-19 01:09:58 UTC,84,ACN,Accenture Plc Ireland,41744292,-17.97,127.98,134.7,125.6,5.83,0.0627,85163358409
2026-06-19,2026-06-19 01:09:58 UTC,85,FRMI,Fermi Inc.,41547466,9.700000000000001,9.5,10.14,9.08,12.120000000000001,0.0652,6056955270
2026-06-19,2026-06-19 01:09:58 UTC,86,ACHR,Archer Aviation Inc,40987169,3.92,5.57,5.59,5.24,6.529999999999999,0.054,4230960910
2026-06-19,2026-06-19 01:09:58 UTC,87,DNN,Denison Mines,40490753,1.21,3.35,3.436,3.27,4.9799999999999995,0.0447,3031806822
2026-06-19,2026-06-19 01:09:58 UTC,88,JBLU,Jetblue Awys Corp,40473856,10.72,5.68,5.69,5.29,7.8,0.1088,2113067317
2026-06-19,2026-06-19 01:09:58 UTC,89,PINS,Pinterest,39836393,-0.44,20.27,20.67,19.78,4.37,0.0711,11354389018
2026-06-19,2026-06-19 01:09:58 UTC,90,HOOD,"Robinhood Markets, Inc.",39509947,2.8000000000000003,108.15,109.08,103.46,5.34,0.0439,97389621914
2026-06-19,2026-06-19 01:09:58 UTC,91,CIFR,Cipher Digital Inc,39415664,10.74,29.18,30.01,26.56,13.089999999999998,0.0964,11936055568
2026-06-19,2026-06-19 01:09:58 UTC,92,IREN,IREN Ltd,39394562,3.18,59.96,61.53,58.0,6.04,0.1102,21428425293
2026-06-19,2026-06-19 01:09:58 UTC,93,ALIT,Alight Inc.,38811124,-4.3999999999999995,0.5692,0.5779,0.5358,7.07,0.0722,305798135
2026-06-19,2026-06-19 01:09:58 UTC,94,EBC,"Eastern Bankshares, Inc.",37966185,2.23,20.6,20.71,20.27,2.11,0.1643,4761547839
2026-06-19,2026-06-19 01:09:58 UTC,95,AUR,Aurora Innovation Inc,37923870,3.8,6.28,6.3,6.01,4.81,0.0193,12316355398
2026-06-19,2026-06-19 01:09:58 UTC,96,DVN,Devon Energy Corp,37586360,-1.08,42.12,42.32,41.52,1.87,0.0326,48581338866
2026-06-19,2026-06-19 01:09:58 UTC,97,CXAI,CXApp,37530359,19.15,0.2551,0.2646,0.2146,23.35,0.3876,24698477
2026-06-19,2026-06-19 01:09:58 UTC,98,ABTC,American Bitcoin Corp,37288197,0.8999999999999999,0.8504,0.86,0.815,5.34,0.0351,903986429
2026-06-19,2026-06-19 01:09:58 UTC,99,WFC,Wells Fargo Co,36738626,-1.92,82.2,85.57,81.95,4.25,0.012,251547576406
2026-06-19,2026-06-19 01:09:58 UTC,100,NBIS,Nebius Group,36625522,2.06,286.69,298.8,275.58,8.27,0.1443,72790073237
2026-06-22,2026-06-22 22:49:57 UTC,1,ADTX,Aditxt Inc,2937609967,92.0,0.0192,0.022,0.0153,67.0,3600.4205,15665
2026-06-22,2026-06-22 22:49:57 UTC,2,GDC,GD CULTURE GROUP LTD,1069285383,12.15,0.0203,0.0223,0.0183,21.55,17.5986,1233422
2026-06-22,2026-06-22 22:49:57 UTC,3,TNON,"Tenon Medical, Inc.",270724216,77.57,0.6215,0.8,0.5658,66.91,23.3919,7192885
2026-06-22,2026-06-22 22:49:57 UTC,4,SKYQ,Sky Quarry Inc,220906861,62.39,1.9,2.34,1.35,84.61999999999999,46.0737,9109827
2026-06-22,2026-06-22 22:49:57 UTC,5,GETY,GETTY IMAGES HOLDINGS INC,216304071,90.05,1.15,1.48,1.03,74.37,0.5163,481803130
2026-06-22,2026-06-22 22:49:57 UTC,6,INLF,INLIF,214202889,-29.12,0.111,0.1416,0.1025,24.97,15.5149,1532493
2026-06-22,2026-06-22 22:49:57 UTC,7,GPUS,Hyperscale Data Inc.,191664414,-20.330000000000002,0.286,0.308,0.2578,13.98,0.4152,132019602
2026-06-22,2026-06-22 22:49:57 UTC,8,AAL,American Airline,177567615,0.5599999999999999,16.08,16.59,15.83,4.75,0.2685,10635073002
2026-06-22,2026-06-22 22:49:57 UTC,9,SPCX,Space Exploration Technologies Corp,168266116,-16.43,154.6,176.75,154.0,12.26,0.0129,2021528756055
2026-06-22,2026-06-22 22:49:57 UTC,10,AZTR,Azitra Inc,142831201,33.95,0.23,0.2573,0.203,31.619999999999997,8.8209,3724260
2026-06-22,2026-06-22 22:49:57 UTC,11,SRXH,SRX Health Solutions Inc,137792429,-10.36,0.1116,0.1298,0.1081,17.349999999999998,0.2334,65872432
2026-06-22,2026-06-22 22:49:57 UTC,12,SMCI,Super Micro Computer Inc,128111785,15.659999999999998,35.46,36.8,32.27,14.71,0.1981,22936676088
2026-06-22,2026-06-22 22:49:57 UTC,13,INTC,Intel Corp,126809205,5.19,140.94,141.45,136.21,3.91,0.0252,708364440000
2026-06-22,2026-06-22 22:49:57 UTC,14,NVDA,Nvidia Corporation,121818568,-0.97,208.65,213.99,207.72,2.98,0.005,5049330000000
2026-06-22,2026-06-22 22:49:57 UTC,15,NOK,Nokia,117330480,6.97,14.43,14.56,13.8,5.63,0.021,80702835299
2026-06-22,2026-06-22 22:49:57 UTC,16,EHGO,Eshallgo Inc,116997308,125.56,4.06,6.75,2.6,230.56,57.8447,8211792
2026-06-22,2026-06-22 22:49:57 UTC,17,CDT,CDT Equity,112822467,47.06,1.5,1.905,1.27,62.25000000000001,23.2226,7287525
2026-06-22,2026-06-22 22:49:57 UTC,18,KEEL,Keel Infrastructure Corp,109446486,5.88,6.66,7.37,6.58,12.559999999999999,0.1813,4020279203
2026-06-22,2026-06-22 22:49:57 UTC,19,NFLX,Netflix Inc,82115770,-5.82,72.88,77.09,71.81,6.819999999999999,0.0195,306882996720
2026-06-22,2026-06-22 22:49:57 UTC,20,SOFI,Sofi Technologies Inc,75439784,-4.52,17.1,18.06,17.07,5.53,0.0588,21934874520
2026-06-22,2026-06-22 22:49:57 UTC,21,PAVS,Paranovus Entertainment Technology Ord Shs Class A,74389975,8.25,0.1613,0.1792,0.155,16.24,0.8176,14675890
2026-06-22,2026-06-22 22:49:57 UTC,22,HIVE,HIVE Digital Technologies Ltd,71813696,15.02,4.9,5.34,4.48,20.19,0.2685,1310411022
2026-06-22,2026-06-22 22:49:57 UTC,23,T,At&T,68512795,0.41000000000000003,22.1,22.47,22.01,2.09,0.0099,153558288253
2026-06-22,2026-06-22 22:49:57 UTC,24,AMZN,Amazon Com,68293879,-4.75,232.79,242.0,232.24,3.9899999999999998,0.0063,2504147505606
2026-06-22,2026-06-22 22:49:57 UTC,25,MARA,MARA Holdings Inc,67024291,4.43,14.85,16.43,14.49,13.569999999999999,0.1758,5661866969
2026-06-22,2026-06-22 22:49:57 UTC,26,F,Ford Mtr Co Del,66731265,0.36,14.11,14.56,13.95,4.34,0.0167,56224013009
2026-06-22,2026-06-22 22:49:57 UTC,27,NXTS,Nexentis Technologies Inc,61984782,155.91,13.0,23.8,11.0,250.98,59.4672,13550355
2026-06-22,2026-06-22 22:49:57 UTC,28,APGE,Apogee Therapeutics Inc,61663097,46.660000000000004,132.55,133.0,132.45,0.5499999999999999,0.8179,9992861656
2026-06-22,2026-06-22 22:49:57 UTC,29,WKSP,Worksport Ltd,58458703,13.61,0.8383,1.07,0.7966,37.05,4.3184,11348067
2026-06-22,2026-06-22 22:49:57 UTC,30,ONDS,Ondas Holdings Inc.,58117248,-4.1000000000000005,8.89,9.46,8.78,7.340000000000001,0.1124,4597893127
2026-06-22,2026-06-22 22:49:57 UTC,31,PLTR,Palantir Technologies Inc,56766099,-6.98,119.5,128.87,119.2,7.53,0.0237,286478781251
2026-06-22,2026-06-22 22:49:57 UTC,32,MU,Micron Technology Inc,52840046,6.819999999999999,1211.38,1213.56,1168.57,3.9699999999999998,0.0469,1366114474700
2026-06-22,2026-06-22 22:49:57 UTC,33,GOOGL,Alphabet Inc,52696543,-4.99,349.68,358.92,341.72,4.67,0.0043,4236646193077
2026-06-22,2026-06-22 22:49:57 UTC,34,ENTX,Entera Bio Ltd,52178722,22.31,1.48,2.78,1.22,128.92,1.0586,72949546
2026-06-22,2026-06-22 22:49:57 UTC,35,PATH,Uipath Inc,51861191,-1.0699999999999998,10.16,10.52,10.0,5.06,0.1001,5264101902
2026-06-22,2026-06-22 22:49:57 UTC,36,AMC,Amc Entmt Hldgs Inc,49230095,-2.4699999999999998,2.76,2.96,2.73,8.129999999999999,0.0653,2081513949
2026-06-22,2026-06-22 22:49:57 UTC,37,MRVL,Marvell Technology Inc,49125488,-0.88,307.86,314.17,298.18,5.1499999999999995,0.0562,269315928000
2026-06-22,2026-06-22 22:49:57 UTC,38,TE,T1 Energy,49119195,11.23,10.4,10.9,9.21,18.07,0.176,2902313200
2026-06-22,2026-06-22 22:49:57 UTC,39,SNAP,Snap Inc,48482522,-0.64,4.63,4.81,4.52,6.22,0.0293,7672655124
2026-06-22,2026-06-22 22:49:57 UTC,40,CRMT,Amer Carmart,48225162,25.419999999999998,3.01,3.53,2.87,27.500000000000004,5.8085,24990374
2026-06-22,2026-06-22 22:49:57 UTC,41,GRAB,Grab Holdings Limited,48035885,-2.2399999999999998,3.49,3.59,3.47,3.36,0.0117,14274100000
2026-06-22,2026-06-22 22:49:57 UTC,42,TSLA,Tesla Inc,47753278,1.1400000000000001,405.05,414.75,394.4,5.08,0.0127,1521255953948
2026-06-22,2026-06-22 22:49:57 UTC,43,JOBY,Joby Aviation Inc,47701984,-1.4000000000000001,9.86,10.3,9.59,7.049999999999999,0.0485,9698718520
2026-06-22,2026-06-22 22:49:57 UTC,44,CMCSA,Comcast Corp,46065382,-0.49,22.32,22.6,22.13,2.1,0.0129,79732141392
2026-06-22,2026-06-22 22:49:57 UTC,45,MSFT,Microsoft Corp,45110108,-3.18,367.34,381.63,367.07,3.84,0.0061,2728761204167
2026-06-22,2026-06-22 22:49:57 UTC,46,AAPL,Apple Inc,44838433,-0.33999999999999997,297.01,302.42,296.76,1.9,0.0031,4362291605560
2026-06-22,2026-06-22 22:49:57 UTC,47,SAGT,SAGTEC GLOBAL LTD,41082282,32.32,1.31,1.61,1.24,37.37,2.0696,26003500
2026-06-22,2026-06-22 22:49:57 UTC,48,BTBT,Bit Digital Inc,41080027,2.77,2.23,2.39,2.2,8.76,0.1176,778694636
2026-06-22,2026-06-22 22:49:57 UTC,49,PFE,Pfizer,40968170,-0.52,25.08,25.31,24.96,1.37,0.0072,142942059758
2026-06-22,2026-06-22 22:49:57 UTC,50,NU,Nu Hldgs Ltd,40820649,0.63,12.79,13.12,12.7,3.3000000000000003,0.0084,62181670600
2026-06-22,2026-06-22 22:49:57 UTC,51,BAC,Bank of America Corp,38652402,2.08,57.37,57.73,56.81,1.63,0.0054,407131405647
2026-06-22,2026-06-22 22:49:57 UTC,52,SNBR,Sleep Number,38453282,-39.67,0.125,0.1919,0.1218,33.35,1.6683,2881125
2026-06-22,2026-06-22 22:49:57 UTC,53,RGTI,Rigetti Computing Inc,37940950,0.09,21.38,22.48,20.41,9.69,0.1141,7106686493
2026-06-22,2026-06-22 22:49:57 UTC,54,CDE,Coeur Mng Inc,37928037,-0.22999999999999998,17.47,17.68,16.98,4.0,0.0368,18017421157
2026-06-22,2026-06-22 22:49:57 UTC,55,CWAN,Clearwater Analytics Hldgs Inc,36526079,0.9900000000000001,24.53,24.54,24.51,0.12,0.1224,7321917778
2026-06-22,2026-06-22 22:49:57 UTC,56,PLUG,Plug Power,35850734,-2.11,2.79,2.91,2.75,5.609999999999999,0.0257,3892242738
2026-06-22,2026-06-22 22:49:57 UTC,57,BMNR,Bitmine Immersion Technologies Inc,35712489,-1.73,15.86,17.13,15.72,8.74,0.0664,8526793069
2026-06-22,2026-06-22 22:49:57 UTC,58,IREN,IREN Ltd,35017916,-5.1499999999999995,56.87,61.28,56.3,8.309999999999999,0.098,20324125190
2026-06-22,2026-06-22 22:49:57 UTC,59,ACHR,Archer Aviation Inc,34203786,-2.5100000000000002,5.43,5.64,5.39,4.31,0.045,4124617188
2026-06-22,2026-06-22 22:49:57 UTC,60,SMR,NuScale Power Corporation,33643697,-4.26,11.24,11.85,11.04,6.9,0.0921,4108008193
2026-06-22,2026-06-22 22:49:57 UTC,61,INFY,Infosys,33476999,1.8900000000000001,10.77,11.05,10.58,4.3999999999999995,0.0083,43686998180
2026-06-22,2026-06-22 22:49:57 UTC,62,BB,Blackberry,33227167,4.89,8.79,9.18,8.36,9.790000000000001,0.0567,5151479767
2026-06-22,2026-06-22 22:49:57 UTC,63,FRSH,Freshworks Inc.,33162254,0.79,8.93,9.06,8.62,4.97,0.12,2468557111
2026-06-22,2026-06-22 22:49:57 UTC,64,RDW,Redwire Corporation,33087764,-9.27,13.02,14.03,12.6,8.99,0.1385,3109505991
2026-06-22,2026-06-22 22:49:57 UTC,65,QS,Quantumscape Corp,32198022,-5.35,7.61,8.49,7.58,11.32,0.0523,4681254028
2026-06-22,2026-06-22 22:49:57 UTC,66,GOOG,Alphabet Inc,32154332,-5.08,348.78,358.2,340.94,4.7,0.0027,4225741990453
2026-06-22,2026-06-22 22:49:57 UTC,67,ECX,Ecarx Holdings,31921262,-3.7699999999999996,1.02,1.118,1.0,11.09,0.0838,388681183
2026-06-22,2026-06-22 22:49:57 UTC,68,HOOD,"Robinhood Markets, Inc.",31689016,-2.26,105.71,112.5,105.28,6.68,0.0352,95192389575
2026-06-22,2026-06-22 22:49:57 UTC,69,CCL,Carnival Corporation Ltd.,31523252,-2.1999999999999997,30.19,30.99,29.87,3.64,0.0254,37405416400
2026-06-22,2026-06-22 22:49:57 UTC,70,OPEN,Opendoor Technologies Inc,30940044,-4.25,4.28,4.49,4.26,5.1499999999999995,0.0321,4129072784
2026-06-22,2026-06-22 22:49:57 UTC,71,BBAI,BIGBEAR AI HLDGS INC,30924527,-2.3,3.83,4.0,3.77,5.86,0.0646,1834376393
2026-06-22,2026-06-22 22:49:57 UTC,72,RIG,Transocean,30883996,1.8800000000000001,5.41,5.41,5.23,3.39,0.0277,6039946762
2026-06-22,2026-06-22 22:49:57 UTC,73,BFLY,Butterfly Network Inc,30836200,-18.310000000000002,7.27,8.83,6.81,22.7,0.1179,1902129386
2026-06-22,2026-06-22 22:49:57 UTC,74,VTAK,Catheter Precision,30735974,3.54,0.8697,0.9592,0.82,16.57,11.416,2341643
2026-06-22,2026-06-22 22:49:57 UTC,75,NIO,Nio Inc.,30356921,0.6,5.05,5.19,4.94,4.9799999999999995,0.0121,12653618461
2026-06-22,2026-06-22 22:49:57 UTC,76,CLSK,Cleanspark Inc,30255610,1.22,17.45,19.05,17.16,10.96,0.1179,4477820174
2026-06-22,2026-06-22 22:49:57 UTC,77,ALIT,Alight Inc.,30235229,-3.34,0.5502,0.615,0.55,11.42,0.0563,295590537
2026-06-22,2026-06-22 22:49:57 UTC,78,RKT,Rocket Companies Inc,30197145,-7.489999999999999,13.34,14.23,13.32,6.3100000000000005,0.0107,37744592491
2026-06-22,2026-06-22 22:49:57 UTC,79,CRWV,"CoreWeave, Inc.",29833014,-5.65,111.29,119.19,106.61,10.67,0.0547,60716523806
2026-06-22,2026-06-22 22:49:57 UTC,80,NIXX,"Nixxy, Inc.",29660043,21.37,1.42,1.62,1.175,38.03,1.0185,41353479
2026-06-22,2026-06-22 22:49:57 UTC,81,HL,Hecla Mining Co,29499970,0.13,15.98,16.04,15.46,3.63,0.044,10717984199
2026-06-22,2026-06-22 22:49:57 UTC,82,QBTS,D Wave Quantum,28879175,-0.89,24.47,25.64,23.52,8.57,0.0787,8974069096
2026-06-22,2026-06-22 22:49:57 UTC,83,CIIT,Tianci Intrnl,28609545,-10.71,0.49,0.5023,0.4567,8.309999999999999,3.7284,3760214
2026-06-22,2026-06-22 22:49:57 UTC,84,MGRX,"Mangoceuticals, Inc.",28551392,-8.14,0.291,0.35,0.2637,27.21,1.6631,4995719
2026-06-22,2026-06-22 22:49:57 UTC,85,UWMC,Uwm Holdings Corporation,28355247,-7.66,2.05,2.215,2.04,7.88,0.0177,3282230652
2026-06-22,2026-06-22 22:49:57 UTC,86,ASTS,Ast Spacemobile Inc,28327512,-9.26,73.19,79.8,72.59,8.94,0.073,28406837424
2026-06-22,2026-06-22 22:49:57 UTC,87,KVUE,Kenvue Inc.,27922428,-1.43,17.86,18.23,17.86,2.04,0.0145,34291354810
2026-06-22,2026-06-22 22:49:57 UTC,88,IONQ,Ionq Inc,27831297,3.1300000000000003,58.32,61.99,55.53,11.41,0.0746,21769103367
2026-06-22,2026-06-22 22:49:57 UTC,89,RKLB,Rocket Lab Usa Inc,27699915,-6.4799999999999995,100.29,107.4,96.5,10.16,0.0479,58054619067
2026-06-22,2026-06-22 22:49:57 UTC,90,ACN,Accenture Plc Ireland,27620232,-2.46,124.83,125.84,118.15,6.01,0.0414,83362832524
2026-06-22,2026-06-22 22:49:57 UTC,91,RIVN,"Rivian Automotive, Inc. / De",27273998,-8.6,15.1,16.36,15.08,7.779999999999999,0.0216,19032386907
2026-06-22,2026-06-22 22:49:57 UTC,92,YYGH,YY Group Holdings,27037418,-9.84,0.0724,0.0724,0.0659,8.09,0.2815,6954139
2026-06-22,2026-06-22 22:49:57 UTC,93,BTE,Baytex Energy,27006864,1.26,4.03,4.055,3.925,3.1399999999999997,0.0373,2915171976
2026-06-22,2026-06-22 22:49:57 UTC,94,NVTS,Navitas Semiconductor Corp,26667402,-1.3299999999999998,23.7,24.66,23.0,6.909999999999999,0.1141,5539002034
2026-06-22,2026-06-22 22:49:57 UTC,95,AVGO,Broadcom Inc,26366631,-4.52,392.13,414.64,391.91,5.489999999999999,0.0055,1865589923041
2026-06-22,2026-06-22 22:49:57 UTC,96,UMC,United Microelec,26261588,14.2,27.5,28.28,26.8,6.13,0.0104,69173416785
2026-06-22,2026-06-22 22:49:57 UTC,97,AMD,Advanced Micro Devices Inc,25955566,2.65,551.63,562.99,535.71,5.08,0.0159,899488230491
2026-06-22,2026-06-22 22:49:57 UTC,98,NKE,Nike Inc Cl B,25839777,-4.45,43.19,44.91,43.14,3.92,0.0174,63959510955
2026-06-22,2026-06-22 22:49:57 UTC,99,WBD,WARNER BROS DISCOVERY INC,25776412,2.86,26.95,26.99,26.25,2.82,0.0103,67567334118
2026-06-22,2026-06-22 22:49:57 UTC,100,MSTR,Strategy Inc,25225441,-2.73,109.46,120.0,107.31,11.28,0.072,38360024069
2026-06-23,2026-06-23 21:49:59 UTC,1,ADTX,Aditxt Inc,4423126925,117.19,0.0417,0.06,0.021,203.13,5421.0235,34023
2026-06-23,2026-06-23 21:49:59 UTC,2,GDC,GD CULTURE GROUP LTD,1549132415,2.96,0.0209,0.0249,0.0163,42.36,25.496,1269877
2026-06-23,2026-06-23 21:49:59 UTC,3,ATLN,Atlantic Intl,421763818,202.40999999999997,1.33,1.82,0.975,192.13,5.533,101381655
2026-06-23,2026-06-23 21:49:59 UTC,4,INLF,INLIF,311203443,-49.28,0.0563,0.0715,0.054,15.770000000000001,22.5408,777291
2026-06-23,2026-06-23 21:49:59 UTC,5,MGN,MEGAN HLDGS LTD,237152812,29.74,0.1723,0.219,0.139,60.17,6.4098,6375100
2026-06-23,2026-06-23 21:49:59 UTC,6,AAL,American Airline,166434892,0.37,16.14,16.36,15.76,3.6999999999999997,0.2516,10674756111
2026-06-23,2026-06-23 21:49:59 UTC,7,CIIT,Tianci Intrnl,157888007,81.17999999999999,0.8878,0.89,0.7083,37.08,20.5748,6812894
2026-06-23,2026-06-23 21:49:59 UTC,8,SPCX,Space Exploration Technologies Corp,155395038,0.98,156.11,165.5,147.11,11.899999999999999,0.0119,2041273312469
2026-06-23,2026-06-23 21:49:59 UTC,9,NVDA,Nvidia Corporation,153058846,-4.130000000000001,200.04,203.77,200.0,1.81,0.0063,4840968000000
2026-06-23,2026-06-23 21:49:59 UTC,10,HSCS,HeartSciences Inc,135535392,55.37,2.75,3.75,2.51,70.05,42.5583,8757925
2026-06-23,2026-06-23 21:49:59 UTC,11,INTC,Intel Corp,132540799,-6.140000000000001,132.28,137.98,128.3,6.83,0.0264,664839280000
2026-06-23,2026-06-23 21:49:59 UTC,12,AMC,Amc Entmt Hldgs Inc,117254835,-24.64,2.08,2.15,1.93,7.969999999999999,0.1555,1568677179
2026-06-23,2026-06-23 21:49:59 UTC,13,SRXH,SRX Health Solutions Inc,101914125,-18.73,0.0907,0.1143,0.085,26.25,0.1727,54598566
2026-06-23,2026-06-23 21:49:59 UTC,14,CGTL,Creative Global Technology Holdings Limited,93177907,24.87,0.4202,0.63,0.336,87.37,3.6221,10809645
2026-06-23,2026-06-23 21:49:59 UTC,15,RDGT,RIDGETECH Inc,91976262,26.279999999999998,1.73,3.08,1.63,105.81,102.3189,1555128
2026-06-23,2026-06-23 21:49:59 UTC,16,SOFI,Sofi Technologies Inc,89184944,1.11,17.29,17.68,16.72,5.56,0.0695,22178595348
2026-06-23,2026-06-23 21:49:59 UTC,17,NOK,Nokia,84301799,-5.06,13.7,13.89,13.22,4.64,0.0151,76620155482
2026-06-23,2026-06-23 21:49:59 UTC,18,PFE,Pfizer,81985659,-1.44,24.72,25.24,24.69,2.17,0.0144,140890259857
2026-06-23,2026-06-23 21:49:59 UTC,19,FCUV,Focus Unvl Inc,77143106,89.23,4.11,7.4,2.18,240.33,109.7637,2888553
2026-06-23,2026-06-23 21:49:59 UTC,20,T,At&T,73539105,3.2099999999999995,22.81,22.98,22.19,3.5700000000000003,0.0106,158491608826
2026-06-23,2026-06-23 21:49:59 UTC,21,GPUS,Hyperscale Data Inc.,66798995,-10.59,0.2557,0.27,0.252,6.29,0.1447,118032910
2026-06-23,2026-06-23 21:49:59 UTC,22,BOLD,BOUNDLESS BIO INC,65387743,85.71,2.6,2.75,2.25,35.709999999999994,2.9108,58406688
2026-06-23,2026-06-23 21:49:59 UTC,23,F,Ford Mtr Co Del,65356021,-0.7799999999999999,14.0,14.22,13.74,3.37,0.0164,55785696820
2026-06-23,2026-06-23 21:49:59 UTC,24,SMCI,Super Micro Computer Inc,60501138,-6.04,33.32,34.41,32.81,4.53,0.0935,21552454801
2026-06-23,2026-06-23 21:49:59 UTC,25,AMZN,Amazon Com,60421351,0.5700000000000001,234.11,236.87,232.0,2.09,0.0056,2518346890061
2026-06-23,2026-06-23 21:49:59 UTC,26,KEEL,Keel Infrastructure Corp,59972404,-0.8999999999999999,6.6,6.88,6.04,12.540000000000001,0.0994,3984060471
2026-06-23,2026-06-23 21:49:59 UTC,27,MU,Micron Technology Inc,59497524,-13.18,1051.77,1125.0,1038.5,7.140000000000001,0.0528,1186116842820
2026-06-23,2026-06-23 21:49:59 UTC,28,GRAB,Grab Holdings Limited,56508395,-0.86,3.46,3.5,3.39,3.15,0.0138,14151400000
2026-06-23,2026-06-23 21:49:59 UTC,29,AAPL,Apple Inc,51962522,-0.91,294.3,301.64,294.18,2.5,0.0035,4322488870800
2026-06-23,2026-06-23 21:49:59 UTC,30,PATH,Uipath Inc,50767922,0.0,10.16,10.43,10.11,3.2,0.098,5264101902
2026-06-23,2026-06-23 21:49:59 UTC,31,NFLX,Netflix Inc,50691610,-0.08,72.82,73.96,72.63,1.83,0.012,306630348808
2026-06-23,2026-06-23 21:49:59 UTC,32,TSLA,Tesla Inc,50313357,-5.79,381.61,392.87,379.06,3.34,0.0134,1433221786412
2026-06-23,2026-06-23 21:49:59 UTC,33,TRIB,Trinity Biotech Plc,49492850,-38.95,0.3553,0.426,0.3335,15.89,2.444,7195133
2026-06-23,2026-06-23 21:49:59 UTC,34,PLUG,Plug Power,49155346,-2.87,2.71,2.83,2.62,7.53,0.0352,3780637212
2026-06-23,2026-06-23 21:49:59 UTC,35,QBTS,D Wave Quantum,48879108,2.29,25.03,26.71,23.96,11.16,0.1333,9179442153
2026-06-23,2026-06-23 21:49:59 UTC,36,RGTI,Rigetti Computing Inc,46567499,-0.47000000000000003,21.28,22.57,20.24,10.9,0.1401,7073446612
2026-06-23,2026-06-23 21:49:59 UTC,37,CDE,Coeur Mng Inc,46537374,-6.58,16.32,16.69,16.12,3.26,0.0451,16831385992
2026-06-23,2026-06-23 21:49:59 UTC,38,SNAP,Snap Inc,46224027,-3.6700000000000004,4.46,4.65,4.42,4.97,0.0279,7390937765
2026-06-23,2026-06-23 21:49:59 UTC,39,MRVL,Marvell Technology Inc,46218400,-9.36,279.04,290.95,276.25,4.77,0.0528,244104192000
2026-06-23,2026-06-23 21:49:59 UTC,40,HUMA,Humacyte Inc,46178732,-16.55,0.7004,0.86,0.6954,19.61,0.1713,188854564
2026-06-23,2026-06-23 21:49:59 UTC,41,VTAK,Catheter Precision,46120327,5.779999999999999,0.92,1.16,0.92,25.3,17.1294,2477075
2026-06-23,2026-06-23 21:49:59 UTC,42,ONDS,Ondas Holdings Inc.,45066575,-4.05,8.53,8.93,8.5,4.84,0.0871,4411701729
2026-06-23,2026-06-23 21:49:59 UTC,43,PLTR,Palantir Technologies Inc,44365866,-2.34,116.7,120.94,116.18,3.9800000000000004,0.0185,279766307715
2026-06-23,2026-06-23 21:49:59 UTC,44,INFQ,Infleqtion Inc,42608835,12.32,15.96,16.59,14.42,15.24,0.1953,3482422380
2026-06-23,2026-06-23 21:49:59 UTC,45,MARA,MARA Holdings Inc,42189156,-1.01,14.7,15.48,13.99,10.07,0.1107,5604676394
2026-06-23,2026-06-23 21:49:59 UTC,46,HOOD,"Robinhood Markets, Inc.",40607776,-2.33,103.25,105.99,101.03,4.67,0.0451,92977147135
2026-06-23,2026-06-23 21:49:59 UTC,47,MSFT,Microsoft Corp,40597843,1.7999999999999998,373.94,377.22,370.67,1.78,0.0055,2777788873213
2026-06-23,2026-06-23 21:49:59 UTC,48,CMCSA,Comcast Corp,40350319,2.15,22.8,23.05,22.24,3.63,0.0113,81446811099
2026-06-23,2026-06-23 21:49:59 UTC,49,CCL,Carnival Corporation Ltd.,40302290,-4.87,28.72,28.89,27.0,6.239999999999999,0.0325,35584086088
2026-06-23,2026-06-23 21:49:59 UTC,50,BTBT,Bit Digital Inc,39994585,-4.04,2.14,2.345,2.1,10.99,0.1145,747267498
2026-06-23,2026-06-23 21:49:59 UTC,51,OWL,Blue Owl Capital Inc,38988579,-3.47,8.91,9.26,8.81,4.82,0.025,13891138253
2026-06-23,2026-06-23 21:49:59 UTC,52,ACHR,Archer Aviation Inc,38474799,-3.3099999999999996,5.25,5.51,5.23,5.06,0.0507,3987889547
2026-06-23,2026-06-23 21:49:59 UTC,53,JOBY,Joby Aviation Inc,38082944,-3.1399999999999997,9.55,9.82,9.45,3.75,0.0387,9393789236
2026-06-23,2026-06-23 21:49:59 UTC,54,GITS,Global Interactive Technologies Inc,37895652,44.37,2.18,2.51,1.835,44.37,10.314,8009773
2026-06-23,2026-06-23 21:49:59 UTC,55,ABEV,Ambev,37892337,0.64,3.16,3.17,3.11,1.91,0.0024,49285553040
2026-06-23,2026-06-23 21:49:59 UTC,56,LAES,Sealsq Corp,37831816,7.739999999999999,3.34,3.43,2.97,14.84,0.1698,744065156
2026-06-23,2026-06-23 21:49:59 UTC,57,HL,Hecla Mining Co,37488358,-5.6899999999999995,15.07,15.46,14.83,3.94,0.0559,10107635913
2026-06-23,2026-06-23 21:49:59 UTC,58,OPEN,Opendoor Technologies Inc,35865529,-1.87,4.2,4.37,4.18,4.44,0.0372,4051893854
2026-06-23,2026-06-23 21:49:59 UTC,59,BLZE,"Backblaze, Inc.",35272088,43.6,11.66,11.85,9.62,27.400000000000002,0.5879,699600000
2026-06-23,2026-06-23 21:49:59 UTC,60,INFY,Infosys,34589441,0.19,10.79,11.01,10.76,2.37,0.0085,43768125381
2026-06-23,2026-06-23 21:49:59 UTC,61,AUR,Aurora Innovation Inc,34385370,-2.13,6.42,6.52,6.32,3.05,0.0175,12590923831
2026-06-23,2026-06-23 21:49:59 UTC,62,NIO,Nio Inc.,34351168,0.79,5.09,5.18,4.87,6.04,0.0137,12753845141
2026-06-23,2026-06-23 21:49:59 UTC,63,ALIT,Alight Inc.,34321753,-4.82,0.5237,0.5871,0.52,10.67,0.0639,281353625
2026-06-23,2026-06-23 21:49:59 UTC,64,RKT,Rocket Companies Inc,34092436,0.97,13.47,13.73,13.09,4.760000000000001,0.012,38112418355
2026-06-23,2026-06-23 21:49:59 UTC,65,GOOGL,Alphabet Inc,33937932,-1.02,346.13,349.29,340.2,2.6,0.0028,4193635171614
2026-06-23,2026-06-23 21:49:59 UTC,66,NU,Nu Hldgs Ltd,33910745,-1.5599999999999998,12.59,12.79,12.5,2.23,0.007,61209322350
2026-06-23,2026-06-23 21:49:59 UTC,67,ORCL,Oracle Corp,33244959,-5.66,165.16,174.33,164.61,5.55,0.0116,475007757360
2026-06-23,2026-06-23 21:49:59 UTC,68,HIVE,HIVE Digital Technologies Ltd,33093280,-5.510000000000001,4.63,4.88,4.42,9.379999999999999,0.1237,1238204701
2026-06-23,2026-06-23 21:49:59 UTC,69,AVGO,Broadcom Inc,33076982,-3.06,380.15,391.02,376.66,3.66,0.007,1808594112269
2026-06-23,2026-06-23 21:49:59 UTC,70,NOW,Servicenow Inc,32513321,3.15,95.94,97.5,94.61,3.11,0.0315,98943689520
2026-06-23,2026-06-23 21:49:59 UTC,71,IREN,IREN Ltd,32209002,-3.7800000000000002,54.72,57.54,52.75,8.41,0.0901,19555761041
2026-06-23,2026-06-23 21:49:59 UTC,72,SMR,NuScale Power Corporation,31780976,-3.38,10.86,11.82,10.61,10.59,0.087,3969125354
2026-06-23,2026-06-23 21:49:59 UTC,73,NKE,Nike Inc Cl B,31489619,-1.8800000000000001,42.38,43.19,42.32,2.01,0.0213,62759992458
2026-06-23,2026-06-23 21:49:59 UTC,74,BMNR,Bitmine Immersion Technologies Inc,31383050,-4.6,15.13,15.5,14.98,3.2800000000000002,0.0584,8134324031
2026-06-23,2026-06-23 21:49:59 UTC,75,TE,T1 Energy,30827454,-11.15,9.24,10.18,9.22,9.13,0.1105,2578593651
2026-06-23,2026-06-23 21:49:59 UTC,76,AMD,Advanced Micro Devices Inc,30106173,-5.76,519.85,528.49,506.81,3.93,0.0185,847667742184
2026-06-23,2026-06-23 21:49:59 UTC,77,BAC,Bank of America Corp,30035434,0.9400000000000001,57.91,58.01,57.2,1.41,0.0042,410963564599
2026-06-23,2026-06-23 21:49:59 UTC,78,PCG,PG&E Us,29572379,0.84,16.77,16.92,16.58,2.04,0.0134,36931308688
2026-06-23,2026-06-23 21:49:59 UTC,79,AIXI,Xiao-I Corporation,29328365,-1.31,3.02,3.65,2.85,26.14,43.602,2031366
2026-06-23,2026-06-23 21:49:59 UTC,80,DNN,Denison Mines,29208606,0.0,3.27,3.39,3.11,8.260000000000002,0.0323,2959405465
2026-06-23,2026-06-23 21:49:59 UTC,81,SLB,SLB Limited,28650702,-0.33,47.79,48.26,47.07,2.4699999999999998,0.0192,71448805619
2026-06-23,2026-06-23 21:49:59 UTC,82,VALE,Vale S A,28252716,-2.55,15.31,15.42,15.18,1.53,0.0066,65290011758
2026-06-23,2026-06-23 21:49:59 UTC,83,STLA,Stellantis N.V,27698062,-6.58,5.96,6.18,5.96,3.45,0.0096,17269146279
2026-06-23,2026-06-23 21:49:59 UTC,84,NAMI,JINXIN TECHNOLOGY HLDG CO,26896495,3.6900000000000004,0.2192,0.2235,0.135,40.87,0.3402,17332453
2026-06-23,2026-06-23 21:49:59 UTC,85,RDW,Redwire Corporation,26876910,-6.140000000000001,12.22,13.25,12.2,8.06,0.1125,2918445715
2026-06-23,2026-06-23 21:49:59 UTC,86,IONQ,Ionq Inc,26782068,-0.8099999999999999,57.85,61.47,56.0,9.379999999999999,0.0718,21593666491
2026-06-23,2026-06-23 21:49:59 UTC,87,BBAI,BIGBEAR AI HLDGS INC,26100200,-1.5699999999999998,3.77,3.88,3.76,3.1300000000000003,0.0545,1805639426
2026-06-23,2026-06-23 21:49:59 UTC,88,UMC,United Microelec,25913353,-4.73,26.2,26.7,25.88,2.96,0.0103,65903400718
2026-06-23,2026-06-23 21:49:59 UTC,89,CRWV,"CoreWeave, Inc.",25254564,-5.0,105.72,112.01,101.96,9.030000000000001,0.0463,57677696979
2026-06-23,2026-06-23 21:49:59 UTC,90,BB,Blackberry,24704242,0.33999999999999997,8.82,8.98,8.49,5.390000000000001,0.0422,5169061609
2026-06-23,2026-06-23 21:49:59 UTC,91,CSCO,Cisco Sys Inc,24511020,-0.31,121.15,122.34,117.65,3.84,0.0062,477504809664
2026-06-23,2026-06-23 21:49:59 UTC,92,CTSH,Cognizant Technology Solutions,24429005,-2.1,40.95,42.7,40.9,4.32,0.0516,19404954755
2026-06-23,2026-06-23 21:49:59 UTC,93,WULF,Terawulf Inc,24397402,1.66,28.78,29.42,26.49,10.35,0.0492,14261429523
2026-06-23,2026-06-23 21:49:59 UTC,94,FRSH,Freshworks Inc.,24326834,2.91,9.19,9.29,9.0,3.25,0.088,2540429994
2026-06-23,2026-06-23 21:49:59 UTC,95,RIVN,"Rivian Automotive, Inc. / De",24257121,-1.39,14.89,15.3,14.81,3.18,0.0192,18767698082
2026-06-23,2026-06-23 21:49:59 UTC,96,PINS,Pinterest,24164898,0.15,19.53,20.5,18.73,9.049999999999999,0.0431,10939872596
2026-06-23,2026-06-23 21:49:59 UTC,97,CPNG,Coupang Inc,24024751,1.16,17.51,17.78,16.9,4.4799999999999995,0.0134,31431574159
2026-06-23,2026-06-23 21:49:59 UTC,98,QCOM,Qualcomm Inc,23758373,-8.01,204.13,209.18,198.44,4.84,0.0225,215153020000
2026-06-23,2026-06-23 21:49:59 UTC,99,GETY,GETTY IMAGES HOLDINGS INC,23753380,-19.13,0.93,1.24,0.9,29.57,0.0567,389632096
2026-06-23,2026-06-23 21:49:59 UTC,100,ACN,Accenture Plc Ireland,23533438,1.7500000000000002,127.01,127.83,124.42,2.73,0.0352,84818660249
2026-06-24,2026-06-24 21:49:58 UTC,1,ADTX,Aditxt Inc,4707486562,-77.22,0.0095,0.0599,0.008,124.46,5769.5456,7751
2026-06-24,2026-06-24 21:49:58 UTC,2,GDC,GD CULTURE GROUP LTD,1371007381,3.35,0.0216,0.024,0.017,33.489999999999995,22.5644,1312409
2026-06-24,2026-06-24 21:49:58 UTC,3,GPUS,Hyperscale Data Inc.,620568224,-26.979999999999997,0.1867,0.3199,0.177,55.88999999999999,1.3444,86182027
2026-06-24,2026-06-24 21:49:58 UTC,4,INLF,INLIF,244673472,-29.310000000000002,0.0398,0.0547,0.0345,35.699999999999996,17.7219,549488
2026-06-24,2026-06-24 21:49:58 UTC,5,MGN,MEGAN HLDGS LTD,231987865,26.700000000000003,0.2183,0.2761,0.1729,59.9,6.2699,8077100
2026-06-24,2026-06-24 21:49:58 UTC,6,WEN,Wendys Co,209049272,25.66,7.86,8.89,7.5,22.18,1.0975,1497177830
2026-06-24,2026-06-24 21:49:58 UTC,7,AAL,American Airline,207212479,8.05,17.44,17.47,16.44,6.38,0.3133,11534556789
2026-06-24,2026-06-24 21:49:58 UTC,8,NVDA,Nvidia Corporation,151050437,-0.52,199.0,201.67,196.58,2.53,0.0062,4815800000000
2026-06-24,2026-06-24 21:49:58 UTC,9,SOFI,Sofi Technologies Inc,119835735,0.12,17.31,18.43,17.18,7.23,0.0934,22204250172
2026-06-24,2026-06-24 21:49:58 UTC,10,FMFC,Kandal M Venture Limited,119745554,29.599999999999998,0.324,0.4554,0.2593,78.72,6.5435,5929200
2026-06-24,2026-06-24 21:49:58 UTC,11,SCAG,Scage Future,113778234,100.96000000000001,0.7106,1.11,0.3404,217.64999999999998,1.567,51596427
2026-06-24,2026-06-24 21:49:58 UTC,12,INTC,Intel Corp,103836090,-0.48,131.65,136.08,127.95,6.15,0.0207,661672900000
2026-06-24,2026-06-24 21:49:58 UTC,13,VTAK,Catheter Precision,99940566,29.349999999999998,1.19,1.79,1.12,71.74000000000001,37.1185,3204042
2026-06-24,2026-06-24 21:49:58 UTC,14,HTZ,Hertz Global Hld,99661575,-40.71,3.0,3.98,2.95,20.36,0.3156,947293569
2026-06-24,2026-06-24 21:49:58 UTC,15,NOK,Nokia,90942525,0.8,13.81,14.16,13.59,4.16,0.0163,77235353810
2026-06-24,2026-06-24 21:49:58 UTC,16,PFSA,Profusa Inc,90031096,-9.719999999999999,0.13,0.1381,0.1122,17.990000000000002,19.3189,605834
2026-06-24,2026-06-24 21:49:58 UTC,17,PATH,Uipath Inc,78915090,1.48,10.31,10.58,10.06,5.12,0.1523,5341819942
2026-06-24,2026-06-24 21:49:58 UTC,18,FRTT,Fort Technology Inc,78716675,-28.249999999999996,1.27,3.92,1.12,158.19,,
2026-06-24,2026-06-24 21:49:58 UTC,19,PFE,Pfizer,76852245,-2.75,24.04,25.11,23.93,4.79,0.0135,137014637822
2026-06-24,2026-06-24 21:49:58 UTC,20,SPCX,Space Exploration Technologies Corp,75770186,-1.01,154.54,159.86,150.72,5.8500000000000005,0.0058,2020744204144
2026-06-24,2026-06-24 21:49:58 UTC,21,ONDS,Ondas Holdings Inc.,74118467,-9.959999999999999,7.68,8.5,7.64,10.08,0.1416,4019833021
2026-06-24,2026-06-24 21:49:58 UTC,22,AMZN,Amazon Com,70165365,0.06999999999999999,234.27,242.42,232.95,4.05,0.0065,2520068027571
2026-06-24,2026-06-24 21:49:58 UTC,23,KEEL,Keel Infrastructure Corp,68397423,-7.2700000000000005,6.12,6.9,5.85,15.909999999999998,0.1133,3694310619
2026-06-24,2026-06-24 21:49:58 UTC,24,NWGL,CL Workshop Group,68080967,21.77,0.2679,0.3799,0.1905,86.14,4.1129,4434592
2026-06-24,2026-06-24 21:49:58 UTC,25,MU,Micron Technology Inc,67342013,-0.31,1048.51,1083.32,991.1,8.77,0.0597,1182440429814
2026-06-24,2026-06-24 21:49:58 UTC,26,SKYQ,Sky Quarry Inc,64127352,59.760000000000005,2.62,2.69,1.641,63.980000000000004,13.3748,12561972
2026-06-24,2026-06-24 21:49:58 UTC,27,RKT,Rocket Companies Inc,61060844,9.35,14.73,15.37,13.9,10.91,0.0216,41677499805
2026-06-24,2026-06-24 21:49:58 UTC,28,PLSM,Pulsenmore Ltd,58228651,93.26,6.59,12.97,6.18,198.82999999999998,8.9543,42853741
2026-06-24,2026-06-24 21:49:58 UTC,29,T,At&T,57280430,-1.9300000000000002,22.37,22.94,22.31,2.76,0.0082,155434339738
2026-06-24,2026-06-24 21:49:58 UTC,30,CALC,CALCIMEDICA INC,57241430,-25.64,0.5973,0.825,0.54,35.480000000000004,3.6233,9436163
2026-06-24,2026-06-24 21:49:58 UTC,31,GRAB,Grab Holdings Limited,54756112,0.8699999999999999,3.49,3.55,3.43,3.47,0.0134,14274100000
2026-06-24,2026-06-24 21:49:58 UTC,32,LMFA,Lm Fdg Amer Inc,54012271,2.2800000000000002,0.1525,0.16,0.1221,23.810000000000002,3.1127,2646222
2026-06-24,2026-06-24 21:49:58 UTC,33,RUN,Sunrun Inc,53367347,12.57,14.42,16.79,14.35,19.09,0.2237,3439880718
2026-06-24,2026-06-24 21:49:58 UTC,34,PLUG,Plug Power,53235471,-3.6900000000000004,2.61,2.71,2.58,4.8,0.0382,3641130304
2026-06-24,2026-06-24 21:49:58 UTC,35,AAPL,Apple Inc,52944291,-0.41000000000000003,293.08,299.7,292.94,2.3,0.0036,4304570296480
2026-06-24,2026-06-24 21:49:58 UTC,36,MARA,MARA Holdings Inc,52733961,-4.760000000000001,14.0,15.23,13.42,12.280000000000001,0.1383,5337787042
2026-06-24,2026-06-24 21:49:58 UTC,37,F,Ford Mtr Co Del,51559971,-1.1400000000000001,13.84,14.15,13.71,2.5700000000000003,0.0129,55148145999
2026-06-24,2026-06-24 21:49:58 UTC,38,SMCI,Super Micro Computer Inc,51523245,-2.6100000000000003,32.45,33.98,31.39,7.7700000000000005,0.0797,20989710633
2026-06-24,2026-06-24 21:49:58 UTC,39,ATLN,Atlantic Intl,51259984,-41.349999999999994,0.7801,1.51,0.652,64.51,0.6306,63416694
2026-06-24,2026-06-24 21:49:58 UTC,40,JOBY,Joby Aviation Inc,50653725,-2.83,9.28,9.51,9.01,5.24,0.0515,9128205666
2026-06-24,2026-06-24 21:49:58 UTC,41,NFLX,Netflix Inc,47893419,-1.35,71.84,73.45,71.63,2.5100000000000002,0.0114,302503766251
2026-06-24,2026-06-24 21:49:58 UTC,42,AMC,Amc Entmt Hldgs Inc,46741651,-3.85,2.0,2.24,1.99,12.02,0.0524,1785209276
2026-06-24,2026-06-24 21:49:58 UTC,43,PLTR,Palantir Technologies Inc,46324683,-2.74,113.5,118.0,112.25,4.93,0.0193,272094909389
2026-06-24,2026-06-24 21:49:58 UTC,44,BMNR,Bitmine Immersion Technologies Inc,46187404,-7.340000000000001,14.02,15.08,13.85,8.129999999999999,0.0859,7537556042
2026-06-24,2026-06-24 21:49:58 UTC,45,KVUE,Kenvue Inc.,46077431,2.12,18.8,18.88,18.46,2.22,0.024,36096162958
2026-06-24,2026-06-24 21:49:58 UTC,46,GOOGL,Alphabet Inc,44887507,-0.24,345.29,353.48,341.93,3.34,0.0037,4183457915831
2026-06-24,2026-06-24 21:49:58 UTC,47,MSFT,Microsoft Corp,44393782,-2.27,365.46,378.88,364.78,3.7699999999999996,0.006,2714795746923
2026-06-24,2026-06-24 21:49:58 UTC,48,BBAI,BIGBEAR AI HLDGS INC,43829579,-6.63,3.52,3.76,3.51,6.63,0.0915,1685902064
2026-06-24,2026-06-24 21:49:58 UTC,49,CMCSA,Comcast Corp,43013851,-0.7000000000000001,22.64,23.08,22.42,2.87,0.012,80875254530
2026-06-24,2026-06-24 21:49:58 UTC,50,SNAP,Snap Inc,42701932,1.5699999999999998,4.53,4.57,4.345,5.04,0.0258,7506939031
2026-06-24,2026-06-24 21:49:58 UTC,51,RIG,Transocean,42313518,-4.73,5.04,5.2,5.02,2.65,0.0379,5626863527
2026-06-24,2026-06-24 21:49:58 UTC,52,CDE,Coeur Mng Inc,41804249,-5.21,15.47,15.94,15.15,4.81,0.0405,15954751305
2026-06-24,2026-06-24 21:49:58 UTC,53,ACHR,Archer Aviation Inc,40814331,-3.81,5.05,5.22,5.0,4.19,0.0537,3835969945
2026-06-24,2026-06-24 21:49:58 UTC,54,MSTR,Strategy Inc,39996726,-9.35,94.13,102.97,92.28,10.290000000000001,0.1141,32987658191
2026-06-24,2026-06-24 21:49:58 UTC,55,ALIT,Alight Inc.,39936912,9.379999999999999,0.5728,0.595,0.5074,16.73,0.0743,307732206
2026-06-24,2026-06-24 21:49:58 UTC,56,IREN,IREN Ltd,38688509,-8.08,50.3,54.79,48.84,10.870000000000001,0.1083,17976147302
2026-06-24,2026-06-24 21:49:58 UTC,57,WKSP,Worksport Ltd,38487770,22.62,1.03,1.27,0.8211,53.43,2.8432,13943110
2026-06-24,2026-06-24 21:49:58 UTC,58,BB,Blackberry,38253752,-2.27,8.62,9.38,8.55,9.41,0.0653,5051849328
2026-06-24,2026-06-24 21:49:58 UTC,59,ORCL,Oracle Corp,38228513,-4.62,157.53,165.75,155.35,6.3,0.0133,453760596630
2026-06-24,2026-06-24 21:49:58 UTC,60,ABSI,Absci Corp,38198059,35.96,10.08,11.0,8.67,31.44,0.245,1570743439
2026-06-24,2026-06-24 21:49:58 UTC,61,GIPR,Generation Incom,37571388,5.8500000000000005,0.181,0.1887,0.162,15.61,4.5085,1508340
2026-06-24,2026-06-24 21:49:58 UTC,62,TSLA,Tesla Inc,36976334,-1.59,375.53,384.58,373.05,3.02,0.0098,1410386985276
2026-06-24,2026-06-24 21:49:58 UTC,63,OPEN,Opendoor Technologies Inc,36809319,1.9,4.28,4.487,4.19,7.08,0.0382,4129072784
2026-06-24,2026-06-24 21:49:58 UTC,64,WBD,WARNER BROS DISCOVERY INC,36215122,1.1900000000000002,27.2,27.28,26.71,2.1399999999999997,0.0144,68194118294
2026-06-24,2026-06-24 21:49:58 UTC,65,BTBT,Bit Digital Inc,35686782,-9.81,1.93,2.155,1.9,11.92,0.1022,673937510
2026-06-24,2026-06-24 21:49:58 UTC,66,MRVL,Marvell Technology Inc,35476844,-0.84,276.7,281.95,263.66,6.41,0.0406,242057160000
2026-06-24,2026-06-24 21:49:58 UTC,67,JZ,Jianzhi Education Technology Group Co Ltd,35457011,2.67,0.154,0.1633,0.1503,8.67,0.4908,11126404
2026-06-24,2026-06-24 21:49:58 UTC,68,RGTI,Rigetti Computing Inc,35047559,-8.219999999999999,19.53,20.97,19.02,9.09,0.1054,6491748700
2026-06-24,2026-06-24 21:49:58 UTC,69,UBER,Uber Technologies,34799264,6.0,73.85,75.74,69.7,8.66,0.0171,150328987110
2026-06-24,2026-06-24 21:49:58 UTC,70,FRSH,Freshworks Inc.,34648467,1.96,9.37,9.71,9.12,5.71,0.1253,2590188144
2026-06-24,2026-06-24 21:49:58 UTC,71,NKE,Nike Inc Cl B,34364145,-1.32,41.82,42.33,41.31,2.41,0.0232,61930695720
2026-06-24,2026-06-24 21:49:58 UTC,72,EVGN,Evogene,34275414,-10.549999999999999,0.4392,0.4717,0.3905,16.54,2.8316,5316277
2026-06-24,2026-06-24 21:49:58 UTC,73,NVTS,Navitas Semiconductor Corp,34180852,-14.39,18.32,21.13,17.42,17.01,0.1463,4281625201
2026-06-24,2026-06-24 21:49:58 UTC,74,OWL,Blue Owl Capital Inc,33810423,-4.9399999999999995,8.47,9.02,8.42,6.7299999999999995,0.0217,13205156117
2026-06-24,2026-06-24 21:49:58 UTC,75,SMR,NuScale Power Corporation,33291616,-5.99,10.21,10.69,9.97,6.68,0.0911,3731562602
2026-06-24,2026-06-24 21:49:58 UTC,76,HL,Hecla Mining Co,32647791,-3.65,14.52,14.83,14.27,3.7199999999999998,0.0487,9738744091
2026-06-24,2026-06-24 21:49:58 UTC,77,BYND,Beyond Meat,32350112,0.5599999999999999,0.6817,0.7135,0.675,5.680000000000001,0.0628,351308908
2026-06-24,2026-06-24 21:49:58 UTC,78,QBTS,D Wave Quantum,31915828,-8.19,22.98,24.43,22.4,8.1,0.087,8427630070
2026-06-24,2026-06-24 21:49:58 UTC,79,NU,Nu Hldgs Ltd,31707782,-1.03,12.46,12.72,12.44,2.22,0.0065,60577295987
2026-06-24,2026-06-24 21:49:58 UTC,80,WULF,Terawulf Inc,31687997,-6.29,26.97,28.84,25.9,10.22,0.0639,13364515435
2026-06-24,2026-06-24 21:49:58 UTC,81,CCL,Carnival Corporation Ltd.,31547185,0.66,28.91,30.0,28.79,4.2,0.0255,35819496128
2026-06-24,2026-06-24 21:49:58 UTC,82,JBLU,Jetblue Awys Corp,30571225,4.7,5.79,5.89,5.67,3.8899999999999997,0.0822,2153989396
2026-06-24,2026-06-24 21:49:58 UTC,83,HIVE,HIVE Digital Technologies Ltd,30450530,-10.58,4.14,4.68,4.01,14.469999999999999,0.1139,1107163598
2026-06-24,2026-06-24 21:49:58 UTC,84,BAC,Bank of America Corp,30318829,-0.31,57.73,58.33,57.39,1.63,0.0043,409686178282
2026-06-24,2026-06-24 21:49:58 UTC,85,HOOD,"Robinhood Markets, Inc.",30145563,-5.87,97.19,104.27,96.3,7.720000000000001,0.0335,87520086489
2026-06-24,2026-06-24 21:49:58 UTC,86,AVGO,Broadcom Inc,29862763,0.51,382.07,388.74,376.96,3.1,0.0063,1817728666249
2026-06-24,2026-06-24 21:49:58 UTC,87,HUMA,Humacyte Inc,29473866,-0.38999999999999996,0.6977,0.77,0.64,18.56,0.1093,188126541
2026-06-24,2026-06-24 21:49:58 UTC,88,WIT,Wipro,29158042,-4.37,2.19,2.32,2.16,6.99,0.0028,22976701054
2026-06-24,2026-06-24 21:49:58 UTC,89,HBAN,Huntington Bancshares Inc,29096598,1.03,17.58,17.72,17.4,1.81,0.0144,35636955719
2026-06-24,2026-06-24 21:49:58 UTC,90,QS,Quantumscape Corp,29043102,-4.04,7.12,7.4,6.98,5.66,0.0472,4379832941
2026-06-24,2026-06-24 21:49:58 UTC,91,SOUN,SOUNDHOUND AI INC,28449806,-1.55,6.34,6.44,6.22,3.42,0.0657,2743759485
2026-06-24,2026-06-24 21:49:58 UTC,92,AUR,Aurora Innovation Inc,28291076,-2.96,6.23,6.44,6.21,3.58,0.0144,12218295244
2026-06-24,2026-06-24 21:49:58 UTC,93,BTG,B2Gold,28249831,-2.9899999999999998,3.89,3.97,3.79,4.42,0.0211,5196695952
2026-06-24,2026-06-24 21:49:58 UTC,94,SLB,SLB Limited,28106579,-2.4699999999999998,46.61,46.95,45.87,2.23,0.0188,69684637579
2026-06-24,2026-06-24 21:49:58 UTC,95,QXO,QXO Inc,27983854,4.38,16.93,17.03,15.79,7.61,0.0386,12279419490
2026-06-24,2026-06-24 21:49:58 UTC,96,ORBS,Eightco Holdings Ord Shs,27039131,-13.469999999999999,0.78,0.91,0.7711,15.4,0.072,293104721
2026-06-24,2026-06-24 21:49:58 UTC,97,BOXL,Boxlight Corp,26831784,37.08,4.88,8.42,3.638,134.32,40.2308,3254725
2026-06-24,2026-06-24 21:49:58 UTC,98,RKLB,Rocket Lab Usa Inc,26663590,-10.209999999999999,85.41,94.3,84.85,9.93,0.0461,49441071039
2026-06-24,2026-06-24 21:49:58 UTC,99,ABEV,Ambev,26646614,-0.67,3.13,3.16,3.12,1.27,0.0017,48817652220
2026-06-24,2026-06-24 21:49:58 UTC,100,VALE,Vale S A,26623634,-3.0700000000000003,14.84,15.06,14.79,1.8900000000000001,0.0062,63285680894
2026-06-25,2026-06-25 21:49:58 UTC,1,GDC,GD CULTURE GROUP LTD,935323453,-36.57,0.0137,0.0161,0.0124,17.130000000000003,15.3938,832408
2026-06-25,2026-06-25 21:49:58 UTC,2,NEXR,NEXERA TECHNOLOGIES LTD,325660454,95.56,1.1,1.28,0.7002,103.08,53.1077,6745310
2026-06-25,2026-06-25 21:49:58 UTC,3,GPUS,Hyperscale Data Inc.,307102622,0.59,0.1878,0.2,0.1587,22.07,0.6653,86689794
2026-06-25,2026-06-25 21:49:58 UTC,4,ILLR,Triller Group Inc,222848231,296.57,3.05,5.3,2.54,358.86,11.2853,60227435
2026-06-25,2026-06-25 21:49:58 UTC,5,AAL,American Airline,203389402,0.75,17.57,18.04,17.31,4.21,0.3075,11620536857
2026-06-25,2026-06-25 21:49:58 UTC,6,INLF,INLIF,193535809,-24.62,0.03,0.0328,0.027,14.57,14.018,414187
2026-06-25,2026-06-25 21:49:58 UTC,7,NVDA,Nvidia Corporation,149780503,-1.6400000000000001,195.74,200.8,192.13,4.35,0.0062,4736908000000
2026-06-25,2026-06-25 21:49:58 UTC,8,INTC,Intel Corp,122746157,0.9299999999999999,132.87,140.72,125.41,11.63,0.0244,667804620000
2026-06-25,2026-06-25 21:49:58 UTC,9,AAPL,Apple Inc,107098635,-6.12,275.15,288.8,273.75,5.140000000000001,0.0073,4041226003400
2026-06-25,2026-06-25 21:49:58 UTC,10,IQST,Iqstel,104074430,47.22,1.59,1.71,1.25,42.59,15.4506,10710154
2026-06-25,2026-06-25 21:49:58 UTC,11,WEN,Wendys Co,102954166,-6.74,7.33,9.07,7.22,23.54,0.5405,1396223091
2026-06-25,2026-06-25 21:49:58 UTC,12,HTZ,Hertz Global Hld,92826189,-10.67,2.68,2.94,2.51,14.32,0.294,846248921
2026-06-25,2026-06-25 21:49:58 UTC,13,SOFI,Sofi Technologies Inc,88377686,-0.06,17.3,17.58,16.82,4.36,0.0689,22191422760
2026-06-25,2026-06-25 21:49:58 UTC,14,KUST,Kustom Entertainment Inc,86030620,0.7000000000000001,1.43,2.53,1.27,88.73,137.2406,896409
2026-06-25,2026-06-25 21:49:58 UTC,15,ATLN,Atlantic Intl,83513855,33.32,1.04,1.22,0.7363,62.0,1.0273,84544753
2026-06-25,2026-06-25 21:49:58 UTC,16,MU,Micron Technology Inc,82511638,15.740000000000002,1213.56,1255.0,1136.31,11.32,0.0732,1368572934931
2026-06-25,2026-06-25 21:49:58 UTC,17,AMZN,Amazon Com,77719925,-3.1,227.01,232.32,225.55,2.8899999999999997,0.0072,2441971413066
2026-06-25,2026-06-25 21:49:58 UTC,18,NOK,Nokia,76524736,1.23,13.98,14.16,13.36,5.76,0.0137,78186114864
2026-06-25,2026-06-25 21:49:58 UTC,19,BB,Blackberry,72397295,19.950000000000003,10.34,10.68,9.52,13.34,0.1235,6059874948
2026-06-25,2026-06-25 21:49:58 UTC,20,MSFT,Microsoft Corp,66214956,-3.46,352.83,364.23,349.2,4.109999999999999,0.0089,2620974616612
2026-06-25,2026-06-25 21:49:58 UTC,21,AZI,Autozi Internet Technology (Global) Ltd.,66027055,73.68,1.98,2.16,1.72,38.59,14.5101,9009859
2026-06-25,2026-06-25 21:49:58 UTC,22,AMC,Amc Entmt Hldgs Inc,63851702,-5.5,1.89,2.03,1.72,15.5,0.0715,1687022765
2026-06-25,2026-06-25 21:49:58 UTC,23,SPCX,Space Exploration Technologies Corp,62030101,-1.0,153.0,160.65,150.0,6.8500000000000005,0.0047,2000607371775
2026-06-25,2026-06-25 21:49:58 UTC,24,F,Ford Mtr Co Del,61748370,1.95,14.11,14.36,13.89,3.36,0.0155,56224013009
2026-06-25,2026-06-25 21:49:58 UTC,25,PLTR,Palantir Technologies Inc,61665257,-5.489999999999999,107.27,112.15,106.37,5.08,0.0257,257159655772
2026-06-25,2026-06-25 21:49:58 UTC,26,PFE,Pfizer,57906328,-1.54,23.67,24.34,23.62,2.98,0.0102,134905843480
2026-06-25,2026-06-25 21:49:58 UTC,27,JOBY,Joby Aviation Inc,54085707,-4.42,8.87,9.4,8.68,7.76,0.055,8724912097
2026-06-25,2026-06-25 21:49:58 UTC,28,TECH,Bio-Techne Corp,51699408,20.080000000000002,70.7,70.92,70.08,1.43,0.3302,11069410695
2026-06-25,2026-06-25 21:49:58 UTC,29,KEEL,Keel Infrastructure Corp,50958132,-4.08,5.87,6.41,5.5,14.95,0.0844,3543399237
2026-06-25,2026-06-25 21:49:58 UTC,30,RKT,Rocket Companies Inc,50937475,0.33999999999999997,14.78,15.54,14.58,6.4799999999999995,0.018,41818971291
2026-06-25,2026-06-25 21:49:58 UTC,31,PATH,Uipath Inc,50721220,-3.6900000000000004,9.93,10.32,9.91,3.93,0.0979,5144934241
2026-06-25,2026-06-25 21:49:58 UTC,32,ONDS,Ondas Holdings Inc.,47712318,-0.06999999999999999,7.68,7.94,7.31,8.19,0.0912,4017215942
2026-06-25,2026-06-25 21:49:58 UTC,33,MIMI,Mint Incorporation Limited,47303839,19.189999999999998,3.23,4.14,3.13,37.269999999999996,18.6144,8208237
2026-06-25,2026-06-25 21:49:58 UTC,34,HIVE,HIVE Digital Technologies Ltd,47175640,-8.450000000000001,3.79,4.23,3.63,14.49,0.1764,1013562811
2026-06-25,2026-06-25 21:49:58 UTC,35,PLUG,Plug Power,47059876,-1.53,2.57,2.68,2.5,6.9,0.0337,3585327540
2026-06-25,2026-06-25 21:49:58 UTC,36,MARA,MARA Holdings Inc,46149064,-0.86,13.88,14.75,12.95,12.83,0.121,5292034581
2026-06-25,2026-06-25 21:49:58 UTC,37,SMCI,Super Micro Computer Inc,46105307,-2.37,31.68,33.68,31.36,7.1499999999999995,0.0713,20491649703
2026-06-25,2026-06-25 21:49:58 UTC,38,SNAP,Snap Inc,45212206,-4.19,4.34,4.51,4.28,4.859999999999999,0.0273,7192078453
2026-06-25,2026-06-25 21:49:58 UTC,39,MSTR,Strategy Inc,45182062,-9.35,85.33,94.72,85.0,10.33,0.1289,29903716917
2026-06-25,2026-06-25 21:49:58 UTC,40,GRAB,Grab Holdings Limited,44822412,-0.86,3.46,3.57,3.44,3.7199999999999998,0.011,14151400000
2026-06-25,2026-06-25 21:49:58 UTC,41,GOOGL,Alphabet Inc,44511474,-0.45999999999999996,343.71,345.57,335.84,2.82,0.0037,4164314982334
2026-06-25,2026-06-25 21:49:58 UTC,42,NFLX,Netflix Inc,44472097,-1.31,70.9,72.94,70.86,2.9000000000000004,0.0106,298545615635
2026-06-25,2026-06-25 21:49:58 UTC,43,BMNR,Bitmine Immersion Technologies Inc,43883353,-4.99,13.32,14.27,13.07,8.58,0.0816,7161215869
2026-06-25,2026-06-25 21:49:58 UTC,44,T,At&T,43240594,0.22,22.42,22.63,22.23,1.79,0.0062,155781756680
2026-06-25,2026-06-25 21:49:58 UTC,45,PAVS,Paranovus Entertainment Technology Ord Shs Class A,40695032,-37.43,0.0836,0.1008,0.0833,13.100000000000001,0.4473,7606351
2026-06-25,2026-06-25 21:49:58 UTC,46,VNTG,Vantage Corp,39879934,18.459999999999997,0.77,1.54,0.6454,137.63,1.2566,24437875
2026-06-25,2026-06-25 21:49:58 UTC,47,ACHR,Archer Aviation Inc,39601929,-5.1499999999999995,4.79,5.13,4.745,7.62,0.0521,3638474463
2026-06-25,2026-06-25 21:49:58 UTC,48,MRVL,Marvell Technology Inc,39178142,1.6500000000000001,281.26,292.51,263.72,10.4,0.0448,246046248000
2026-06-25,2026-06-25 21:49:58 UTC,49,NU,Nu Hldgs Ltd,38162195,0.0,12.46,12.65,12.23,3.3300000000000005,0.0078,60577295987
2026-06-25,2026-06-25 21:49:58 UTC,50,ORCL,Oracle Corp,36869780,-3.2199999999999998,152.46,157.62,150.36,4.6,0.0128,439156608660
2026-06-25,2026-06-25 21:49:58 UTC,51,CDE,Coeur Mng Inc,36330756,3.36,15.99,16.18,15.38,5.2,0.0352,16491045466
2026-06-25,2026-06-25 21:49:58 UTC,52,IREN,IREN Ltd,36069732,-5.09,47.74,52.29,47.15,10.209999999999999,0.1009,17061257896
2026-06-25,2026-06-25 21:49:58 UTC,53,QCOM,Qualcomm Inc,34813839,3.7900000000000005,204.9,219.43,199.82,9.719999999999999,0.033,215964600000
2026-06-25,2026-06-25 21:49:58 UTC,54,NIO,Nio Inc.,34251842,-3.47,4.73,4.896,4.73,3.39,0.0137,11851805014
2026-06-25,2026-06-25 21:49:58 UTC,55,JBLU,Jetblue Awys Corp,34125122,2.25,5.92,6.22,5.77,7.7700000000000005,0.0917,2202351852
2026-06-25,2026-06-25 21:49:58 UTC,56,FRSH,Freshworks Inc.,34076439,-2.13,9.17,9.5,9.13,3.9,0.1233,2534901311
2026-06-25,2026-06-25 21:49:58 UTC,57,BAC,Bank of America Corp,33755116,0.8,58.19,59.2,57.85,2.33,0.0048,412950609981
2026-06-25,2026-06-25 21:49:58 UTC,58,PBK,PowerBank,33629317,-1.9300000000000002,0.7301,0.7886,0.68,14.59,0.7221,33999588
2026-06-25,2026-06-25 21:49:58 UTC,59,VALE,Vale S A,32388167,1.8900000000000001,15.12,15.27,14.85,2.86,0.0076,64479750345
2026-06-25,2026-06-25 21:49:58 UTC,60,RIG,Transocean,31914362,3.37,5.21,5.22,4.99,4.5600000000000005,0.0286,5816658526
2026-06-25,2026-06-25 21:49:58 UTC,61,BBAI,BIGBEAR AI HLDGS INC,31910577,-3.1300000000000003,3.41,3.565,3.36,5.82,0.0666,1633217624
2026-06-25,2026-06-25 21:49:58 UTC,62,ALIT,Alight Inc.,31402952,-1.48,0.5643,0.6232,0.5555,11.82,0.0585,303165649
2026-06-25,2026-06-25 21:49:58 UTC,63,QXO,QXO Inc,30496165,6.32,18.0,18.0,17.02,5.76,0.042,13055496210
2026-06-25,2026-06-25 21:49:58 UTC,64,SOUN,SOUNDHOUND AI INC,30240979,-2.0500000000000003,6.21,6.43,6.08,5.52,0.0699,2687499433
2026-06-25,2026-06-25 21:49:58 UTC,65,TSLA,Tesla Inc,30163240,-0.11,375.12,379.12,371.22,2.1,0.008,1408847138489
2026-06-25,2026-06-25 21:49:58 UTC,66,HL,Hecla Mining Co,30127901,4.34,15.15,15.3,14.46,5.79,0.0449,10161292905
2026-06-25,2026-06-25 21:49:58 UTC,67,CCL,Carnival Corporation Ltd.,29375211,-1.5599999999999998,28.46,29.89,28.13,6.09,0.0237,35261946033
2026-06-25,2026-06-25 21:49:58 UTC,68,NKE,Nike Inc Cl B,29233983,-2.1999999999999997,40.9,41.86,40.44,3.38,0.0197,60568279649
2026-06-25,2026-06-25 21:49:58 UTC,69,KVUE,Kenvue Inc.,28948184,0.8500000000000001,18.96,19.09,18.79,1.6199999999999999,0.0151,36403364345
2026-06-25,2026-06-25 21:49:58 UTC,70,OPTU,Optimum Communications Inc,28919562,-0.62,1.6,1.75,1.51,14.91,0.0607,762355531
2026-06-25,2026-06-25 21:49:58 UTC,71,INFY,Infosys,28691373,-3.29,10.57,10.98,10.56,3.8899999999999997,0.0071,42875726161
2026-06-25,2026-06-25 21:49:58 UTC,72,FCUV,Focus Unvl Inc,28303166,7.6899999999999995,4.76,7.13,4.75,53.849999999999994,40.2714,3345380
2026-06-25,2026-06-25 21:49:58 UTC,73,OPEN,Opendoor Technologies Inc,28288099,0.47000000000000003,4.3,4.44,4.2,5.609999999999999,0.0293,4148367517
2026-06-25,2026-06-25 21:49:58 UTC,74,RGTI,Rigetti Computing Inc,27975146,-5.7299999999999995,18.41,20.41,18.28,10.91,0.0842,6119462036
2026-06-25,2026-06-25 21:49:58 UTC,75,GOOG,Alphabet Inc,27648832,-0.83,342.19,343.19,335.9,2.11,0.0023,4145898995679
2026-06-25,2026-06-25 21:49:58 UTC,76,RDW,Redwire Corporation,27331740,-5.1,10.8,11.37,10.11,8.7,0.1144,2579313726
2026-06-25,2026-06-25 21:49:58 UTC,77,AMD,Advanced Micro Devices Inc,27045811,2.4699999999999998,532.57,550.88,507.0,8.44,0.0166,868408982312
2026-06-25,2026-06-25 21:49:58 UTC,78,SLNH,SOLUNA HOLDINGS INC,26943405,5.11,1.44,1.48,1.24,17.52,0.1708,227156189
2026-06-25,2026-06-25 21:49:58 UTC,79,CSCO,Cisco Sys Inc,26923021,-0.63,118.97,121.14,117.56,2.9899999999999998,0.0068,468912482095
2026-06-25,2026-06-25 21:49:58 UTC,80,HPE,Hewlett Packard Enterprise Co,26919233,-4.16,46.72,48.16,46.1,4.2299999999999995,0.0203,61866788501
2026-06-25,2026-06-25 21:49:58 UTC,81,RKLB,Rocket Lab Usa Inc,26753994,-5.53,80.69,86.11,80.0,7.04,0.0462,46708816557
2026-06-25,2026-06-25 21:49:58 UTC,82,RIVN,"Rivian Automotive, Inc. / De",26692383,1.5,14.86,14.88,14.35,3.62,0.0212,18729885393
2026-06-25,2026-06-25 21:49:58 UTC,83,TNON,"Tenon Medical, Inc.",26083505,23.18,0.4927,0.66,0.3689,72.78,2.2012,5838334
2026-06-25,2026-06-25 21:49:58 UTC,84,CPNG,Coupang Inc,25819782,-3.94,17.06,17.79,17.0,4.45,0.0144,30623795269
2026-06-25,2026-06-25 21:49:58 UTC,85,GLW,Corning,25632482,10.780000000000001,228.01,230.5,213.02,8.49,0.0298,196234030478
2026-06-25,2026-06-25 21:49:58 UTC,86,HUMA,Humacyte Inc,25456556,-11.14,0.62,0.7296,0.6192,15.82,0.0944,167175656
2026-06-25,2026-06-25 21:49:58 UTC,87,MGN,MEGAN HLDGS LTD,25416348,-13.19,0.1895,0.215,0.1617,24.42,0.6869,7011500
2026-06-25,2026-06-25 21:49:58 UTC,88,BTG,B2Gold,25330033,1.7999999999999998,3.96,4.06,3.9,4.109999999999999,0.019,5290209761
2026-06-25,2026-06-25 21:49:58 UTC,89,CMCSA,Comcast Corp,25304459,0.22,22.69,23.0,22.63,1.66,0.0071,81053865958
2026-06-25,2026-06-25 21:49:58 UTC,90,FIG,Figma,25096168,-9.66,16.84,18.27,16.8,7.89,0.0475,8897861489
2026-06-25,2026-06-25 21:49:58 UTC,91,NUVB,Nuvation Bio Inc,24843261,-10.059999999999999,5.81,6.18,5.48,10.45,0.0713,2023053451
2026-06-25,2026-06-25 21:49:58 UTC,92,DNN,Denison Mines,24571790,-3.15,3.07,3.26,3.07,5.680000000000001,0.0272,2778402073
2026-06-25,2026-06-25 21:49:58 UTC,93,HBAN,Huntington Bancshares Inc,24234155,1.82,17.9,18.16,17.6,3.19,0.012,36285637507
2026-06-25,2026-06-25 21:49:58 UTC,94,BURU,Nuburu,24207270,-3.35,0.1414,0.1517,0.1355,11.07,0.1352,25313516
2026-06-25,2026-06-25 21:49:58 UTC,95,LAES,Sealsq Corp,23960677,-1.8599999999999999,3.17,3.45,3.08,11.459999999999999,0.1076,706193576
2026-06-25,2026-06-25 21:49:58 UTC,96,NOW,Servicenow Inc,23682720,-4.5600000000000005,89.52,92.06,89.39,2.8400000000000003,0.023,92322692160
2026-06-25,2026-06-25 21:49:58 UTC,97,AUR,Aurora Innovation Inc,23454162,0.16,6.24,6.3,5.91,6.23,0.012,12237907275
2026-06-25,2026-06-25 21:49:58 UTC,98,AVGO,Broadcom Inc,23372685,-0.83,378.91,388.8,372.7,4.21,0.0049,1802694712824
2026-06-25,2026-06-25 21:49:58 UTC,99,HOOD,"Robinhood Markets, Inc.",23362181,-3.83,93.47,99.19,92.8,6.569999999999999,0.0259,84170207677
2026-06-25,2026-06-25 21:49:58 UTC,100,UWMC,Uwm Holdings Corporation,23155740,4.95,2.12,2.22,2.09,6.4399999999999995,0.0145,3394306820
2026-06-26,2026-06-26 21:49:58 UTC,1,INLF,INLIF,2257595659,55.669999999999995,0.0467,0.0689,0.0453,78.67,163.5198,644751
2026-06-26,2026-06-26 21:49:58 UTC,2,GDC,GD CULTURE GROUP LTD,499615053,-13.139999999999999,0.0119,0.0136,0.0103,24.09,0.4801,12383375
2026-06-26,2026-06-26 21:49:58 UTC,3,RCT,RedCloud,266868803,26.090000000000003,0.3567,0.5171,0.3101,73.17,4.4956,21174434
2026-06-26,2026-06-26 21:49:58 UTC,4,AAPL,Apple Inc,261702104,3.1399999999999997,283.78,285.95,274.21,4.2700000000000005,0.0178,4167977885680
2026-06-26,2026-06-26 21:49:58 UTC,5,AMZN,Amazon Com,248300878,2.5,232.69,233.9,226.13,3.01,0.0231,2503071794662
2026-06-26,2026-06-26 21:49:58 UTC,6,MSFT,Microsoft Corp,186118911,5.71,372.97,376.61,355.43,6.0,0.0251,2770583291550
2026-06-26,2026-06-26 21:49:58 UTC,7,NVDA,Nvidia Corporation,178944584,-1.6400000000000001,192.53,195.55,191.22,2.21,0.0074,4659226000000
2026-06-26,2026-06-26 21:49:58 UTC,8,OPEN,Opendoor Technologies Inc,171451836,1.63,4.37,4.51,4.2,7.21,0.1777,4215899081
2026-06-26,2026-06-26 21:49:58 UTC,9,CDE,Coeur Mng Inc,168649435,0.19,16.02,16.92,15.76,7.28,0.1635,16521985514
2026-06-26,2026-06-26 21:49:58 UTC,10,AAL,American Airline,162978728,1.71,17.87,17.94,17.43,2.93,0.2464,11818952398
2026-06-26,2026-06-26 21:49:58 UTC,11,NOK,Nokia,142632564,-6.94,13.01,13.44,12.78,4.72,0.0255,72761184147
2026-06-26,2026-06-26 21:49:58 UTC,12,HKIT,HiTek Global Inc.,129207957,27.41,0.284,0.3741,0.2151,71.33,6.4615,5678998
2026-06-26,2026-06-26 21:49:58 UTC,13,SPCX,Space Exploration Technologies Corp,126864830,0.15,153.23,158.4,148.51,6.460000000000001,0.0097,2003614820765
2026-06-26,2026-06-26 21:49:58 UTC,14,ONDS,Ondas Holdings Inc.,123586810,2.02,7.83,7.97,7.5,6.0600000000000005,0.2361,4098345385
2026-06-26,2026-06-26 21:49:58 UTC,15,GPUS,Hyperscale Data Inc.,122879148,-9.48,0.17,0.1817,0.1682,7.19,0.2662,78473190
2026-06-26,2026-06-26 21:49:58 UTC,16,KEEL,Keel Infrastructure Corp,122329651,2.73,6.03,6.15,5.5,10.9,0.2027,3639982521
2026-06-26,2026-06-26 21:49:58 UTC,17,IVF,"INVO Fertility, Inc",115093452,97.58,2.45,3.11,1.81,102.42,64.4408,4375785
2026-06-26,2026-06-26 21:49:58 UTC,18,GOOGL,Alphabet Inc,114644078,-1.8399999999999999,337.39,346.36,330.2,3.4000000000000004,0.0095,4087743248348
2026-06-26,2026-06-26 21:49:58 UTC,19,HL,Hecla Mining Co,112433000,2.5700000000000003,15.54,15.98,15.13,5.48,0.1676,10422870742
2026-06-26,2026-06-26 21:49:58 UTC,20,CRIS,Curis,108573151,55.98,0.321,0.38,0.206,84.55,2.7854,12512160
2026-06-26,2026-06-26 21:49:58 UTC,21,INTC,Intel Corp,99265918,-3.42,128.32,131.23,125.5,4.31,0.0198,644936320000
2026-06-26,2026-06-26 21:49:58 UTC,22,PLUG,Plug Power,95567685,-1.17,2.54,2.58,2.47,4.279999999999999,0.0685,3543475468
2026-06-26,2026-06-26 21:49:58 UTC,23,SOFI,Sofi Technologies Inc,90528519,3.35,17.88,17.97,16.99,5.66,0.0706,22935412656
2026-06-26,2026-06-26 21:49:58 UTC,24,MU,Micron Technology Inc,86133187,-6.69,1132.33,1198.71,1121.36,6.36,0.0764,1276967097968
2026-06-26,2026-06-26 21:49:58 UTC,25,T,At&T,85131806,1.34,22.72,22.72,22.32,1.76,0.0123,157866258331
2026-06-26,2026-06-26 21:49:58 UTC,26,ILLR,Triller Group Inc,84264726,46.23,4.46,5.48,3.79,55.410000000000004,4.2673,88070282
2026-06-26,2026-06-26 21:49:58 UTC,27,ALIT,Alight Inc.,83280523,2.3,0.5773,0.625,0.5546,12.479999999999999,0.155,310149795
2026-06-26,2026-06-26 21:49:58 UTC,28,GOOG,Alphabet Inc,82451808,-2.19,334.69,344.12,333.69,3.05,0.0068,4055030640474
2026-06-26,2026-06-26 21:49:58 UTC,29,NWL,Newell Brands,81308528,-1.1900000000000002,5.82,6.16,5.65,8.66,0.1914,2472918000
2026-06-26,2026-06-26 21:49:58 UTC,30,WEN,Wendys Co,80280384,6.41,7.8,8.25,7.22,14.05,0.4215,1485748992
2026-06-26,2026-06-26 21:49:58 UTC,31,BYND,Beyond Meat,77378809,-3.64,0.6594,0.6975,0.646,7.380000000000001,0.1502,339816773
2026-06-26,2026-06-26 21:49:58 UTC,32,NFLX,Netflix Inc,74886514,4.1000000000000005,73.81,75.2,71.53,5.16,0.0178,310799039351
2026-06-26,2026-06-26 21:49:58 UTC,33,HIVE,HIVE Digital Technologies Ltd,73610870,6.329999999999999,4.03,4.21,3.6,15.83,0.2753,1077746208
2026-06-26,2026-06-26 21:49:58 UTC,34,IONQ,Ionq Inc,67686952,-2.4699999999999998,49.31,52.48,48.49,7.33,0.1813,18405941135
2026-06-26,2026-06-26 21:49:58 UTC,35,BMNR,Bitmine Immersion Technologies Inc,66419146,1.7999999999999998,13.56,13.81,12.94,6.460000000000001,0.1235,7290246785
2026-06-26,2026-06-26 21:49:58 UTC,36,PATH,Uipath Inc,66277328,6.04,10.53,10.59,9.87,7.1,0.1279,5455806400
2026-06-26,2026-06-26 21:49:58 UTC,37,WULF,Terawulf Inc,66277198,-0.88,25.83,26.85,24.44,9.25,0.1337,12799608220
2026-06-26,2026-06-26 21:49:58 UTC,38,AMC,Amc Entmt Hldgs Inc,65684135,14.29,2.16,2.22,1.83,20.630000000000003,0.0736,1928026018
2026-06-26,2026-06-26 21:49:58 UTC,39,QUCY,Quantum Cyber N.V.,65528331,12.41,1.63,1.92,1.53,26.900000000000002,2.8782,37110624
2026-06-26,2026-06-26 21:49:58 UTC,40,UBER,Uber Technologies,64563797,5.47,76.2,76.39,72.45,5.45,0.0317,155112644790
2026-06-26,2026-06-26 21:49:58 UTC,41,ATAI,Atai Beckley Inc,63203987,15.5,5.29,5.31,4.421,19.41,0.1717,1947601705
2026-06-26,2026-06-26 21:49:58 UTC,42,CMG,Chipotle Mexican Grill Inc,63065557,3.2800000000000002,33.34,33.59,32.26,4.12,0.0492,42766351560
2026-06-26,2026-06-26 21:49:58 UTC,43,PLTR,Palantir Technologies Inc,61196772,5.28,112.93,114.08,108.47,5.2299999999999995,0.0255,270728441562
2026-06-26,2026-06-26 21:49:58 UTC,44,CCO,Clear Channel Outdoor Hldgs In,60218057,1.25,2.43,2.43,2.4,0.83,0.1183,1236829919
2026-06-26,2026-06-26 21:49:58 UTC,45,URG,Ur-Energy,60216630,3.85,1.35,1.38,1.29,6.54,0.1516,536398001
2026-06-26,2026-06-26 21:49:58 UTC,46,PFE,Pfizer,59908592,2.62,24.29,24.35,23.74,2.58,0.0105,138439498865
2026-06-26,2026-06-26 21:49:58 UTC,47,COTY,Coty Inc,59871270,2.13,1.92,1.94,1.87,3.7199999999999998,0.068,1690495560
2026-06-26,2026-06-26 21:49:58 UTC,48,F,Ford Mtr Co Del,59522776,0.13999999999999999,14.13,14.48,13.97,3.54,0.0149,56303706861
2026-06-26,2026-06-26 21:49:58 UTC,49,PBK,PowerBank,59328930,-1.38,0.72,0.8466,0.7089,18.86,1.274,33529247
2026-06-26,2026-06-26 21:49:58 UTC,50,BB,Blackberry,57696541,10.25,11.4,11.49,9.91,14.56,0.0984,6681100039
2026-06-26,2026-06-26 21:49:58 UTC,51,BE,Bloom Energy,57116569,-18.490000000000002,252.02,298.53,247.74,16.31,0.2008,71685543613
2026-06-26,2026-06-26 21:49:58 UTC,52,OCGN,Ocugen Inc,57016754,9.49,1.5,1.52,1.36,11.68,0.1684,507782784
2026-06-26,2026-06-26 21:49:58 UTC,53,MARA,MARA Holdings Inc,56729051,4.760000000000001,14.54,15.0,13.34,11.89,0.1488,5543673113
2026-06-26,2026-06-26 21:49:58 UTC,54,JOBY,Joby Aviation Inc,56197123,-0.44999999999999996,8.83,9.08,8.7,4.279999999999999,0.0571,8685566383
2026-06-26,2026-06-26 21:49:58 UTC,55,SOAR,Volato Group Inc-A,55081416,9.99,0.1652,0.17,0.149,13.98,1.7824,5105202
2026-06-26,2026-06-26 21:49:58 UTC,56,CLVT,Clarivate Plc,54910783,7.580000000000001,2.13,2.13,1.95,7.580000000000001,0.0859,1361531166
2026-06-26,2026-06-26 21:49:58 UTC,57,KDP,Keurig Dr Pepper Inc,54795964,3.44,33.4,33.66,32.61,3.19,0.0403,45442686331
2026-06-26,2026-06-26 21:49:58 UTC,58,NU,Nu Hldgs Ltd,54749438,5.7,13.17,13.34,12.45,7.180000000000001,0.0113,64029132275
2026-06-26,2026-06-26 21:49:58 UTC,59,ACHR,Archer Aviation Inc,53528370,1.67,4.87,5.08,4.71,7.720000000000001,0.0705,3699242303
2026-06-26,2026-06-26 21:49:58 UTC,60,TSLA,Tesla Inc,53366646,1.22,379.71,387.8,368.6,5.12,0.0142,1426085911057
2026-06-26,2026-06-26 21:49:58 UTC,61,KO,Coca Cola Co,53348596,2.75,82.63,82.81,80.7,2.63,0.0124,355514122199
2026-06-26,2026-06-26 21:49:58 UTC,62,AMD,Advanced Micro Devices Inc,52663852,-2.06,521.58,525.11,502.61,4.22,0.0323,850488681289
2026-06-26,2026-06-26 21:49:58 UTC,63,ABBV,Abbvie Inc,52628101,4.2,253.35,253.35,244.66,3.1,0.0298,447616961200
2026-06-26,2026-06-26 21:49:58 UTC,64,CSCO,Cisco Sys Inc,51632296,-4.37,113.77,117.18,112.86,3.63,0.0131,448417021837
2026-06-26,2026-06-26 21:49:58 UTC,65,IREN,IREN Ltd,50846217,-1.11,47.21,48.39,45.05,6.99,0.1423,16871847199
2026-06-26,2026-06-26 21:49:58 UTC,66,RIG,Transocean,48990668,-1.92,5.11,5.22,5.04,3.42,0.0439,5705014409
2026-06-26,2026-06-26 21:49:58 UTC,67,BAC,Bank of America Corp,48749118,-0.53,57.88,58.63,57.44,2.04,0.0069,410750666879
2026-06-26,2026-06-26 21:49:58 UTC,68,SMCI,Super Micro Computer Inc,48459144,-3.3099999999999996,30.63,31.71,30.28,4.51,0.0749,19812475707
2026-06-26,2026-06-26 21:49:58 UTC,69,APLD,Applied Digital,47865646,-4.37,39.16,40.37,37.96,5.86,0.1675,11190735147
2026-06-26,2026-06-26 21:49:58 UTC,70,GRAB,Grab Holdings Limited,47794474,2.6,3.55,3.58,3.425,4.34,0.0117,14519500000
2026-06-26,2026-06-26 21:49:58 UTC,71,CRWV,"CoreWeave, Inc.",47666332,-2.21,96.58,98.09,93.5,4.65,0.0874,52691184016
2026-06-26,2026-06-26 21:49:58 UTC,72,LUMN,Lumen Technologies Inc,46978167,-2.88,8.08,8.5,8.05,5.2299999999999995,0.0456,8324913445
2026-06-26,2026-06-26 21:49:58 UTC,73,HUMA,Humacyte Inc,46910823,14.29,0.7086,0.797,0.61,30.159999999999997,0.174,191065597
2026-06-26,2026-06-26 21:49:58 UTC,74,SMR,NuScale Power Corporation,46161831,0.3,10.1,10.29,9.74,5.46,0.1263,3691359675
2026-06-26,2026-06-26 21:49:58 UTC,75,STUB,Stubhub Holdings,45533991,7.64,12.4,12.43,11.51,7.7299999999999995,0.1213,4655422532
2026-06-26,2026-06-26 21:49:58 UTC,76,MSTR,Strategy Inc,45519774,-3.54,82.31,87.67,81.81,6.819999999999999,0.1299,28845364344
2026-06-26,2026-06-26 21:49:58 UTC,77,GLW,Corning,45375876,-3.05,221.05,226.0,207.73,7.920000000000001,0.0527,190243991216
2026-06-26,2026-06-26 21:49:58 UTC,78,GTM,Zoominfo Technologies Inc.,45325341,10.73,2.89,2.935,2.61,12.45,0.1538,851735118
2026-06-26,2026-06-26 21:49:58 UTC,79,PL,Planet Labs Pbc,45155715,2.11,27.07,28.69,26.13,9.66,0.1267,9647816378
2026-06-26,2026-06-26 21:49:58 UTC,80,HOOD,"Robinhood Markets, Inc.",44886430,5.58,98.69,99.44,93.08,6.800000000000001,0.0498,88870844075
2026-06-26,2026-06-26 21:49:58 UTC,81,CIFR,Cipher Digital Inc,44825621,1.01,25.94,26.13,23.8,9.07,0.1096,10610736170
2026-06-26,2026-06-26 21:49:58 UTC,82,SDOT,Sadot Group,44542711,247.08999999999997,21.45,22.75,9.81,209.39000000000001,59.8692,15958800
2026-06-26,2026-06-26 21:49:58 UTC,83,FRSH,Freshworks Inc.,44262420,7.42,9.85,9.9,9.25,7.090000000000001,0.1601,2722876544
2026-06-26,2026-06-26 21:49:58 UTC,84,ON,On Semiconductr,44178976,-23.66,90.65,98.48,89.24,7.630000000000001,0.1127,35526024264
2026-06-26,2026-06-26 21:49:58 UTC,85,RIVN,"Rivian Automotive, Inc. / De",42571209,5.18,15.63,15.72,14.54,7.9399999999999995,0.0338,19700411083
2026-06-26,2026-06-26 21:49:58 UTC,86,ZCMD,Zhongchao Inc,42537328,-12.75,0.3176,0.6108,0.3,85.38,12.2599,1101956
2026-06-26,2026-06-26 21:49:58 UTC,87,RXRX,"Recursion Pharmaceuticals, Inc.",42533271,5.390000000000001,3.52,3.62,3.282,10.03,0.0803,1865266300
2026-06-26,2026-06-26 21:49:58 UTC,88,KOS,Kosmos Energy Ltd,42243426,0.0,2.18,2.19,2.065,5.7299999999999995,0.0712,1293152617
2026-06-26,2026-06-26 21:49:58 UTC,89,CMCSA,Comcast Corp,42035290,2.12,23.17,23.23,22.71,2.29,0.0118,82768535665
2026-06-26,2026-06-26 21:49:58 UTC,90,MRVL,Marvell Technology Inc,41919415,-5.1499999999999995,266.77,274.2,262.0,4.2700000000000005,0.0479,233370396000
2026-06-26,2026-06-26 21:49:58 UTC,91,SNAP,Snap Inc,41917138,1.6099999999999999,4.41,4.43,4.27,3.6900000000000004,0.0253,7308079718
2026-06-26,2026-06-26 21:49:58 UTC,92,BBAI,BIGBEAR AI HLDGS INC,41733550,2.0500000000000003,3.48,3.555,3.33,6.6000000000000005,0.0871,1666744086
2026-06-26,2026-06-26 21:49:58 UTC,93,IBRX,Immunitybio Inc,41094633,11.81,8.71,8.85,7.67,15.15,0.0392,9122453139
2026-06-26,2026-06-26 21:49:58 UTC,94,MVIS,Microvision,40928304,-9.71,0.2799,0.32,0.2781,13.52,0.1188,96466405
2026-06-26,2026-06-26 21:49:58 UTC,95,UAA,Under Armour,40244576,3.62,6.3,6.36,6.03,5.43,0.0944,2685846819
2026-06-26,2026-06-26 21:49:58 UTC,96,RKT,Rocket Companies Inc,40179818,1.49,15.0,15.17,14.48,4.67,0.0142,42441445830
2026-06-26,2026-06-26 21:49:58 UTC,97,LXRX,Lexicon Pharmaceuticals Inc,39453795,11.35,2.55,2.55,2.275,11.790000000000001,0.0888,1132700794
2026-06-26,2026-06-26 21:49:58 UTC,98,SLNH,SOLUNA HOLDINGS INC,38945141,-0.69,1.43,1.44,1.31,9.030000000000001,0.2469,225578716
2026-06-26,2026-06-26 21:49:58 UTC,99,SES,SES AI,38919841,2.19,0.8996,0.9178,0.8614,6.41,0.1054,332207314
2026-06-26,2026-06-26 21:49:58 UTC,100,CRDO,CREDO TECHNOLOGY GROUP HOLDING,38602922,-11.200000000000001,238.0,262.56,231.08,11.540000000000001,0.207,44381739724
2026-06-29,2026-06-29 21:49:59 UTC,1,INLF,INLIF,1069659550,41.33,0.066,0.0771,0.0479,62.529999999999994,77.4778,911212
2026-06-29,2026-06-29 21:49:59 UTC,2,TNMG,TNL Mediagene,317231641,106.97000000000001,1.01,1.29,0.7888,102.69999999999999,108.2237,2960570
2026-06-29,2026-06-29 21:49:59 UTC,3,CAG,Conagra Brands Inc,158869828,-0.7100000000000001,13.98,14.24,13.88,2.59,0.3321,6688551440
2026-06-29,2026-06-29 21:49:59 UTC,4,NVDA,Nvidia Corporation,148342494,1.27,194.97,196.18,189.8,3.3099999999999996,0.0061,4718274000000
2026-06-29,2026-06-29 21:49:59 UTC,5,CMCSA,Comcast Corp,135406904,4.53,24.22,27.1,24.17,12.590000000000002,0.0379,86519375650
2026-06-29,2026-06-29 21:49:59 UTC,6,SOAR,Volato Group Inc-A,129061286,8.6,0.1794,0.19,0.146,26.63,4.1763,5544027
2026-06-29,2026-06-29 21:49:59 UTC,7,AAL,American Airline,122460543,0.27999999999999997,17.92,18.05,17.52,2.97,0.1852,11852021655
2026-06-29,2026-06-29 21:49:59 UTC,8,GPUS,Hyperscale Data Inc.,114820317,-6.0600000000000005,0.1597,0.1662,0.152,8.35,0.2487,73718638
2026-06-29,2026-06-29 21:49:59 UTC,9,SRFM,Surf Air Mobility Inc.,107662804,3.1199999999999997,0.93,1.21,0.86,38.81,1.0722,93382646
2026-06-29,2026-06-29 21:49:59 UTC,10,INTC,Intel Corp,106619968,2.65,131.72,132.05,118.5,10.45,0.0212,662024720000
2026-06-29,2026-06-29 21:49:59 UTC,11,NOK,Nokia,97662517,0.15,13.03,13.03,12.16,6.61,0.0175,72873038389
2026-06-29,2026-06-29 21:49:59 UTC,12,NNBR,Nn Inc,96746603,31.16,3.62,4.35,3.41,34.06,1.8332,191040113
2026-06-29,2026-06-29 21:49:59 UTC,13,SMCI,Super Micro Computer Inc,90822189,-8.1,28.15,31.22,27.75,11.33,0.1404,18208331412
2026-06-29,2026-06-29 21:49:59 UTC,14,T,At&T,84960631,-3.9600000000000004,21.82,22.43,21.28,5.06,0.0122,151612753379
2026-06-29,2026-06-29 21:49:59 UTC,15,SPCX,Space Exploration Technologies Corp,81142784,7.1499999999999995,164.19,166.17,151.74,9.42,0.0062,2146926303083
2026-06-29,2026-06-29 21:49:59 UTC,16,OPEN,Opendoor Technologies Inc,78160046,5.26,4.6,4.63,4.262,8.42,0.081,4437788507
2026-06-29,2026-06-29 21:49:59 UTC,17,AMZN,Amazon Com,77529788,3.2,240.14,249.71,233.8,6.84,0.0072,2583212259961
2026-06-29,2026-06-29 21:49:59 UTC,18,SOFI,Sofi Technologies Inc,76650889,1.73,18.19,18.3,17.5,4.47,0.0598,23333062428
2026-06-29,2026-06-29 21:49:59 UTC,19,AAPL,Apple Inc,66370765,-0.72,281.74,288.37,279.85,3.0,0.0045,4138015679440
2026-06-29,2026-06-29 21:49:59 UTC,20,SNAP,Snap Inc,63299898,0.22999999999999998,4.42,4.55,4.37,4.08,0.0382,7324651328
2026-06-29,2026-06-29 21:49:59 UTC,21,MU,Micron Technology Inc,60405523,1.1400000000000001,1145.28,1148.79,1023.65,11.05,0.0535,1293471387977
2026-06-29,2026-06-29 21:49:59 UTC,22,GRAB,Grab Holdings Limited,58636031,5.35,3.74,3.75,3.58,4.79,0.0143,15296600000
2026-06-29,2026-06-29 21:49:59 UTC,23,ONDS,Ondas Holdings Inc.,57983860,2.4299999999999997,8.02,8.22,7.65,7.28,0.1101,4222856879
2026-06-29,2026-06-29 21:49:59 UTC,24,HTZ,Hertz Global Hld,57497650,-12.879999999999999,2.3,2.7,2.26,16.66,0.1821,726258402
2026-06-29,2026-06-29 21:49:59 UTC,25,TSLA,Tesla Inc,57418336,8.459999999999999,411.84,413.27,379.3,8.95,0.0153,1546757319032
2026-06-29,2026-06-29 21:49:59 UTC,26,VZ,Verizon Comms,55356424,-5.24,44.1,45.85,42.78,6.6000000000000005,0.0133,184142147931
2026-06-29,2026-06-29 21:49:59 UTC,27,UPC,Universe Pharmaceuticals Inc,54954692,311.49,12.18,17.96,10.51,251.69000000000003,84.8278,7890666
2026-06-29,2026-06-29 21:49:59 UTC,28,FRSH,Freshworks Inc.,53311914,3.65,10.21,10.24,9.94,3.0300000000000002,0.1929,2822392845
2026-06-29,2026-06-29 21:49:59 UTC,29,MSFT,Microsoft Corp,51028317,-1.18,368.57,380.5,359.9,3.88,0.0069,2737898178853
2026-06-29,2026-06-29 21:49:59 UTC,30,PATH,Uipath Inc,50619331,1.4200000000000002,10.68,10.95,10.55,3.75,0.0977,5533524440
2026-06-29,2026-06-29 21:49:59 UTC,31,MARA,MARA Holdings Inc,50327902,-3.51,14.03,14.89,13.28,11.07,0.132,5349225157
2026-06-29,2026-06-29 21:49:59 UTC,32,DGNX,Diginex Limited,49762733,58.51,1.4,1.88,0.9,109.83000000000001,1.71,40741317
2026-06-29,2026-06-29 21:49:59 UTC,33,JOBY,Joby Aviation Inc,47732130,-2.26,8.63,9.11,8.33,8.89,0.0485,8488837812
2026-06-29,2026-06-29 21:49:59 UTC,34,BB,Blackberry,47550404,9.47,12.48,12.61,11.31,11.4,0.0811,7314533378
2026-06-29,2026-06-29 21:49:59 UTC,35,PFE,Pfizer,47456296,0.33,24.37,24.5,24.1,1.6500000000000001,0.0083,138895454398
2026-06-29,2026-06-29 21:49:59 UTC,36,F,Ford Mtr Co Del,46322497,-0.7799999999999999,14.02,14.25,13.96,2.0500000000000003,0.0116,55865390672
2026-06-29,2026-06-29 21:49:59 UTC,37,AZI,Autozi Internet Technology (Global) Ltd.,45649297,56.45,2.91,3.5,1.87,87.63,10.0319,13241762
2026-06-29,2026-06-29 21:49:59 UTC,38,PLTR,Palantir Technologies Inc,44892489,2.45,115.7,119.08,114.7,3.8699999999999997,0.0187,277368995738
2026-06-29,2026-06-29 21:49:59 UTC,39,MSTR,Strategy Inc,44785188,12.6,92.68,94.37,82.72,14.14,0.1278,32479508776
2026-06-29,2026-06-29 21:49:59 UTC,40,PLUG,Plug Power,44549999,1.97,2.59,2.65,2.47,7.090000000000001,0.0319,3613228922
2026-06-29,2026-06-29 21:49:59 UTC,41,RKLB,Rocket Lab Usa Inc,42507230,15.93,98.01,99.08,89.85,10.870000000000001,0.0734,56734801224
2026-06-29,2026-06-29 21:49:59 UTC,42,NFLX,Netflix Inc,42335521,-0.04,73.78,76.07,73.73,3.16,0.0101,310672715395
2026-06-29,2026-06-29 21:49:59 UTC,43,AMC,Amc Entmt Hldgs Inc,41334533,-6.02,2.03,2.29,2.01,12.959999999999999,0.0463,1811987415
2026-06-29,2026-06-29 21:49:59 UTC,44,UWMC,Uwm Holdings Corporation,40768054,-3.6700000000000004,2.1,2.23,2.09,6.419999999999999,0.0255,3362285058
2026-06-29,2026-06-29 21:49:59 UTC,45,VEEA,VEEA INC,39651965,1.6400000000000001,0.2598,0.275,0.179,37.56,0.7194,14319384
2026-06-29,2026-06-29 21:49:59 UTC,46,MVIS,Microvision,39612286,6.65,0.2985,0.3402,0.26,28.58,0.1149,102876820
2026-06-29,2026-06-29 21:49:59 UTC,47,KNDI,"Kandi Technologies Group, Inc.",39350025,17.69,0.712,0.7448,0.57,28.89,0.3919,71495739
2026-06-29,2026-06-29 21:49:59 UTC,48,KEEL,Keel Infrastructure Corp,38993660,-4.15,5.78,6.19,5.41,12.93,0.0646,3489071140
2026-06-29,2026-06-29 21:49:59 UTC,49,RIVN,"Rivian Automotive, Inc. / De",38751223,7.55,16.81,16.88,15.57,8.32,0.0307,21187710192
2026-06-29,2026-06-29 21:49:59 UTC,50,LGCL,Lucas GC Limited,37091259,15.09,0.8517,1.6,0.65,128.38,0.8669,36444587
2026-06-29,2026-06-29 21:49:59 UTC,51,HUMA,Humacyte Inc,36690396,12.740000000000002,0.7989,0.8189,0.6725,20.66,0.1361,215413922
2026-06-29,2026-06-29 21:49:59 UTC,52,WEN,Wendys Co,36565415,5.83,8.26,8.28,7.41,11.15,0.192,1572417683
2026-06-29,2026-06-29 21:49:59 UTC,53,RIG,Transocean,36438857,-1.37,5.04,5.19,5.02,3.42,0.0326,5626863527
2026-06-29,2026-06-29 21:49:59 UTC,54,BMNR,Bitmine Immersion Technologies Inc,36247269,1.77,13.8,13.91,13.02,6.5600000000000005,0.0674,7419277702
2026-06-29,2026-06-29 21:49:59 UTC,55,NU,Nu Hldgs Ltd,35853702,-0.3,13.13,13.3,12.99,2.35,0.0074,63834662625
2026-06-29,2026-06-29 21:49:59 UTC,56,RKT,Rocket Companies Inc,35594681,3.3300000000000005,15.5,15.56,14.8,5.029999999999999,0.0126,43856160691
2026-06-29,2026-06-29 21:49:59 UTC,57,CDE,Coeur Mng Inc,35401720,1.94,16.33,16.41,15.82,3.65,0.0343,16841699341
2026-06-29,2026-06-29 21:49:59 UTC,58,ACHR,Archer Aviation Inc,34768462,-3.9,4.68,5.03,4.61,8.62,0.0458,3554918682
2026-06-29,2026-06-29 21:49:59 UTC,59,ORCL,Oracle Corp,34249831,-0.52,147.76,154.5,145.2,6.25,0.0119,425618394960
2026-06-29,2026-06-29 21:49:59 UTC,60,GOOGL,Alphabet Inc,34166699,4.82,353.65,354.35,340.67,4.05,0.0028,4284745842433
2026-06-29,2026-06-29 21:49:59 UTC,61,IREN,IREN Ltd,34164224,-2.75,45.91,48.98,43.89,10.780000000000001,0.0956,16407254923
2026-06-29,2026-06-29 21:49:59 UTC,62,CRIS,Curis,34160442,37.69,0.442,0.4484,0.314,41.870000000000005,0.8764,17228582
2026-06-29,2026-06-29 21:49:59 UTC,63,KUST,Kustom Entertainment Inc,33703650,33.68,1.27,1.5,0.951,57.79,53.7658,796112
2026-06-29,2026-06-29 21:49:59 UTC,64,ASTS,Ast Spacemobile Inc,33257963,21.44,86.77,86.95,75.98,15.329999999999998,0.0857,33677569112
2026-06-29,2026-06-29 21:49:59 UTC,65,BYND,Beyond Meat,32926113,7.489999999999999,0.7088,0.7239,0.6669,8.64,0.0639,365274687
2026-06-29,2026-06-29 21:49:59 UTC,66,SLS,Sellas Life Sciences Group Inc,32867021,24.7,15.45,15.67,13.03,21.310000000000002,0.1672,3037973268
2026-06-29,2026-06-29 21:49:59 UTC,67,HIVE,HIVE Digital Technologies Ltd,32024224,-6.7,3.76,4.13,3.57,13.850000000000001,0.1197,1005539886
2026-06-29,2026-06-29 21:49:59 UTC,68,MRVL,Marvell Technology Inc,31668909,4.12,277.75,278.28,250.52,10.4,0.0362,242975700000
2026-06-29,2026-06-29 21:49:59 UTC,69,ALIT,Alight Inc.,31509884,-4.8,0.5496,0.5939,0.5223,12.4,0.0587,295268192
2026-06-29,2026-06-29 21:49:59 UTC,70,BTG,B2Gold,31316054,-3.81,3.79,3.92,3.725,4.95,0.0234,5063104797
2026-06-29,2026-06-29 21:49:59 UTC,71,QXO,QXO Inc,30495629,0.22,17.82,18.49,17.23,7.109999999999999,0.042,12924941247
2026-06-29,2026-06-29 21:49:59 UTC,72,BBAI,BIGBEAR AI HLDGS INC,29822523,3.45,3.6,3.65,3.445,5.89,0.0623,1724218020
2026-06-29,2026-06-29 21:49:59 UTC,73,RGTI,Rigetti Computing Inc,29660479,5.88,19.44,19.8,18.23,8.55,0.0892,6461832808
2026-06-29,2026-06-29 21:49:59 UTC,74,RDW,Redwire Corporation,29307014,6.950000000000001,11.69,11.89,10.94,8.690000000000001,0.1227,2791868283
2026-06-29,2026-06-29 21:49:59 UTC,75,LYG,Lloyds Banking,29234128,1.05,5.75,5.78,5.7,1.23,0.002,83761288484
2026-06-29,2026-06-29 21:49:59 UTC,76,BAC,Bank of America Corp,28914842,0.0,57.88,58.34,57.61,1.25,0.0041,410750666879
2026-06-29,2026-06-29 21:49:59 UTC,77,ABEV,Ambev,27881197,-1.55,3.18,3.24,3.165,2.32,0.0018,49597486920
2026-06-29,2026-06-29 21:49:59 UTC,78,NKE,Nike Inc Cl B,27788867,1.79,41.48,41.69,40.77,2.23,0.0188,61427194128
2026-06-29,2026-06-29 21:49:59 UTC,79,PETS,Petmed Express Inc,27647333,3.4099999999999997,1.82,2.35,1.76,33.52,1.2936,38896821
2026-06-29,2026-06-29 21:49:59 UTC,80,ARI,Apollo Comm,27634347,-2.41,10.52,10.78,10.52,2.32,0.211,1377565080
2026-06-29,2026-06-29 21:49:59 UTC,81,AMD,Advanced Micro Devices Inc,26630755,3.4299999999999997,539.49,542.19,495.35,8.98,0.0163,879692738734
2026-06-29,2026-06-29 21:49:59 UTC,82,UBER,Uber Technologies,26207388,-0.9199999999999999,75.5,77.76,74.2,4.66,0.0129,153687725481
2026-06-29,2026-06-29 21:49:59 UTC,83,WULF,Terawulf Inc,25747801,-0.97,25.58,26.76,23.92,10.96,0.052,12675725059
2026-06-29,2026-06-29 21:49:59 UTC,84,LCID,Lucid Group Inc,25723843,9.969999999999999,6.51,6.68,5.91,12.839999999999998,0.0659,2540571820
2026-06-29,2026-06-29 21:49:59 UTC,85,GOOG,Alphabet Inc,25544446,4.96,351.28,351.97,338.81,3.93,0.0021,4256031442188
2026-06-29,2026-06-29 21:49:59 UTC,86,AVGO,Broadcom Inc,25147821,2.04,372.45,376.21,360.46,4.31,0.0053,1771960744745
2026-06-29,2026-06-29 21:49:59 UTC,87,AGNC,Agnc Invt Corp,25020743,0.9199999999999999,11.0,11.0,10.79,1.97,0.0218,12627221992
2026-06-29,2026-06-29 21:49:59 UTC,88,NOW,Servicenow Inc,24962144,1.66,99.97,103.21,99.47,3.8,0.0242,103099860760
2026-06-29,2026-06-29 21:49:59 UTC,89,CLF,Cleveland-Cliffs Inc,24893519,-5.7299999999999995,9.38,9.99,9.35,6.43,0.0436,5350489482
2026-06-29,2026-06-29 21:49:59 UTC,90,SOUN,SOUNDHOUND AI INC,24664801,-0.16,6.4,6.62,6.15,7.33,0.057,2769725664
2026-06-29,2026-06-29 21:49:59 UTC,91,JBLU,Jetblue Awys Corp,24628564,-6.17,5.63,5.97,5.62,5.75,0.0662,2094466373
2026-06-29,2026-06-29 21:49:59 UTC,92,NCLH,Norwegian Cruise Line Hldg Ltd,24441072,3.2,21.92,21.95,21.11,3.93,0.0532,10063694268
2026-06-29,2026-06-29 21:49:59 UTC,93,POET,Poet Technologies Inc,24405302,4.34,9.85,10.06,8.68,14.510000000000002,0.1414,1700064749
2026-06-29,2026-06-29 21:49:59 UTC,94,GLW,Corning,24268430,15.67,255.69,258.8,215.13,19.759999999999998,0.0282,220056485474
2026-06-29,2026-06-29 21:49:59 UTC,95,HL,Hecla Mining Co,24037944,-0.8999999999999999,15.4,15.58,14.96,3.9600000000000004,0.0358,10328971006
2026-06-29,2026-06-29 21:49:59 UTC,96,QS,Quantumscape Corp,23650846,6.01,7.59,7.62,7.07,7.75,0.0384,4668951126
2026-06-29,2026-06-29 21:49:59 UTC,97,TE,T1 Energy,23574384,8.16,8.88,9.0,8.0,12.18,0.0845,2478128963
2026-06-29,2026-06-29 21:49:59 UTC,98,LAES,Sealsq Corp,23413196,2.88,3.21,3.3,3.035,8.33,0.1051,715104536
2026-06-29,2026-06-29 21:49:59 UTC,99,BTBT,Bit Digital Inc,22974077,-8.04,1.83,2.02,1.77,12.559999999999999,0.0658,639018468
2026-06-29,2026-06-29 21:49:59 UTC,100,AUR,Aurora Innovation Inc,22926803,4.09,6.62,6.64,6.39,3.93,0.0117,12983164449
2026-06-30,2026-06-30 21:49:59 UTC,1,INLF,INLIF,412047578,-12.879999999999999,0.0575,0.0646,0.0519,18.94,29.8455,793859
2026-06-30,2026-06-30 21:49:59 UTC,2,BIYA,Baiya International Group Inc,404593715,98.22999999999999,0.559,0.6399,0.3179,114.17999999999999,68.7275,3290789
2026-06-30,2026-06-30 21:49:59 UTC,3,YHC,LQR House Inc.,393519752,-91.51,0.079,0.7585,0.073,73.71,18.4179,1687930
2026-06-30,2026-06-30 21:49:59 UTC,4,EDBL,Edible Garden AG Inc,339948331,16.89,0.191,0.357,0.1758,110.89,62.1556,1044638
2026-06-30,2026-06-30 21:49:59 UTC,5,CELZ,Creative Med Technology Hldgs,188176966,78.97,1.45,4.72,1.37,413.46999999999997,50.9045,5360168
2026-06-30,2026-06-30 21:49:59 UTC,6,NVDA,Nvidia Corporation,166043311,2.63,200.09,200.63,195.11,2.83,0.0069,4842178000000
2026-06-30,2026-06-30 21:49:59 UTC,7,AAL,American Airline,157852523,0.84,18.07,18.36,17.7,3.6799999999999997,0.2387,11951229425
2026-06-30,2026-06-30 21:49:59 UTC,8,T,At&T,129799392,-5.13,20.7,21.75,20.57,5.41,0.0187,143830613884
2026-06-30,2026-06-30 21:49:59 UTC,9,JEM,707 Cayman Holding Limited,119426824,267.59,3.97,4.94,3.02,177.78,66.3017,7151033
2026-06-30,2026-06-30 21:49:59 UTC,10,INTC,Intel Corp,116693697,6.01,139.63,142.35,131.52,8.21,0.0232,701780380000
2026-06-30,2026-06-30 21:49:59 UTC,11,GPUS,Hyperscale Data Inc.,110270327,-11.899999999999999,0.1407,0.1546,0.1406,8.77,0.2389,64948105
2026-06-30,2026-06-30 21:49:59 UTC,12,INTZ,Intrusion,105669637,36.47,0.9287,1.08,0.847,34.239999999999995,5.1878,18916690
2026-06-30,2026-06-30 21:49:59 UTC,13,SOC,Sable Offshore,96924907,-55.81,3.08,4.29,2.88,20.23,0.6279,475437762
2026-06-30,2026-06-30 21:49:59 UTC,14,QXO,QXO Inc,89912195,-3.0300000000000002,17.28,18.6,16.33,12.740000000000002,0.124,12533276361
2026-06-30,2026-06-30 21:49:59 UTC,15,ONDS,Ondas Holdings Inc.,81339287,2.74,8.24,8.65,8.01,7.9799999999999995,0.1545,4338695845
2026-06-30,2026-06-30 21:49:59 UTC,16,SPCX,Space Exploration Technologies Corp,81035651,4.06,170.86,172.4,161.64,6.550000000000001,0.0062,2234142323800
2026-06-30,2026-06-30 21:49:59 UTC,17,OPEN,Opendoor Technologies Inc,80746952,0.43,4.62,4.755,4.55,4.46,0.0837,4457083239
2026-06-30,2026-06-30 21:49:59 UTC,18,LGCL,Lucas GC Limited,75733593,117.21,1.85,2.45,0.94,177.29,1.7699,79162247
2026-06-30,2026-06-30 21:49:59 UTC,19,SOFI,Sofi Technologies Inc,74221123,-1.43,17.93,18.24,17.72,2.8899999999999997,0.0579,22999549716
2026-06-30,2026-06-30 21:49:59 UTC,20,NKE,Nike Inc Cl B,71960505,-1.04,41.05,41.64,40.89,1.7999999999999998,0.0486,60790412704
2026-06-30,2026-06-30 21:49:59 UTC,21,TOST,Toast Inc,71529264,-1.21,27.82,28.6,27.54,3.7600000000000002,0.1233,16135600000
2026-06-30,2026-06-30 21:49:59 UTC,22,AMZN,Amazon Com,66111759,-0.75,238.34,241.54,237.17,1.82,0.0061,2563849462976
2026-06-30,2026-06-30 21:49:59 UTC,23,AAPL,Apple Inc,65045919,2.7,289.36,289.94,280.7,3.27,0.0044,4249933332160
2026-06-30,2026-06-30 21:49:59 UTC,24,PATH,Uipath Inc,64730451,1.78,10.87,11.04,10.48,5.24,0.1249,5631967291
2026-06-30,2026-06-30 21:49:59 UTC,25,GRAB,Grab Holdings Limited,64540704,0.8,3.77,3.86,3.72,3.74,0.0158,15419300000
2026-06-30,2026-06-30 21:49:59 UTC,26,LIMN,Liminatus Pharma,64462425,2.7,0.1104,0.1188,0.104,13.77,1.4364,4954490
2026-06-30,2026-06-30 21:49:59 UTC,27,YOOV,Concorde International Group Limited,63330132,99.48,0.77,1.11,0.3611,194.01999999999998,0.279,174778810
2026-06-30,2026-06-30 21:49:59 UTC,28,RKT,Rocket Companies Inc,62113638,1.6099999999999999,15.75,16.25,15.5,4.77,0.022,44563518121
2026-06-30,2026-06-30 21:49:59 UTC,29,CMCSA,Comcast Corp,61947191,1.3599999999999999,24.55,25.04,24.07,4.0,0.0173,87698211074
2026-06-30,2026-06-30 21:49:59 UTC,30,RIG,Transocean,61586550,-2.98,4.89,5.18,4.88,5.8500000000000005,0.0552,5459397350
2026-06-30,2026-06-30 21:49:59 UTC,31,PFE,Pfizer,60012581,-1.1900000000000002,24.08,24.46,23.78,2.77,0.0105,137242615589
2026-06-30,2026-06-30 21:49:59 UTC,32,VZ,Verizon Comms,59616021,-3.9899999999999998,42.34,44.36,42.0,5.36,0.0143,176793164249
2026-06-30,2026-06-30 21:49:59 UTC,33,F,Ford Mtr Co Del,59295387,-0.86,13.9,14.19,13.79,2.82,0.0149,55387227557
2026-06-30,2026-06-30 21:49:59 UTC,34,JOBY,Joby Aviation Inc,58428238,3.36,8.92,9.09,8.67,4.87,0.0594,8774094239
2026-06-30,2026-06-30 21:49:59 UTC,35,BYND,Beyond Meat,57868793,5.81,0.75,0.8049,0.7012,14.6,0.1123,386506794
2026-06-30,2026-06-30 21:49:59 UTC,36,SMCI,Super Micro Computer Inc,56169154,4.19,29.33,29.91,28.17,6.18,0.0868,18971593617
2026-06-30,2026-06-30 21:49:59 UTC,37,PLUG,Plug Power,55670946,4.63,2.71,2.79,2.555,9.07,0.0399,3780637212
2026-06-30,2026-06-30 21:49:59 UTC,38,BTCT,BTC Digital,53655901,20.59,0.8234,1.11,0.7912,46.69,5.6379,7836277
2026-06-30,2026-06-30 21:49:59 UTC,39,NOK,Nokia,52969941,1.92,13.28,13.49,13.13,2.76,0.0095,74271216409
2026-06-30,2026-06-30 21:49:59 UTC,40,RZLV,Rezolve Ai,51604239,21.15,3.15,3.35,2.63,27.689999999999998,0.1294,1256306899
2026-06-30,2026-06-30 21:49:59 UTC,41,NFLX,Netflix Inc,49104309,-3.2300000000000004,71.4,73.75,71.0,3.2300000000000004,0.0117,300651014899
2026-06-30,2026-06-30 21:49:59 UTC,42,NU,Nu Hldgs Ltd,45572937,1.7500000000000002,13.36,13.39,12.94,3.4299999999999997,0.0094,64952863113
2026-06-30,2026-06-30 21:49:59 UTC,43,SRFM,Surf Air Mobility Inc.,45568601,24.73,1.16,1.3,0.88,45.16,0.4538,116477279
2026-06-30,2026-06-30 21:49:59 UTC,44,MSFT,Microsoft Corp,44879698,1.21,373.02,374.15,367.45,1.81,0.006,2770954713286
2026-06-30,2026-06-30 21:49:59 UTC,45,VTGN,Vistagen Therapeutics Inc,44523322,-70.26,0.226,0.238,0.198,5.26,1.0851,9273334
2026-06-30,2026-06-30 21:49:59 UTC,46,HTZ,Hertz Global Hld,43517715,-1.52,2.265,2.35,2.14,9.13,0.1236,797484058
2026-06-30,2026-06-30 21:49:59 UTC,47,TSLA,Tesla Inc,43130161,2.13,420.6,424.54,406.0,4.5,0.0115,1579657460142
2026-06-30,2026-06-30 21:49:59 UTC,48,MARA,MARA Holdings Inc,42976142,-1.0,13.89,13.93,13.28,4.63,0.1127,5295847286
2026-06-30,2026-06-30 21:49:59 UTC,49,BSX,Boston Scien Cp,42966372,-1.8399999999999999,42.68,43.41,42.25,2.67,0.0289,63437639039
2026-06-30,2026-06-30 21:49:59 UTC,50,BAC,Bank of America Corp,41306928,-1.55,56.98,57.75,56.84,1.54,0.0058,404363735293
2026-06-30,2026-06-30 21:49:59 UTC,51,MU,Micron Technology Inc,41165958,0.79,1154.29,1168.68,1124.66,3.84,0.0365,1303647220267
2026-06-30,2026-06-30 21:49:59 UTC,52,COSM,Cosmos Health Inc.,40173208,5.54,0.1847,0.2042,0.1616,24.11,0.6471,11465879
2026-06-30,2026-06-30 21:49:59 UTC,53,JBLU,Jetblue Awys Corp,38641939,1.78,5.73,5.73,5.4,5.949999999999999,0.1039,2131668262
2026-06-30,2026-06-30 21:49:59 UTC,54,BMNR,Bitmine Immersion Technologies Inc,38060532,-3.55,13.31,13.51,12.8,5.140000000000001,0.0708,7155839580
2026-06-30,2026-06-30 21:49:59 UTC,55,CRCL,CIRCLE INTERNET GROUP INC,37918205,-17.549999999999997,62.63,73.2,62.52,14.06,0.1525,15568316758
2026-06-30,2026-06-30 21:49:59 UTC,56,PLTR,Palantir Technologies Inc,37864579,0.84,116.67,118.7,114.57,3.5700000000000003,0.0158,279694388356
2026-06-30,2026-06-30 21:49:59 UTC,57,SNAP,Snap Inc,37251587,0.44999999999999996,4.44,4.48,4.35,2.94,0.0225,7357794546
2026-06-30,2026-06-30 21:49:59 UTC,58,MRVL,Marvell Technology Inc,37090112,7.249999999999999,297.89,300.0,275.5,8.82,0.0424,260594172000
2026-06-30,2026-06-30 21:49:59 UTC,59,ORCL,Oracle Corp,35857740,-0.8200000000000001,146.55,149.93,144.48,3.6900000000000004,0.0124,422133025050
2026-06-30,2026-06-30 21:49:59 UTC,60,BB,Blackberry,35723254,1.3599999999999999,12.65,12.93,12.08,6.81,0.061,7414170452
2026-06-30,2026-06-30 21:49:59 UTC,61,MSTR,Strategy Inc,35588132,-6.2,86.93,88.26,83.42,5.220000000000001,0.1016,30464433512
2026-06-30,2026-06-30 21:49:59 UTC,62,GOOGL,Alphabet Inc,35200508,1.05,357.37,358.62,350.4,2.32,0.0029,4329816546614
2026-06-30,2026-06-30 21:49:59 UTC,63,RDW,Redwire Corporation,35114329,4.62,12.23,12.5,11.73,6.58,0.147,2920833969
2026-06-30,2026-06-30 21:49:59 UTC,64,AMD,Advanced Micro Devices Inc,34427097,7.68,580.91,584.73,545.57,7.180000000000001,0.0211,947232217201
2026-06-30,2026-06-30 21:49:59 UTC,65,EOSE,Eos Energy Enterprises Inc,33911475,-3.45,5.88,6.22,5.63,9.610000000000001,0.0999,1996342478
2026-06-30,2026-06-30 21:49:59 UTC,66,KEEL,Keel Infrastructure Corp,33357725,-0.69,5.74,5.82,5.47,6.0600000000000005,0.0552,3465976456
2026-06-30,2026-06-30 21:49:59 UTC,67,ACHR,Archer Aviation Inc,33296214,1.0699999999999998,4.73,4.86,4.645,4.590000000000001,0.0438,3592898582
2026-06-30,2026-06-30 21:49:59 UTC,68,RKLB,Rocket Lab Usa Inc,32747831,3.71,101.65,104.16,95.64,8.690000000000001,0.0566,58841878833
2026-06-30,2026-06-30 21:49:59 UTC,69,RIVN,"Rivian Automotive, Inc. / De",31356718,3.2099999999999995,17.35,17.55,16.39,6.9,0.0249,21868338598
2026-06-30,2026-06-30 21:49:59 UTC,70,AMC,Amc Entmt Hldgs Inc,31200283,-6.4,1.9,2.06,1.9,7.88,0.035,1695948812
2026-06-30,2026-06-30 21:49:59 UTC,71,BBAI,BIGBEAR AI HLDGS INC,30262637,1.94,3.67,3.72,3.55,4.58,0.0632,1757744481
2026-06-30,2026-06-30 21:49:59 UTC,72,WEN,Wendys Co,29923466,0.42,8.29,8.44,7.82,7.51,0.1571,1579084505
2026-06-30,2026-06-30 21:49:59 UTC,73,TE,T1 Energy,29600492,6.76,9.48,9.76,8.77,11.03,0.1061,2645570109
2026-06-30,2026-06-30 21:49:59 UTC,74,TTD,The Trade Desk,28922081,-3.06,18.08,18.38,17.47,4.88,0.0615,8499559166
2026-06-30,2026-06-30 21:49:59 UTC,75,FRSH,Freshworks Inc.,28881195,-0.88,10.12,10.26,10.0,2.5,0.1045,2797513770
2026-06-30,2026-06-30 21:49:59 UTC,76,CSCO,Cisco Sys Inc,28682960,-0.2,117.46,119.1,116.2,2.46,0.0073,462960915750
2026-06-30,2026-06-30 21:49:59 UTC,77,AVGO,Broadcom Inc,28492133,1.4200000000000002,377.75,379.62,370.64,2.39,0.006,1797175919794
2026-06-30,2026-06-30 21:49:59 UTC,78,IREN,IREN Ltd,28219065,-0.38999999999999996,45.73,46.76,44.5,4.92,0.079,16342926762
2026-06-30,2026-06-30 21:49:59 UTC,79,XOM,Exxon Mobil,28109914,0.49,136.72,137.3,135.33,1.4500000000000002,0.0068,566697175988
2026-06-30,2026-06-30 21:49:59 UTC,80,UWMC,Uwm Holdings Corporation,27863764,9.049999999999999,2.29,2.38,2.07,14.760000000000002,0.0174,3666491801
2026-06-30,2026-06-30 21:49:59 UTC,81,SEM,Select Medical,27823244,-0.12,16.51,16.56,16.51,0.3,0.2245,2046298187
2026-06-30,2026-06-30 21:49:59 UTC,82,UBER,Uber Technologies,27785680,-4.42,72.16,75.03,71.82,4.24,0.0137,146888824778
2026-06-30,2026-06-30 21:49:59 UTC,83,AUR,Aurora Innovation Inc,27720731,3.02,6.82,6.89,6.55,5.140000000000001,0.0141,13375405066
2026-06-30,2026-06-30 21:49:59 UTC,84,SVRE,SAVERONE 2014 LTD,27313056,-2.94,2.64,5.9,2.02,142.64,29.2356,2466390
2026-06-30,2026-06-30 21:49:59 UTC,85,FCEL,Fuelcell Energy,26656238,20.84,36.01,37.88,28.89,30.159999999999997,0.3943,2434570309
2026-06-30,2026-06-30 21:49:59 UTC,86,ALIT,Alight Inc.,26318219,1.8900000000000001,0.56,0.57,0.5252,8.15,0.049,300855509
2026-06-30,2026-06-30 21:49:59 UTC,87,CUPR,Cuprina Holdings (Cayman) Limited,26175523,47.760000000000005,6.59,8.26,5.41,63.9,9.7624,17669437
2026-06-30,2026-06-30 21:49:59 UTC,88,COTY,Coty Inc,26111215,10.2,2.16,2.2,1.945,13.01,0.0297,1901807506
2026-06-30,2026-06-30 21:49:59 UTC,89,NIO,Nio Inc.,26086725,2.22,5.06,5.08,4.9,3.64,0.0104,12678675131
2026-06-30,2026-06-30 21:49:59 UTC,90,HL,Hecla Mining Co,25891323,0.19,15.43,15.62,15.05,3.73,0.0386,10349092378
2026-06-30,2026-06-30 21:49:59 UTC,91,KTTA,Pasithea Therapeutics Corp,25882953,-2.03,0.5154,0.5998,0.47,24.65,0.7746,17221806
2026-06-30,2026-06-30 21:49:59 UTC,92,WULF,Terawulf Inc,25863746,-3.44,24.7,25.54,24.04,5.88,0.0522,12239656331
2026-06-30,2026-06-30 21:49:59 UTC,93,LGPS,LogProStyle Inc.,24741344,-5.2299999999999995,0.6902,0.7119,0.6667,3.9699999999999998,1.0479,16296222
2026-06-30,2026-06-30 21:49:59 UTC,94,CDE,Coeur Mng Inc,24516581,-0.06,16.32,16.57,16.03,3.2800000000000002,0.0238,16831385992
2026-06-30,2026-06-30 21:49:59 UTC,95,BTG,B2Gold,24148615,-1.32,3.74,3.83,3.7,3.4299999999999997,0.0181,4996309219
2026-06-30,2026-06-30 21:49:59 UTC,96,ASTS,Ast Spacemobile Inc,24141884,2.41,88.86,89.87,81.92,9.17,0.0622,34488749467
2026-06-30,2026-06-30 21:49:59 UTC,97,SMR,NuScale Power Corporation,23295727,-2.2399999999999998,10.03,10.34,9.72,6.04,0.0637,3665775994
2026-06-30,2026-06-30 21:49:59 UTC,98,RXRX,"Recursion Pharmaceuticals, Inc.",23129535,-0.54,3.67,3.72,3.57,4.07,0.0436,1944752080
2026-06-30,2026-06-30 21:49:59 UTC,99,WMT,Walmart,22997220,-1.17,113.26,114.61,112.93,1.47,0.0029,901332045095
2026-06-30,2026-06-30 21:49:59 UTC,100,CLF,Cleveland-Cliffs Inc,22766057,0.11,9.39,9.6,9.22,4.05,0.0399,5356193629
2026-07-01,2026-07-01 21:49:57 UTC,1,LHAI,Linkhome Holdings Inc.,337167703,315.15,2.74,2.84,1.26,239.39,20.7744,44470200
2026-07-01,2026-07-01 21:49:57 UTC,2,DXF,Eason Technology,217950421,140.56,0.8802,1.16,0.7,125.72000000000001,41.6257,4608688
2026-07-01,2026-07-01 21:49:57 UTC,3,YHC,LQR House Inc.,210558476,-33.54,0.0525,0.0743,0.0511,29.37,9.8547,1121725
2026-07-01,2026-07-01 21:49:57 UTC,4,INLF,INLIF,199147921,-42.96,0.0328,0.0348,0.0293,9.22,14.4255,452845
2026-07-01,2026-07-01 21:49:57 UTC,5,AAL,American Airline,166649116,0.44,18.15,18.47,18.06,2.3,0.252,12004140236
2026-07-01,2026-07-01 21:49:57 UTC,6,NVDA,Nvidia Corporation,145847715,-1.25,197.58,199.85,193.45,3.2,0.006,4781436000000
2026-07-01,2026-07-01 21:49:57 UTC,7,T,At&T,137659077,-1.06,20.48,21.03,20.29,3.5700000000000003,0.0198,142301979340
2026-07-01,2026-07-01 21:49:57 UTC,8,GSUN,Golden Sun Health Technology Group Ltd,121406843,10.57,0.3693,0.535,0.3492,55.63,12.1057,3703661
2026-07-01,2026-07-01 21:49:57 UTC,9,GPUS,Hyperscale Data Inc.,117131544,8.74,0.153,0.1615,0.144,12.370000000000001,0.2537,70625871
2026-07-01,2026-07-01 21:49:57 UTC,10,INTC,Intel Corp,112706931,-9.030000000000001,127.02,135.74,126.68,6.49,0.0224,638402520000
2026-07-01,2026-07-01 21:49:57 UTC,11,SPCX,Space Exploration Technologies Corp,109098687,-7.8,157.54,171.74,155.0,9.120000000000001,0.0083,2059971799669
2026-07-01,2026-07-01 21:49:57 UTC,12,DVLT,Datavault AI Inc,105275982,15.4,0.4039,0.4442,0.3784,18.740000000000002,0.123,345561489
2026-07-01,2026-07-01 21:49:57 UTC,13,OPEN,Opendoor Technologies Inc,99133187,6.93,4.94,5.13,4.57,12.120000000000001,0.1028,4765798962
2026-07-01,2026-07-01 21:49:57 UTC,14,MBGL,Mobility Global Inc WI,97838611,-3.9,21.19,21.5,18.1,15.42,,
2026-07-01,2026-07-01 21:49:57 UTC,15,SOC,Sable Offshore,90825794,42.86,4.4,4.45,3.86,18.83,0.5884,679196804
2026-07-01,2026-07-01 21:49:57 UTC,16,ONDS,Ondas Holdings Inc.,88358888,-3.88,7.92,8.44,7.85,7.16,0.1678,4170202803
2026-07-01,2026-07-01 21:49:57 UTC,17,SOFI,Sofi Technologies Inc,81071097,2.8400000000000003,18.44,18.83,17.96,4.8500000000000005,0.0632,23653747728
2026-07-01,2026-07-01 21:49:57 UTC,18,NKE,Nike Inc Cl B,80146783,4.9,43.06,43.28,40.11,7.720000000000001,0.0541,63766995640
2026-07-01,2026-07-01 21:49:57 UTC,19,JEM,707 Cayman Holding Limited,76848753,-19.139999999999997,3.21,11.27,2.82,211.34,42.6637,5782070
2026-07-01,2026-07-01 21:49:57 UTC,20,NU,Nu Hldgs Ltd,70707122,0.22,13.39,13.93,13.25,5.09,0.0145,65098715350
2026-07-01,2026-07-01 21:49:57 UTC,21,PATH,Uipath Inc,65975125,6.260000000000001,11.55,11.92,11.08,7.7299999999999995,0.1273,5984289072
2026-07-01,2026-07-01 21:49:57 UTC,22,TC,Token Cat Ltd,65197340,159.46,4.8,6.33,3.57,149.19,2.4684,126781536
2026-07-01,2026-07-01 21:49:57 UTC,23,SURG,Surgepays Inc,65164304,14.93,0.4149,0.4269,0.3702,15.68,2.5939,10423074
2026-07-01,2026-07-01 21:49:57 UTC,24,EHGO,Eshallgo Inc,62661113,104.62,2.66,3.04,1.88,89.23,28.3988,5869212
2026-07-01,2026-07-01 21:49:57 UTC,25,CRWV,"CoreWeave, Inc.",60687748,-13.919999999999998,85.69,90.26,85.01,5.27,0.1112,46747195097
2026-07-01,2026-07-01 21:49:57 UTC,26,RIG,Transocean,59959132,-0.41000000000000003,4.87,5.0,4.8,4.09,0.0537,5437068527
2026-07-01,2026-07-01 21:49:57 UTC,27,PLTR,Palantir Technologies Inc,58455372,7.7700000000000005,125.73,128.25,119.35,7.630000000000001,0.0244,301414034868
2026-07-01,2026-07-01 21:49:57 UTC,28,CANF,Can-Fite BioPharma Ltd.,57377253,55.88999999999999,4.63,5.98,3.82,72.72999999999999,26.7799,9919992
2026-07-01,2026-07-01 21:49:57 UTC,29,VZ,Verizon Comms,57117936,-0.83,41.99,42.8,41.49,3.09,0.0137,175331718630
2026-07-01,2026-07-01 21:49:57 UTC,30,NOK,Nokia,55680969,-2.79,12.91,13.1,12.72,2.86,0.01,72201912939
2026-07-01,2026-07-01 21:49:57 UTC,31,AMZN,Amazon Com,53406130,1.41,241.7,244.9,234.9,4.2,0.005,2599993350681
2026-07-01,2026-07-01 21:49:57 UTC,32,CMCSA,Comcast Corp,52256872,-2.02,23.73,24.49,23.58,3.74,0.0146,84768983657
2026-07-01,2026-07-01 21:49:57 UTC,33,SMCI,Super Micro Computer Inc,51670701,-5.7299999999999995,27.65,28.63,27.48,3.92,0.0799,17884915224
2026-07-01,2026-07-01 21:49:57 UTC,34,MU,Micron Technology Inc,50881967,-10.57,1032.28,1097.0,1032.2,5.609999999999999,0.0451,1165849961914
2026-07-01,2026-07-01 21:49:57 UTC,35,SNAP,Snap Inc,50423742,6.98,4.75,4.83,4.505,7.32,0.0304,7871514436
2026-07-01,2026-07-01 21:49:57 UTC,36,AAPL,Apple Inc,50114048,1.73,294.38,296.59,289.2,2.56,0.0034,4323663859280
2026-07-01,2026-07-01 21:49:57 UTC,37,PLUG,Plug Power,49409581,-2.58,2.64,2.82,2.63,7.01,0.0354,3682982376
2026-07-01,2026-07-01 21:49:57 UTC,38,PFE,Pfizer,49359514,-0.83,23.88,24.24,23.74,2.08,0.0087,136102726755
2026-07-01,2026-07-01 21:49:57 UTC,39,MSFT,Microsoft Corp,47983124,3.02,384.28,388.83,374.89,3.74,0.0065,2854598888053
2026-07-01,2026-07-01 21:49:57 UTC,40,JOBY,Joby Aviation Inc,46107472,-0.8999999999999999,8.84,9.31,8.73,6.5,0.0469,8695402811
2026-07-01,2026-07-01 21:49:57 UTC,41,ORCL,Oracle Corp,45856748,-2.76,142.5,147.55,142.5,3.4099999999999997,0.0159,410467117500
2026-07-01,2026-07-01 21:49:57 UTC,42,META,Meta Platforms Inc,45482728,8.81,612.91,628.28,595.1,5.89,0.0179,1555825027254
2026-07-01,2026-07-01 21:49:57 UTC,43,GRAB,Grab Holdings Limited,45283351,3.18,3.89,3.96,3.8,4.24,0.0111,15910100000
2026-07-01,2026-07-01 21:49:57 UTC,44,KUST,Kustom Entertainment Inc,45015578,23.150000000000002,1.33,1.7,1.13,52.78,71.8112,833723
2026-07-01,2026-07-01 21:49:57 UTC,45,F,Ford Mtr Co Del,44515311,-1.87,13.64,13.88,13.55,2.41,0.0112,54351207473
2026-07-01,2026-07-01 21:49:57 UTC,46,LGO,Largo Inc,43926339,17.0,0.742,0.817,0.675,22.39,0.4352,74889886
2026-07-01,2026-07-01 21:49:57 UTC,47,NFLX,Netflix Inc,43734538,3.91,74.19,74.36,72.33,2.8400000000000003,0.0104,312399142792
2026-07-01,2026-07-01 21:49:57 UTC,48,HTZ,Hertz Global Hld,42803129,-2.87,2.2,2.3,2.13,7.51,0.1216,774598202
2026-07-01,2026-07-01 21:49:57 UTC,49,ACHR,Archer Aviation Inc,41772216,4.02,4.92,5.08,4.76,6.660000000000001,0.055,3737222204
2026-07-01,2026-07-01 21:49:57 UTC,50,IREN,IREN Ltd,41750022,-5.27,43.32,44.8,41.76,6.65,0.1168,15481644157
2026-07-01,2026-07-01 21:49:57 UTC,51,MARA,MARA Holdings Inc,40760023,-3.74,13.37,14.0,13.18,5.8999999999999995,0.1069,5097586625
2026-07-01,2026-07-01 21:49:57 UTC,52,BB,Blackberry,40401097,1.26,12.81,13.59,12.46,8.92,0.0689,7507946521
2026-07-01,2026-07-01 21:49:57 UTC,53,BMNR,Bitmine Immersion Technologies Inc,40398467,6.3100000000000005,14.15,14.63,13.28,10.14,0.0751,7607447788
2026-07-01,2026-07-01 21:49:57 UTC,54,WMT,Walmart,40351489,-3.92,108.82,110.71,107.25,3.05,0.0051,865998173647
2026-07-01,2026-07-01 21:49:57 UTC,55,AUR,Aurora Innovation Inc,40295203,3.6700000000000004,7.07,7.66,6.75,13.34,0.0205,13865705839
2026-07-01,2026-07-01 21:49:57 UTC,56,TSLA,Tesla Inc,40007488,1.1199999999999999,425.3,432.86,418.09,3.51,0.0107,1597309362336
2026-07-01,2026-07-01 21:49:57 UTC,57,ABTC,American Bitcoin Corp,39077102,-8.37,0.6241,0.676,0.6122,9.370000000000001,0.0368,663426541
2026-07-01,2026-07-01 21:49:57 UTC,58,KEEL,Keel Infrastructure Corp,38175112,-6.2700000000000005,5.38,5.58,5.04,9.41,0.0632,3248598142
2026-07-01,2026-07-01 21:49:57 UTC,59,BIYA,Baiya International Group Inc,37084477,-3.6999999999999997,0.5383,0.69,0.42,48.3,6.2995,3168930
2026-07-01,2026-07-01 21:49:57 UTC,60,FRSH,Freshworks Inc.,36474431,2.87,10.41,10.63,10.3,3.26,0.1319,2877679678
2026-07-01,2026-07-01 21:49:57 UTC,61,ELAB,PMGC Holdings,36308114,5.79,1.28,1.4,1.18,18.18,7.9908,5816001
2026-07-01,2026-07-01 21:49:57 UTC,62,RXRX,"Recursion Pharmaceuticals, Inc.",35715547,0.0,3.67,4.04,3.61,11.72,0.0674,1944752080
2026-07-01,2026-07-01 21:49:57 UTC,63,BAC,Bank of America Corp,35268750,2.42,58.36,58.48,56.85,2.87,0.005,414157030392
2026-07-01,2026-07-01 21:49:57 UTC,64,WIT,Wipro,35260976,-16.89,1.87,2.25,1.87,16.220000000000002,0.0034,19619374872
2026-07-01,2026-07-01 21:49:57 UTC,65,MSTR,Strategy Inc,34460638,7.430000000000001,93.39,98.53,86.2,14.180000000000001,0.0983,32728326766
2026-07-01,2026-07-01 21:49:57 UTC,66,MRVL,Marvell Technology Inc,33735087,-8.67,272.05,292.5,271.35,7.1,0.0386,237989340000
2026-07-01,2026-07-01 21:49:57 UTC,67,AMC,Amc Entmt Hldgs Inc,33487409,1.58,1.93,1.95,1.81,7.37,0.0375,1722726951
2026-07-01,2026-07-01 21:49:57 UTC,68,CDE,Coeur Mng Inc,32339480,1.35,16.54,17.12,16.11,6.1899999999999995,0.0314,17058279676
2026-07-01,2026-07-01 21:49:57 UTC,69,CSCO,Cisco Sys Inc,32003368,-0.38,117.01,117.43,114.99,2.08,0.0081,461187270151
2026-07-01,2026-07-01 21:49:57 UTC,70,NBIS,Nebius Group,30563207,-17.01,229.18,246.49,228.17,6.63,0.1204,58188388100
2026-07-01,2026-07-01 21:49:57 UTC,71,WULF,Terawulf Inc,30482466,-4.53,23.58,23.9,22.24,6.74,0.0615,11684659769
2026-07-01,2026-07-01 21:49:57 UTC,72,TE,T1 Energy,30386514,-3.16,9.18,10.08,8.73,14.24,0.1089,2561849536
2026-07-01,2026-07-01 21:49:57 UTC,73,RKT,Rocket Companies Inc,29956646,0.63,15.85,16.39,15.46,5.84,0.0106,44846461093
2026-07-01,2026-07-01 21:49:57 UTC,74,WEN,Wendys Co,29949445,7.84,8.94,8.98,8.2,9.35,0.1572,1702896921
2026-07-01,2026-07-01 21:49:57 UTC,75,BYND,Beyond Meat,29622162,-0.67,0.745,0.786,0.7411,5.99,0.0575,383930082
2026-07-01,2026-07-01 21:49:57 UTC,76,BTBT,Bit Digital Inc,29192476,-1.67,1.77,1.85,1.71,7.779999999999999,0.0836,618067043
2026-07-01,2026-07-01 21:49:57 UTC,77,RZLV,Rezolve Ai,28841574,-2.22,3.08,3.3,3.02,8.89,0.0723,1228388967
2026-07-01,2026-07-01 21:49:57 UTC,78,INFY,Infosys,28803567,1.53,10.65,10.78,10.42,3.4299999999999997,0.0071,43200234969
2026-07-01,2026-07-01 21:49:57 UTC,79,AMD,Advanced Micro Devices Inc,28209578,-6.890000000000001,540.88,564.09,538.74,4.36,0.0173,881959273622
2026-07-01,2026-07-01 21:49:57 UTC,80,HOOD,"Robinhood Markets, Inc.",28053056,8.35,108.65,109.53,100.39,9.11,0.0312,97839874443
2026-07-01,2026-07-01 21:49:57 UTC,81,HIMS,Hims & Hers Health Inc,27997556,8.36,37.57,38.5,34.75,10.82,0.121,8695865601
2026-07-01,2026-07-01 21:49:57 UTC,82,IZM,ICZOOM GROUP INC.,27931450,12.15,0.3295,0.3295,0.263,22.63,2.3241,3959967
2026-07-01,2026-07-01 21:49:57 UTC,83,JBLU,Jetblue Awys Corp,27703180,3.32,5.92,5.99,5.68,5.41,0.0745,2202351852
2026-07-01,2026-07-01 21:49:57 UTC,84,GIS,General Mills,27487334,8.53,37.77,38.25,36.53,4.61,0.0515,20157139603
2026-07-01,2026-07-01 21:49:57 UTC,85,SOUN,SOUNDHOUND AI INC,27457727,3.25,6.68,7.01,6.5,7.88,0.0634,2890901161
2026-07-01,2026-07-01 21:49:57 UTC,86,NIO,Nio Inc.,27407245,-1.78,4.97,5.08,4.93,2.96,0.0109,12453165099
2026-07-01,2026-07-01 21:49:57 UTC,87,RIVN,"Rivian Automotive, Inc. / De",26956154,-0.98,17.18,17.8,17.07,4.21,0.0214,21654066693
2026-07-01,2026-07-01 21:49:57 UTC,88,OPTU,Optimum Communications Inc,26928105,-25.52,1.08,1.15,0.8133,22.919999999999998,0.0565,514589983
2026-07-01,2026-07-01 21:49:57 UTC,89,GOOGL,Alphabet Inc,26692045,1.0699999999999998,361.21,362.97,356.43,1.83,0.0022,4376341144479
2026-07-01,2026-07-01 21:49:57 UTC,90,CIFR,Cipher Digital Inc,26585695,-6.78,22.84,23.48,21.69,7.28,0.065,9342683659
2026-07-01,2026-07-01 21:49:57 UTC,91,NOW,Servicenow Inc,26380668,6.569999999999999,105.8,106.69,101.77,4.96,0.0256,109112386400
2026-07-01,2026-07-01 21:49:57 UTC,92,HL,Hecla Mining Co,26179541,1.04,15.59,16.19,15.22,6.25,0.039,10456406362
2026-07-01,2026-07-01 21:49:57 UTC,93,QXO,QXO Inc,26060206,-4.279999999999999,16.54,18.12,16.46,9.58,0.0359,11996550406
2026-07-01,2026-07-01 21:49:57 UTC,94,BSX,Boston Scien Cp,25514733,0.89,43.06,43.76,42.71,2.4699999999999998,0.0172,64002454007
2026-07-01,2026-07-01 21:49:57 UTC,95,CRCL,CIRCLE INTERNET GROUP INC,24561594,-1.09,61.95,66.25,61.77,7.109999999999999,0.0988,15399285058
2026-07-01,2026-07-01 21:49:57 UTC,96,RGTI,Rigetti Computing Inc,24464141,-3.3099999999999996,18.68,19.74,18.65,5.67,0.0736,6209209714
2026-07-01,2026-07-01 21:49:57 UTC,97,KLAC,Kla Corp,24146766,-11.77,266.19,290.84,259.8,10.290000000000001,0.0185,347717398149
2026-07-01,2026-07-01 21:49:57 UTC,98,LIMN,Liminatus Pharma,23681115,3.9899999999999998,0.1148,0.1241,0.0962,25.180000000000003,0.5277,5151952
2026-07-01,2026-07-01 21:49:57 UTC,99,AVGO,Broadcom Inc,23659734,-2.23,369.34,373.75,368.03,1.51,0.005,1757164670329
2026-07-01,2026-07-01 21:49:57 UTC,100,QCOM,Qualcomm Inc,23289086,-1.55,181.92,190.99,181.6,5.08,0.0221,191743680000
2026-07-02,2026-07-02 21:49:59 UTC,1,LIMN,Liminatus Pharma,521240314,24.13,0.1425,0.207,0.1246,67.51,11.6147,6395062
2026-07-02,2026-07-02 21:49:59 UTC,2,CWD,CaliberCos,336691438,90.61,1.23,1.52,1.03,75.92999999999999,38.0863,10873475
2026-07-02,2026-07-02 21:49:59 UTC,3,INLF,INLIF,206338163,-34.150000000000006,0.0216,0.0299,0.0206,27.74,14.9453,298215
2026-07-02,2026-07-02 21:49:59 UTC,4,SURG,Surgepays Inc,177189398,38.080000000000005,0.5729,0.6793,0.5115,40.44,7.0532,14392333
2026-07-02,2026-07-02 21:49:59 UTC,5,NVDA,Nvidia Corporation,142081662,-1.39,194.83,200.06,192.35,3.9,0.0059,4714886000000
2026-07-02,2026-07-02 21:49:59 UTC,6,AAL,American Airline,130030134,-1.27,17.92,18.79,17.71,5.949999999999999,0.1966,11852021655
2026-07-02,2026-07-02 21:49:59 UTC,7,T,At&T,129307146,0.49,20.58,20.99,19.89,5.37,0.0186,142996813224
2026-07-02,2026-07-02 21:49:59 UTC,8,INTC,Intel Corp,124593576,-5.25,120.35,130.74,117.63,10.32,0.0248,604879100000
2026-07-02,2026-07-02 21:49:59 UTC,9,YHC,LQR House Inc.,97936340,-14.099999999999998,0.0451,0.0504,0.0426,14.860000000000001,4.5837,963616
2026-07-02,2026-07-02 21:49:59 UTC,10,GPUS,Hyperscale Data Inc.,92465633,-7.84,0.141,0.156,0.1377,11.76,0.2003,65086587
2026-07-02,2026-07-02 21:49:59 UTC,11,OPEN,Opendoor Technologies Inc,89835029,-0.8099999999999999,4.9,5.17,4.75,8.5,0.0931,4727209496
2026-07-02,2026-07-02 21:49:59 UTC,12,CLRO,Clearone Inc,87538696,101.24,6.48,9.62,3.12,201.86,32.7201,17336669
2026-07-02,2026-07-02 21:49:59 UTC,13,ONDS,Ondas Holdings Inc.,86870620,-6.4399999999999995,7.41,8.45,7.37,13.639999999999999,0.165,3901667016
2026-07-02,2026-07-02 21:49:59 UTC,14,ABTC,American Bitcoin Corp,82458846,-10.0,0.5617,0.67,0.556,18.27,0.0776,597094517
2026-07-02,2026-07-02 21:49:59 UTC,15,SOFI,Sofi Technologies Inc,81173208,-1.08,18.24,19.19,17.77,7.7299999999999995,0.0633,23397199488
2026-07-02,2026-07-02 21:49:59 UTC,16,RIVN,"Rivian Automotive, Inc. / De",78219591,8.44,18.63,19.79,17.81,11.53,0.0621,23481680005
2026-07-02,2026-07-02 21:49:59 UTC,17,NOK,Nokia,77943366,-6.510000000000001,12.07,12.91,11.9,7.82,0.0139,67504034793
2026-07-02,2026-07-02 21:49:59 UTC,18,OLPX,"Olaplex Holdings, Inc.",77441659,0.98,2.07,2.085,2.044,1.95,0.1152,1391282165
2026-07-02,2026-07-02 21:49:59 UTC,19,AAPL,Apple Inc,75357226,4.84,308.63,309.42,293.68,5.35,0.0051,4532958682280
2026-07-02,2026-07-02 21:49:59 UTC,20,TSLA,Tesla Inc,73721477,-7.489999999999999,393.45,432.35,389.3,10.12,0.0196,1477689557044
2026-07-02,2026-07-02 21:49:59 UTC,21,TNON,"Tenon Medical, Inc.",71316665,-10.34,0.2923,0.326,0.2721,16.53,6.0185,3463659
2026-07-02,2026-07-02 21:49:59 UTC,22,MU,Micron Technology Inc,61326460,-5.489999999999999,975.56,1064.64,950.28,11.08,0.0543,1101790782389
2026-07-02,2026-07-02 21:49:59 UTC,23,PLTR,Palantir Technologies Inc,61173764,2.8400000000000003,129.3,132.88,127.95,3.65,0.0255,309972438626
2026-07-02,2026-07-02 21:49:59 UTC,24,SPCX,Space Exploration Technologies Corp,60986628,2.83,162.0,162.16,155.88,3.9899999999999998,0.0047,2118290158350
2026-07-02,2026-07-02 21:49:59 UTC,25,PLUG,Plug Power,60640007,0.0,2.64,2.8,2.51,10.979999999999999,0.0435,3682982376
2026-07-02,2026-07-02 21:49:59 UTC,26,IREN,IREN Ltd,60171559,-10.39,38.82,43.42,37.66,13.29,0.1684,13873440124
2026-07-02,2026-07-02 21:49:59 UTC,27,VZ,Verizon Comms,59019164,1.3599999999999999,42.56,43.08,40.76,5.54,0.0141,177711787209
2026-07-02,2026-07-02 21:49:59 UTC,28,PATH,Uipath Inc,58388550,1.39,11.71,11.78,11.3,4.109999999999999,0.1127,6067188314
2026-07-02,2026-07-02 21:49:59 UTC,29,YRD,Yiren Digital Ltd,56310510,59.68,1.44,1.55,1.01,59.88,0.6436,125983383
2026-07-02,2026-07-02 21:49:59 UTC,30,JOBY,Joby Aviation Inc,56067349,-3.9600000000000004,8.49,9.1,8.3,8.99,0.057,8351127813
2026-07-02,2026-07-02 21:49:59 UTC,31,NU,Nu Hldgs Ltd,55834387,1.6400000000000001,13.61,13.75,13.32,3.15,0.0115,66168298426
2026-07-02,2026-07-02 21:49:59 UTC,32,NFLX,Netflix Inc,55463538,4.66,77.65,78.44,74.91,4.74,0.0132,326968505699
2026-07-02,2026-07-02 21:49:59 UTC,33,GT,Goodyear Tire & Rubr Co,54339109,2.01,6.59,6.67,6.37,4.64,0.189,1894220578
2026-07-02,2026-07-02 21:49:59 UTC,34,AMC,Amc Entmt Hldgs Inc,53899014,-2.07,1.89,1.95,1.84,5.7,0.0604,1687022765
2026-07-02,2026-07-02 21:49:59 UTC,35,PFE,Pfizer,53104972,1.8399999999999999,24.32,24.57,24.13,1.8399999999999999,0.0093,138610482190
2026-07-02,2026-07-02 21:49:59 UTC,36,PPCB,Propanc Bio,53011463,22.919999999999998,1.77,2.47,1.58,61.809999999999995,23.2673,4032718
2026-07-02,2026-07-02 21:49:59 UTC,37,BB,Blackberry,50859390,-10.15,11.51,13.03,11.2,14.280000000000001,0.0868,6746015960
2026-07-02,2026-07-02 21:49:59 UTC,38,MARA,MARA Holdings Inc,50578631,-7.26,12.4,14.09,11.98,15.78,0.1327,4727754237
2026-07-02,2026-07-02 21:49:59 UTC,39,USDE,STABLECOINX INC,50451255,33.650000000000006,2.78,4.4,2.52,89.42,8.5139,16473640
2026-07-02,2026-07-02 21:49:59 UTC,40,KEEL,Keel Infrastructure Corp,49739951,-14.680000000000001,4.59,5.46,4.52,17.29,0.0824,2771573508
2026-07-02,2026-07-02 21:49:59 UTC,41,HLP,HONGLI GROUP INC.,49057863,34.410000000000004,0.752,0.9214,0.549,66.56,0.6564,56203540
2026-07-02,2026-07-02 21:49:59 UTC,42,F,Ford Mtr Co Del,48986869,-2.0500000000000003,13.36,14.0,13.22,5.680000000000001,0.0123,53235493536
2026-07-02,2026-07-02 21:49:59 UTC,43,AMZN,Amazon Com,48247418,0.4,242.67,246.72,241.08,2.33,0.0045,2610427746834
2026-07-02,2026-07-02 21:49:59 UTC,44,ORCL,Oracle Corp,44168393,-1.5599999999999998,140.27,147.06,138.83,5.779999999999999,0.0153,404043667170
2026-07-02,2026-07-02 21:49:59 UTC,45,CMCSA,Comcast Corp,43720467,0.25,23.79,23.92,23.08,3.54,0.0122,84983317371
2026-07-02,2026-07-02 21:49:59 UTC,46,SMCI,Super Micro Computer Inc,42751587,-1.5599999999999998,27.22,29.22,26.7,9.08,0.0661,17606777301
2026-07-02,2026-07-02 21:49:59 UTC,47,MSFT,Microsoft Corp,42133224,1.6199999999999999,390.49,392.2,383.7,2.21,0.0057,2900729467564
2026-07-02,2026-07-02 21:49:59 UTC,48,HOOD,"Robinhood Markets, Inc.",41168693,3.7600000000000002,112.73,120.05,110.93,8.39,0.0457,101513935075
2026-07-02,2026-07-02 21:49:59 UTC,49,BMNR,Bitmine Immersion Technologies Inc,41013243,1.48,14.36,15.25,14.24,7.140000000000001,0.0763,7720349840
2026-07-02,2026-07-02 21:49:59 UTC,50,MRVL,Marvell Technology Inc,38438729,-9.84,245.29,274.95,237.2,13.88,0.0439,214579692000
2026-07-02,2026-07-02 21:49:59 UTC,51,SNAP,Snap Inc,37368661,1.8900000000000001,4.84,4.87,4.74,2.74,0.0226,8020658920
2026-07-02,2026-07-02 21:49:59 UTC,52,WHLR,Wheeler Real Estate Invt Tr,36525144,4.08,1.03,1.45,1.01,44.46,66.5802,565046
2026-07-02,2026-07-02 21:49:59 UTC,53,TE,T1 Energy,36446852,-6.75,8.56,10.01,8.14,20.369999999999997,0.1306,2388827019
2026-07-02,2026-07-02 21:49:59 UTC,54,NIO,Nio Inc.,35323129,-3.62,4.79,4.99,4.73,5.2299999999999995,0.0141,12002145035
2026-07-02,2026-07-02 21:49:59 UTC,55,CDE,Coeur Mng Inc,34821247,4.590000000000001,17.3,17.95,16.85,6.65,0.0338,17842094219
2026-07-02,2026-07-02 21:49:59 UTC,56,MSTR,Strategy Inc,34634103,7.9,100.77,104.11,97.57,7.000000000000001,0.0988,35314632061
2026-07-02,2026-07-02 21:49:59 UTC,57,NKE,Nike Inc Cl B,34234791,2.39,44.09,45.04,43.6,3.3300000000000005,0.0231,65292309284
2026-07-02,2026-07-02 21:49:59 UTC,58,WULF,Terawulf Inc,33870261,-10.18,21.18,23.53,20.6,12.43,0.0684,10495381421
2026-07-02,2026-07-02 21:49:59 UTC,59,DVLT,Datavault AI Inc,33813644,-4.9,0.3841,0.4567,0.3838,18.05,0.0395,328621362
2026-07-02,2026-07-02 21:49:59 UTC,60,RXRX,"Recursion Pharmaceuticals, Inc.",32642640,3.54,3.8,3.91,3.7,5.72,0.0616,2013639756
2026-07-02,2026-07-02 21:49:59 UTC,61,CRWV,"CoreWeave, Inc.",32590272,-4.6,81.75,88.17,80.56,8.88,0.0597,44597647933
2026-07-02,2026-07-02 21:49:59 UTC,62,QXO,QXO Inc,32547333,-2.0,16.21,16.88,15.79,6.59,0.0449,11757199642
2026-07-02,2026-07-02 21:49:59 UTC,63,BTG,B2Gold,32221885,6.81,4.08,4.09,3.91,4.71,0.0241,5450519148
2026-07-02,2026-07-02 21:49:59 UTC,64,FPS,"Forgent Power Solutions, Inc.",32000430,-6.09,46.86,49.09,45.71,6.75,0.1051,14265537738
2026-07-02,2026-07-02 21:49:59 UTC,65,GRAB,Grab Holdings Limited,31350562,0.26,3.9,3.96,3.83,3.34,0.0077,15951000000
2026-07-02,2026-07-02 21:49:59 UTC,66,SRFM,Surf Air Mobility Inc.,31139327,0.0,1.04,1.26,1.0,25.0,0.3101,104427905
2026-07-02,2026-07-02 21:49:59 UTC,67,CIFR,Cipher Digital Inc,31076905,-12.26,20.04,23.17,19.39,16.57,0.076,8197345907
2026-07-02,2026-07-02 21:49:59 UTC,68,HIVE,HIVE Digital Technologies Ltd,30745920,-6.36,3.24,3.68,3.2,13.87,0.115,866475860
2026-07-02,2026-07-02 21:49:59 UTC,69,JBLU,Jetblue Awys Corp,30693110,1.69,6.02,6.18,5.84,5.74,0.0825,2239553741
2026-07-02,2026-07-02 21:49:59 UTC,70,WEN,Wendys Co,30425834,-3.8,8.6,9.45,8.33,12.53,0.1597,1638133504
2026-07-02,2026-07-02 21:49:59 UTC,71,WMT,Walmart,29512562,2.78,111.84,112.45,109.16,3.02,0.0037,890031572695
2026-07-02,2026-07-02 21:49:59 UTC,72,NVTS,Navitas Semiconductor Corp,29378096,-12.520000000000001,14.46,16.6,14.03,15.55,0.1257,3379492380
2026-07-02,2026-07-02 21:49:59 UTC,73,BAC,Bank of America Corp,29329689,0.63,58.73,59.0,57.94,1.82,0.0041,416782768933
2026-07-02,2026-07-02 21:49:59 UTC,74,ACHR,Archer Aviation Inc,28995299,1.22,4.98,5.19,4.84,7.109999999999999,0.0382,3782798084
2026-07-02,2026-07-02 21:49:59 UTC,75,OWL,Blue Owl Capital Inc,28635338,4.63,9.04,9.53,8.96,6.6000000000000005,0.0184,14093814793
2026-07-02,2026-07-02 21:49:59 UTC,76,HL,Hecla Mining Co,28609543,4.75,16.33,16.67,15.84,5.29,0.0427,10952733540
2026-07-02,2026-07-02 21:49:59 UTC,77,CLF,Cleveland-Cliffs Inc,28398117,4.67,9.86,10.18,9.54,6.79,0.0498,5624288518
2026-07-02,2026-07-02 21:49:59 UTC,78,DNN,Denison Mines,28288721,3.9,3.2,3.28,3.11,5.52,0.0313,2896054278
2026-07-02,2026-07-02 21:49:59 UTC,79,AMD,Advanced Micro Devices Inc,28145453,-4.26,517.82,547.65,506.0,7.7,0.0173,844357622886
2026-07-02,2026-07-02 21:49:59 UTC,80,SMR,NuScale Power Corporation,28057670,-3.84,9.76,10.87,9.6,12.509999999999998,0.0768,3567096082
2026-07-02,2026-07-02 21:49:59 UTC,81,HTZ,Hertz Global Hld,27927908,-3.64,2.12,2.26,2.09,7.7299999999999995,0.0793,746430995
2026-07-02,2026-07-02 21:49:59 UTC,82,MBGL,Mobility Global Inc WI,26967936,-6.5600000000000005,19.8,20.95,19.8,4.72,,
2026-07-02,2026-07-02 21:49:59 UTC,83,AVGO,Broadcom Inc,26750397,-2.41,360.45,374.0,356.43,4.760000000000001,0.0056,1714869782369
2026-07-02,2026-07-02 21:49:59 UTC,84,FRSH,Freshworks Inc.,26579111,-0.67,10.34,10.56,10.26,2.88,0.0962,2858329286
2026-07-02,2026-07-02 21:49:59 UTC,85,RIG,Transocean,26460329,3.9,5.06,5.11,4.93,3.6999999999999997,0.0237,5649192350
2026-07-02,2026-07-02 21:49:59 UTC,86,RKT,Rocket Companies Inc,26411855,-0.5,15.77,16.09,15.18,5.7700000000000005,0.0093,44620106715
2026-07-02,2026-07-02 21:49:59 UTC,87,BSX,Boston Scien Cp,26345008,4.83,45.14,45.8,43.45,5.46,0.0177,67094072780
2026-07-02,2026-07-02 21:49:59 UTC,88,GOOGL,Alphabet Inc,25975194,-0.36,359.91,364.21,353.42,2.9899999999999998,0.0021,4360590629577
2026-07-02,2026-07-02 21:49:59 UTC,89,CETX,Cemtrex,25974846,6.069999999999999,2.97,4.05,2.59,51.43,23.3548,3303183
2026-07-02,2026-07-02 21:49:59 UTC,90,SOC,Sable Offshore,25880650,-3.4099999999999997,4.25,4.42,3.85,12.950000000000001,0.1677,656042367
2026-07-02,2026-07-02 21:49:59 UTC,91,CCTG,CCSC Technology International Holdings Limited,25804648,28.53,0.91,1.23,0.75,67.80000000000001,6.5938,3561280
2026-07-02,2026-07-02 21:49:59 UTC,92,FIG,Figma,25608822,9.49,21.34,21.88,19.26,13.29,0.0485,11275556067
2026-07-02,2026-07-02 21:49:59 UTC,93,BTBT,Bit Digital Inc,25492686,-6.78,1.65,1.86,1.63,12.989999999999998,0.073,576164193
2026-07-02,2026-07-02 21:49:59 UTC,94,RGTI,Rigetti Computing Inc,25285661,-3.9600000000000004,17.94,19.68,17.55,11.379999999999999,0.0761,5963234597
2026-07-02,2026-07-02 21:49:59 UTC,95,NBIS,Nebius Group,24815826,-5.92,215.62,237.26,207.3,13.07,0.0977,54745528590
2026-07-02,2026-07-02 21:49:59 UTC,96,APLD,Applied Digital,24596419,-6.93,33.06,35.8,31.72,11.49,0.0861,9447540959
2026-07-02,2026-07-02 21:49:59 UTC,97,CSCO,Cisco Sys Inc,24251054,-3.6900000000000004,112.69,117.14,111.9,4.46,0.0062,444160272398
2026-07-02,2026-07-02 21:49:59 UTC,98,LAES,Sealsq Corp,24242917,-2.26,3.03,3.2,2.87,10.65,0.1088,675005216
2026-07-02,2026-07-02 21:49:59 UTC,99,BBAI,BIGBEAR AI HLDGS INC,24082662,-3.02,3.53,3.73,3.52,5.7700000000000005,0.0503,1690691558
2026-07-02,2026-07-02 21:49:59 UTC,100,KLAC,Kla Corp,23623108,-11.51,235.55,267.33,228.01,14.41,0.0181,307693125715
2026-07-03,2026-07-03 01:09:59 UTC,1,LIMN,Liminatus Pharma,525180711,24.13,0.1425,0.207,0.1246,67.51,11.7025,6395062
2026-07-03,2026-07-03 01:09:59 UTC,2,CWD,CaliberCos,338029517,90.61,1.23,1.52,1.03,75.92999999999999,38.2377,10873475
2026-07-03,2026-07-03 01:09:59 UTC,3,INLF,INLIF,219731764,-34.150000000000006,0.0216,0.0299,0.0206,27.74,15.9154,298215
2026-07-03,2026-07-03 01:09:59 UTC,4,SURG,Surgepays Inc,178014678,38.080000000000005,0.5729,0.6793,0.5115,40.44,7.086,14392333
2026-07-03,2026-07-03 01:09:59 UTC,5,NVDA,Nvidia Corporation,142385548,-1.39,194.83,200.06,192.35,3.9,0.0059,4714886000000
2026-07-03,2026-07-03 01:09:59 UTC,6,AAL,American Airline,130085026,-1.27,17.92,18.79,17.71,5.949999999999999,0.1967,11852021655
2026-07-03,2026-07-03 01:09:59 UTC,7,T,At&T,129365473,0.49,20.58,20.99,19.89,5.37,0.0186,142996813224
2026-07-03,2026-07-03 01:09:59 UTC,8,INTC,Intel Corp,125021717,-5.25,120.35,130.74,117.63,10.32,0.0249,604879100000
2026-07-03,2026-07-03 01:09:59 UTC,9,YHC,LQR House Inc.,107600393,-14.099999999999998,0.0451,0.0504,0.0426,14.860000000000001,5.036,963616
2026-07-03,2026-07-03 01:09:59 UTC,10,GPUS,Hyperscale Data Inc.,93624076,-7.84,0.141,0.156,0.1377,11.76,0.2028,65086587
2026-07-03,2026-07-03 01:09:59 UTC,11,OPEN,Opendoor Technologies Inc,90049906,-0.8099999999999999,4.9,5.17,4.75,8.5,0.0933,4727209496
2026-07-03,2026-07-03 01:09:59 UTC,12,CLRO,Clearone Inc,88538476,101.24,6.48,9.62,3.12,201.86,33.0934,17336669
2026-07-03,2026-07-03 01:09:59 UTC,13,ONDS,Ondas Holdings Inc.,87137400,-6.4399999999999995,7.41,8.45,7.37,13.639999999999999,0.1655,3901667016
2026-07-03,2026-07-03 01:09:59 UTC,14,ABTC,American Bitcoin Corp,82537211,-10.0,0.5617,0.67,0.556,18.27,0.0776,597094517
2026-07-03,2026-07-03 01:09:59 UTC,15,SOFI,Sofi Technologies Inc,81377450,-1.08,18.24,19.19,17.77,7.7299999999999995,0.0634,23397199488
2026-07-03,2026-07-03 01:09:59 UTC,16,NOK,Nokia,78276566,-6.510000000000001,12.07,12.91,11.9,7.82,0.014,67504034793
2026-07-03,2026-07-03 01:09:59 UTC,17,RIVN,"Rivian Automotive, Inc. / De",78267206,8.44,18.63,19.79,17.81,11.53,0.0621,23481680005
2026-07-03,2026-07-03 01:09:59 UTC,18,OLPX,"Olaplex Holdings, Inc.",77443509,0.98,2.07,2.085,2.044,1.95,0.1152,1391282165
2026-07-03,2026-07-03 01:09:59 UTC,19,AAPL,Apple Inc,75400626,4.84,308.63,309.42,293.68,5.35,0.0051,4532958682280
2026-07-03,2026-07-03 01:09:59 UTC,20,TSLA,Tesla Inc,73915762,-7.489999999999999,393.45,432.35,389.3,10.12,0.0197,1477689557044
2026-07-03,2026-07-03 01:09:59 UTC,21,TNON,"Tenon Medical, Inc.",71659781,-10.34,0.2923,0.326,0.2721,16.53,6.0474,3463659
2026-07-03,2026-07-03 01:09:59 UTC,22,MU,Micron Technology Inc,61844373,-5.489999999999999,975.56,1064.64,950.28,11.08,0.0548,1101790782389
2026-07-03,2026-07-03 01:09:59 UTC,23,PLTR,Palantir Technologies Inc,61266412,2.8400000000000003,129.3,132.88,127.95,3.65,0.0256,309972438626
2026-07-03,2026-07-03 01:09:59 UTC,24,SPCX,Space Exploration Technologies Corp,61257120,2.83,162.0,162.16,155.88,3.9899999999999998,0.0047,2118290158350
2026-07-03,2026-07-03 01:09:59 UTC,25,PLUG,Plug Power,60796980,0.0,2.64,2.8,2.51,10.979999999999999,0.0436,3682982376
2026-07-03,2026-07-03 01:09:59 UTC,26,IREN,IREN Ltd,60368806,-10.39,38.82,43.42,37.66,13.29,0.1689,13873440124
2026-07-03,2026-07-03 01:09:59 UTC,27,VZ,Verizon Comms,59060834,1.3599999999999999,42.56,43.08,40.76,5.54,0.0141,177711787209
2026-07-03,2026-07-03 01:09:59 UTC,28,PATH,Uipath Inc,58403970,1.39,11.71,11.78,11.3,4.109999999999999,0.1127,6067188314
2026-07-03,2026-07-03 01:09:59 UTC,29,YRD,Yiren Digital Ltd,56621620,59.68,1.44,1.55,1.01,59.88,0.6472,125983383
2026-07-03,2026-07-03 01:09:59 UTC,30,JOBY,Joby Aviation Inc,56177572,-3.9600000000000004,8.49,9.1,8.3,8.99,0.0571,8351127813
2026-07-03,2026-07-03 01:09:59 UTC,31,NU,Nu Hldgs Ltd,55848701,1.6400000000000001,13.61,13.75,13.32,3.15,0.0115,66168298426
2026-07-03,2026-07-03 01:09:59 UTC,32,NFLX,Netflix Inc,55541744,4.66,77.65,78.44,74.91,4.74,0.0132,326968505699
2026-07-03,2026-07-03 01:09:59 UTC,33,GT,Goodyear Tire & Rubr Co,54347773,2.01,6.59,6.67,6.37,4.64,0.1891,1894220578
2026-07-03,2026-07-03 01:09:59 UTC,34,AMC,Amc Entmt Hldgs Inc,53970856,-2.07,1.89,1.95,1.84,5.7,0.0605,1687022765
2026-07-03,2026-07-03 01:09:59 UTC,35,PPCB,Propanc Bio,53166306,22.919999999999998,1.77,2.47,1.58,61.809999999999995,23.3352,4032718
2026-07-03,2026-07-03 01:09:59 UTC,36,PFE,Pfizer,53138979,1.8399999999999999,24.32,24.57,24.13,1.8399999999999999,0.0093,138610482190
2026-07-03,2026-07-03 01:09:59 UTC,37,BB,Blackberry,50952166,-10.15,11.51,13.03,11.2,14.280000000000001,0.0869,6746015960
2026-07-03,2026-07-03 01:09:59 UTC,38,USDE,STABLECOINX INC,50854315,33.650000000000006,2.78,4.4,2.52,89.42,8.5819,16473640
2026-07-03,2026-07-03 01:09:59 UTC,39,MARA,MARA Holdings Inc,50628944,-7.26,12.4,14.09,11.98,15.78,0.1328,4727754237
2026-07-03,2026-07-03 01:09:59 UTC,40,KEEL,Keel Infrastructure Corp,49897299,-14.680000000000001,4.59,5.46,4.52,17.29,0.0826,2771573508
2026-07-03,2026-07-03 01:09:59 UTC,41,HLP,HONGLI GROUP INC.,49489484,34.410000000000004,0.752,0.9214,0.549,66.56,0.6622,56203540
2026-07-03,2026-07-03 01:09:59 UTC,42,F,Ford Mtr Co Del,49011929,-2.0500000000000003,13.36,14.0,13.22,5.680000000000001,0.0123,53235493536
2026-07-03,2026-07-03 01:09:59 UTC,43,AMZN,Amazon Com,48298137,0.4,242.67,246.72,241.08,2.33,0.0045,2610427746834
2026-07-03,2026-07-03 01:09:59 UTC,44,ORCL,Oracle Corp,44273642,-1.5599999999999998,140.27,147.06,138.83,5.779999999999999,0.0154,404043667170
2026-07-03,2026-07-03 01:09:59 UTC,45,CMCSA,Comcast Corp,43735083,0.25,23.79,23.92,23.08,3.54,0.0122,84983317371
2026-07-03,2026-07-03 01:09:59 UTC,46,SMCI,Super Micro Computer Inc,42867499,-1.5599999999999998,27.22,29.22,26.7,9.08,0.0663,17606777301
2026-07-03,2026-07-03 01:09:59 UTC,47,MSFT,Microsoft Corp,42194409,1.6199999999999999,390.49,392.2,383.7,2.21,0.0057,2900729467564
2026-07-03,2026-07-03 01:09:59 UTC,48,HOOD,"Robinhood Markets, Inc.",41233309,3.7600000000000002,112.73,120.05,110.93,8.39,0.0458,101513935075
2026-07-03,2026-07-03 01:09:59 UTC,49,BMNR,Bitmine Immersion Technologies Inc,41135999,1.48,14.36,15.25,14.24,7.140000000000001,0.0765,7720349840
2026-07-03,2026-07-03 01:09:59 UTC,50,MRVL,Marvell Technology Inc,38579896,-9.84,245.29,274.95,237.2,13.88,0.0441,214579692000
2026-07-03,2026-07-03 01:09:59 UTC,51,SNAP,Snap Inc,37376861,1.8900000000000001,4.84,4.87,4.74,2.74,0.0226,8020658920
2026-07-03,2026-07-03 01:09:59 UTC,52,WHLR,Wheeler Real Estate Invt Tr,36890737,4.08,1.03,1.45,1.01,44.46,67.2466,565046
2026-07-03,2026-07-03 01:09:59 UTC,53,TE,T1 Energy,36688578,-6.75,8.56,10.01,8.14,20.369999999999997,0.1315,2388827019
2026-07-03,2026-07-03 01:09:59 UTC,54,NIO,Nio Inc.,35514876,-3.62,4.79,4.99,4.73,5.2299999999999995,0.0142,12002145035
2026-07-03,2026-07-03 01:09:59 UTC,55,CDE,Coeur Mng Inc,34832387,4.590000000000001,17.3,17.95,16.85,6.65,0.0338,17842094219
2026-07-03,2026-07-03 01:09:59 UTC,56,MSTR,Strategy Inc,34757614,7.9,100.77,104.11,97.57,7.000000000000001,0.0992,35314632061
2026-07-03,2026-07-03 01:09:59 UTC,57,NKE,Nike Inc Cl B,34264322,2.39,44.09,45.04,43.6,3.3300000000000005,0.0231,65292309284
2026-07-03,2026-07-03 01:09:59 UTC,58,DVLT,Datavault AI Inc,34017198,-4.9,0.3841,0.4567,0.3838,18.05,0.0398,328621362
2026-07-03,2026-07-03 01:09:59 UTC,59,WULF,Terawulf Inc,33897812,-10.18,21.18,23.53,20.6,12.43,0.0684,10495381421
2026-07-03,2026-07-03 01:09:59 UTC,60,CRWV,"CoreWeave, Inc.",32788112,-4.6,81.75,88.17,80.56,8.88,0.0601,44597647933
2026-07-03,2026-07-03 01:09:59 UTC,61,RXRX,"Recursion Pharmaceuticals, Inc.",32680470,3.54,3.8,3.91,3.7,5.72,0.0617,2013639756
2026-07-03,2026-07-03 01:09:59 UTC,62,QXO,QXO Inc,32562255,-2.0,16.21,16.88,15.79,6.59,0.0449,11757199642
2026-07-03,2026-07-03 01:09:59 UTC,63,BTG,B2Gold,32224471,6.81,4.08,4.09,3.91,4.71,0.0241,5450519148
2026-07-03,2026-07-03 01:09:59 UTC,64,FPS,"Forgent Power Solutions, Inc.",32150887,-6.09,46.86,49.09,45.71,6.75,0.1056,14265537738
2026-07-03,2026-07-03 01:09:59 UTC,65,GRAB,Grab Holdings Limited,31388189,0.26,3.9,3.96,3.83,3.34,0.0077,15951000000
2026-07-03,2026-07-03 01:09:59 UTC,66,SRFM,Surf Air Mobility Inc.,31285265,0.0,1.04,1.26,1.0,25.0,0.2803,116058377
2026-07-03,2026-07-03 01:09:59 UTC,67,CIFR,Cipher Digital Inc,31109492,-12.26,20.04,23.17,19.39,16.57,0.0761,8197345907
2026-07-03,2026-07-03 01:09:59 UTC,68,HIVE,HIVE Digital Technologies Ltd,30834557,-6.36,3.24,3.68,3.2,13.87,0.1153,866475860
2026-07-03,2026-07-03 01:09:59 UTC,69,JBLU,Jetblue Awys Corp,30698886,1.69,6.02,6.18,5.84,5.74,0.0825,2239553741
2026-07-03,2026-07-03 01:09:59 UTC,70,WEN,Wendys Co,30494064,-3.8,8.6,9.45,8.33,12.53,0.1601,1638133504
2026-07-03,2026-07-03 01:09:59 UTC,71,WMT,Walmart,29526234,2.78,111.84,112.45,109.16,3.02,0.0037,890031572695
2026-07-03,2026-07-03 01:09:59 UTC,72,NVTS,Navitas Semiconductor Corp,29485679,-12.520000000000001,14.46,16.6,14.03,15.55,0.1262,3379492380
2026-07-03,2026-07-03 01:09:59 UTC,73,BAC,Bank of America Corp,29330900,0.63,58.73,59.0,57.94,1.82,0.0041,416782768933
2026-07-03,2026-07-03 01:09:59 UTC,74,ACHR,Archer Aviation Inc,29036519,1.22,4.98,5.19,4.84,7.109999999999999,0.0382,3782798084
2026-07-03,2026-07-03 01:09:59 UTC,75,OWL,Blue Owl Capital Inc,28660382,4.63,9.04,9.53,8.96,6.6000000000000005,0.0184,14093814793
2026-07-03,2026-07-03 01:09:59 UTC,76,HL,Hecla Mining Co,28624801,4.75,16.33,16.67,15.84,5.29,0.0427,10952733540
2026-07-03,2026-07-03 01:09:59 UTC,77,CLF,Cleveland-Cliffs Inc,28422332,4.67,9.86,10.18,9.54,6.79,0.0498,5624288518
2026-07-03,2026-07-03 01:09:59 UTC,78,DNN,Denison Mines,28293942,3.9,3.2,3.28,3.11,5.52,0.0313,2896054278
2026-07-03,2026-07-03 01:09:59 UTC,79,AMD,Advanced Micro Devices Inc,28228930,-4.26,517.82,547.65,506.0,7.7,0.0173,844357622886
2026-07-03,2026-07-03 01:09:59 UTC,80,SMR,NuScale Power Corporation,28189034,-3.84,9.76,10.87,9.6,12.509999999999998,0.0771,3567096082
2026-07-03,2026-07-03 01:09:59 UTC,81,HTZ,Hertz Global Hld,28157283,-3.64,2.12,2.26,2.09,7.7299999999999995,0.08,746430995
2026-07-03,2026-07-03 01:09:59 UTC,82,MBGL,Mobility Global Inc WI,26968146,-6.5600000000000005,19.8,20.95,19.8,4.72,,
2026-07-03,2026-07-03 01:09:59 UTC,83,FRSH,Freshworks Inc.,26896267,-0.67,10.34,10.56,10.26,2.88,0.0973,2858329286
2026-07-03,2026-07-03 01:09:59 UTC,84,AVGO,Broadcom Inc,26788850,-2.41,360.45,374.0,356.43,4.760000000000001,0.0056,1714869782369
2026-07-03,2026-07-03 01:09:59 UTC,85,RIG,Transocean,26532036,3.9,5.06,5.11,4.93,3.6999999999999997,0.0238,5649192350
2026-07-03,2026-07-03 01:09:59 UTC,86,RKT,Rocket Companies Inc,26415983,-0.5,15.77,16.09,15.18,5.7700000000000005,0.0093,44620106715
2026-07-03,2026-07-03 01:09:59 UTC,87,BSX,Boston Scien Cp,26355055,4.83,45.14,45.8,43.45,5.46,0.0177,67094072780
2026-07-03,2026-07-03 01:09:59 UTC,88,CETX,Cemtrex,26013443,6.069999999999999,2.97,4.05,2.59,51.43,23.3895,3303183
2026-07-03,2026-07-03 01:09:59 UTC,89,GOOGL,Alphabet Inc,25999346,-0.36,359.91,364.21,353.42,2.9899999999999998,0.0021,4360590629577
2026-07-03,2026-07-03 01:09:59 UTC,90,SOC,Sable Offshore,25907763,-3.4099999999999997,4.25,4.42,3.85,12.950000000000001,0.1678,656042367
2026-07-03,2026-07-03 01:09:59 UTC,91,CCTG,CCSC Technology International Holdings Limited,25888662,28.53,0.91,1.23,0.75,67.80000000000001,6.6152,3561280
2026-07-03,2026-07-03 01:09:59 UTC,92,FIG,Figma,25634949,9.49,21.34,21.88,19.26,13.29,0.0485,11275556067
2026-07-03,2026-07-03 01:09:59 UTC,93,BTBT,Bit Digital Inc,25530740,-6.78,1.65,1.86,1.63,12.989999999999998,0.0731,576164193
2026-07-03,2026-07-03 01:09:59 UTC,94,RGTI,Rigetti Computing Inc,25313968,-3.9600000000000004,17.94,19.68,17.55,11.379999999999999,0.0762,5963234597
2026-07-03,2026-07-03 01:09:59 UTC,95,NBIS,Nebius Group,24901806,-5.92,215.62,237.26,207.3,13.07,0.0981,54745528590
2026-07-03,2026-07-03 01:09:59 UTC,96,APLD,Applied Digital,24641086,-6.93,33.06,35.8,31.72,11.49,0.0862,9447540959
2026-07-03,2026-07-03 01:09:59 UTC,97,LAES,Sealsq Corp,24282387,-2.26,3.03,3.2,2.87,10.65,0.109,675005216
2026-07-03,2026-07-03 01:09:59 UTC,98,CSCO,Cisco Sys Inc,24254878,-3.6900000000000004,112.69,117.14,111.9,4.46,0.0062,444160272398
2026-07-03,2026-07-03 01:09:59 UTC,99,BBAI,BIGBEAR AI HLDGS INC,24129405,-3.02,3.53,3.73,3.52,5.7700000000000005,0.0504,1690691558
2026-07-03,2026-07-03 01:09:59 UTC,100,ZCMD,Zhongchao Inc,23985338,-0.89,1.11,1.17,1.0,15.18,20.7388,1283766
2026-07-06,2026-07-06 21:49:59 UTC,1,YHC,LQR House Inc.,449276928,-13.530000000000001,0.039,0.043,0.0325,23.28,21.0275,833282
2026-07-06,2026-07-06 21:49:59 UTC,2,SBEV,Splash Beverage Group Inc,414590002,42.53,0.2081,0.3187,0.1832,92.81,26.9392,3202625
2026-07-06,2026-07-06 21:49:59 UTC,3,LUCY,Lucyd Inc,194835956,63.160000000000004,1.24,1.57,0.9711,78.8,30.4254,7940622
2026-07-06,2026-07-06 21:49:59 UTC,4,SPCX,Space Exploration Technologies Corp,188581965,-0.98,160.42,167.9,155.04,7.9399999999999995,0.0144,2097630291373
2026-07-06,2026-07-06 21:49:59 UTC,5,KIDZ,KIDZ AI INC,187831353,54.43,1.05,1.68,1.0,100.01,166.7364,1182842
2026-07-06,2026-07-06 21:49:59 UTC,6,AAL,American Airline,142890063,-0.95,17.75,18.44,17.68,4.24,0.216,11739586181
2026-07-06,2026-07-06 21:49:59 UTC,7,T,At&T,113587384,0.0,20.58,20.91,20.25,3.2099999999999995,0.0163,142996813224
2026-07-06,2026-07-06 21:49:59 UTC,8,NVDA,Nvidia Corporation,108719320,0.37,195.55,197.55,193.99,1.82,0.0045,4732310000000
2026-07-06,2026-07-06 21:49:59 UTC,9,LHSW,Lianhe Sowell International Group Ltd,101516720,277.78000000000003,6.8,7.74,4.94,155.56,29.5321,23375000
2026-07-06,2026-07-06 21:49:59 UTC,10,OPEN,Opendoor Technologies Inc,87371673,3.88,5.09,5.32,4.84,9.8,0.0906,4910509456
2026-07-06,2026-07-06 21:49:59 UTC,11,INTC,Intel Corp,86463911,1.54,122.2,127.3,121.52,4.79,0.0172,614177200000
2026-07-06,2026-07-06 21:49:59 UTC,12,GRAB,Grab Holdings Limited,82953108,-1.28,3.85,3.99,3.66,8.459999999999999,0.0203,15746500000
2026-07-06,2026-07-06 21:49:59 UTC,13,SOFI,Sofi Technologies Inc,80761470,2.03,18.61,19.12,18.31,4.390000000000001,0.063,23871813732
2026-07-06,2026-07-06 21:49:59 UTC,14,WULF,Terawulf Inc,74593186,4.859999999999999,22.21,25.15,22.01,14.31,0.1505,11005780045
2026-07-06,2026-07-06 21:49:59 UTC,15,ONDS,Ondas Holdings Inc.,73161049,5.53,7.82,7.84,7.31,7.1499999999999995,0.1389,4117548727
2026-07-06,2026-07-06 21:49:59 UTC,16,PATH,Uipath Inc,69788318,1.02,11.83,12.27,11.35,7.86,0.1347,6129362746
2026-07-06,2026-07-06 21:49:59 UTC,17,AMC,Amc Entmt Hldgs Inc,68713500,-7.9399999999999995,1.74,1.88,1.72,8.469999999999999,0.077,1553132070
2026-07-06,2026-07-06 21:49:59 UTC,18,CPOP,"Pop Culture Group Co., Ltd",67257041,9.36,0.0923,0.0989,0.0876,13.389999999999999,0.4446,13962440
2026-07-06,2026-07-06 21:49:59 UTC,19,PFE,Pfizer,58530908,-2.4699999999999998,23.72,24.2,23.62,2.22,0.0103,135190815688
2026-07-06,2026-07-06 21:49:59 UTC,20,LIMN,Liminatus Pharma,58360903,0.06999999999999999,0.1426,0.1591,0.137,15.440000000000001,1.3004,6399550
2026-07-06,2026-07-06 21:49:59 UTC,21,GPUS,Hyperscale Data Inc.,56041928,-1.21,0.1393,0.146,0.13,11.35,0.1214,64301855
2026-07-06,2026-07-06 21:49:59 UTC,22,JOBY,Joby Aviation Inc,55756968,5.06,8.92,9.43,8.4,12.13,0.0567,8774094239
2026-07-06,2026-07-06 21:49:59 UTC,23,VZ,Verizon Comms,55311776,-1.15,42.07,43.16,41.63,3.5900000000000003,0.0132,175665763343
2026-07-06,2026-07-06 21:49:59 UTC,24,NU,Nu Hldgs Ltd,55248558,3.3099999999999996,14.06,14.06,13.41,4.78,0.0114,68356081989
2026-07-06,2026-07-06 21:49:59 UTC,25,TSLA,Tesla Inc,54554778,6.69,419.77,420.0,390.5,7.5,0.0145,1576540209329
2026-07-06,2026-07-06 21:49:59 UTC,26,F,Ford Mtr Co Del,54273140,3.52,13.83,13.9,13.42,3.4799999999999995,0.0136,55108299072
2026-07-06,2026-07-06 21:49:59 UTC,27,IREN,IREN Ltd,53675088,13.11,43.91,44.97,41.75,8.24,0.1502,15692497575
2026-07-06,2026-07-06 21:49:59 UTC,28,AAPL,Apple Inc,53552398,1.31,312.66,314.2,307.0,2.33,0.0036,4592148726960
2026-07-06,2026-07-06 21:49:59 UTC,29,NOK,Nokia,50406612,3.65,12.51,12.76,12.35,3.4000000000000004,0.009,69964828108
2026-07-06,2026-07-06 21:49:59 UTC,30,MSS,Maison Solutions Inc.,46845859,-8.24,0.66,0.8387,0.6386,27.74,10.9538,2822618
2026-07-06,2026-07-06 21:49:59 UTC,31,PLUG,Plug Power,46729396,0.0,2.64,2.74,2.58,6.0600000000000005,0.0335,3682982376
2026-07-06,2026-07-06 21:49:59 UTC,32,BMNR,Bitmine Immersion Technologies Inc,46605197,8.290000000000001,15.55,16.16,14.28,13.089999999999998,0.0867,8360128135
2026-07-06,2026-07-06 21:49:59 UTC,33,NFLX,Netflix Inc,45002961,-2.1,76.02,77.84,75.71,2.74,0.0107,320104904098
2026-07-06,2026-07-06 21:49:59 UTC,34,CMCSA,Comcast Corp,42466631,-1.72,23.38,23.97,23.22,3.15,0.0119,83518703662
2026-07-06,2026-07-06 21:49:59 UTC,35,RIVN,"Rivian Automotive, Inc. / De",41903263,8.110000000000001,20.14,20.2,18.39,9.719999999999999,0.0332,25384918696
2026-07-06,2026-07-06 21:49:59 UTC,36,BURU,Nuburu,40936675,9.58,0.1372,0.1428,0.1245,14.46,0.2287,24561630
2026-07-06,2026-07-06 21:49:59 UTC,37,AMZN,Amazon Com,39980844,0.61,244.16,246.04,240.88,2.13,0.0037,2626455839893
2026-07-06,2026-07-06 21:49:59 UTC,38,JBLU,Jetblue Awys Corp,38239267,0.66,6.06,6.27,5.91,5.9799999999999995,0.1028,2254434497
2026-07-06,2026-07-06 21:49:59 UTC,39,HL,Hecla Mining Co,38100139,0.8,16.46,16.65,16.07,3.55,0.0568,11039926153
2026-07-06,2026-07-06 21:49:59 UTC,40,RXRX,"Recursion Pharmaceuticals, Inc.",38026636,4.21,3.96,4.09,3.66,11.32,0.0718,2098424588
2026-07-06,2026-07-06 21:49:59 UTC,41,PLTR,Palantir Technologies Inc,37289673,2.5100000000000002,132.54,134.07,126.64,5.65,0.0156,317739729431
2026-07-06,2026-07-06 21:49:59 UTC,42,ACHR,Archer Aviation Inc,36927094,7.829999999999999,5.37,5.46,4.97,9.54,0.0486,4079041308
2026-07-06,2026-07-06 21:49:59 UTC,43,ORCL,Oracle Corp,36546486,2.4899999999999998,143.76,145.62,141.16,3.18,0.0127,414096510960
2026-07-06,2026-07-06 21:49:59 UTC,44,KEEL,Keel Infrastructure Corp,36498287,5.45,4.84,5.1,4.72,8.28,0.0604,2922530670
2026-07-06,2026-07-06 21:49:59 UTC,45,ZCMD,Zhongchao Inc,36362315,101.8,2.24,3.11,1.87,111.71,31.4404,2590663
2026-07-06,2026-07-06 21:49:59 UTC,46,MU,Micron Technology Inc,36302260,0.96,984.75,1019.0,980.85,3.91,0.0321,1112169905447
2026-07-06,2026-07-06 21:49:59 UTC,47,MBGL,Mobility Global Inc WI,35850434,-2.73,19.26,19.46,17.67,9.04,0.1215,5683186101
2026-07-06,2026-07-06 21:49:59 UTC,48,BAC,Bank of America Corp,34572378,1.9900000000000002,59.9,59.94,58.92,1.7399999999999998,0.0049,425085779994
2026-07-06,2026-07-06 21:49:59 UTC,49,ABEV,Ambev,34410550,-0.97,3.07,3.09,3.02,2.26,0.0022,47881850580
2026-07-06,2026-07-06 21:49:59 UTC,50,MSFT,Microsoft Corp,34145829,-0.96,386.74,389.15,381.22,2.03,0.0046,2872872837424
2026-07-06,2026-07-06 21:49:59 UTC,51,SMCI,Super Micro Computer Inc,30843300,-0.11,27.19,27.74,26.74,3.6700000000000004,0.0477,17587372330
2026-07-06,2026-07-06 21:49:59 UTC,52,MARA,MARA Holdings Inc,30593385,4.44,12.95,13.53,12.54,7.9399999999999995,0.0802,4937453013
2026-07-06,2026-07-06 21:49:59 UTC,53,AMD,Advanced Micro Devices Inc,30582895,6.61,552.05,572.5,527.0,8.780000000000001,0.0188,900173082759
2026-07-06,2026-07-06 21:49:59 UTC,54,SNAP,Snap Inc,29599231,-1.8599999999999999,4.75,4.875,4.71,3.4099999999999997,0.0179,7871514436
2026-07-06,2026-07-06 21:49:59 UTC,55,BYND,Beyond Meat,29588865,3.39,0.7344,0.755,0.7032,7.290000000000001,0.0574,378467452
2026-07-06,2026-07-06 21:49:59 UTC,56,WMT,Walmart,29498928,-1.06,110.65,112.37,109.37,2.68,0.0037,880561458500
2026-07-06,2026-07-06 21:49:59 UTC,57,SEER,"Seer, Inc.",29155480,35.19,2.19,2.34,2.15,11.72,0.5303,120409596
2026-07-06,2026-07-06 21:49:59 UTC,58,CIFR,Cipher Digital Inc,28308286,8.43,21.73,22.6,21.05,7.7299999999999995,0.0692,8888639050
2026-07-06,2026-07-06 21:49:59 UTC,59,SOUN,SOUNDHOUND AI INC,28201040,6.260000000000001,6.96,7.09,6.55,8.09,0.0652,3012076659
2026-07-06,2026-07-06 21:49:59 UTC,60,EOSE,Eos Energy Enterprises Inc,28103842,-3.25,5.06,5.55,5.04,9.85,0.0796,1786901834
2026-07-06,2026-07-06 21:49:59 UTC,61,BJDX,Bluejay Diagnostics Inc,27478347,1.7500000000000002,1.16,2.09,1.095,87.28,26.5564,1200269
2026-07-06,2026-07-06 21:49:59 UTC,62,MSTR,Strategy Inc,27407078,0.0,100.77,104.78,94.63,10.07,0.0782,35314632061
2026-07-06,2026-07-06 21:49:59 UTC,63,NIO,Nio Inc.,27190761,4.8,5.02,5.1,4.88,4.590000000000001,0.0109,12578448450
2026-07-06,2026-07-06 21:49:59 UTC,64,GOOGL,Alphabet Inc,26638565,1.82,366.46,367.93,357.38,2.93,0.0022,4439948993123
2026-07-06,2026-07-06 21:49:59 UTC,65,BBAI,BIGBEAR AI HLDGS INC,26149074,1.4200000000000002,3.58,3.7,3.48,6.23,0.0546,1714639031
2026-07-06,2026-07-06 21:49:59 UTC,66,UWMC,Uwm Holdings Corporation,25856113,1.38,2.2,2.215,2.09,5.76,0.0161,3522393870
2026-07-06,2026-07-06 21:49:59 UTC,67,MRVL,Marvell Technology Inc,25564086,1.6199999999999999,249.27,260.46,249.04,4.63,0.0292,218061396000
2026-07-06,2026-07-06 21:49:59 UTC,68,HOOD,"Robinhood Markets, Inc.",25523955,4.279999999999999,117.55,118.65,111.41,6.419999999999999,0.0283,105854369450
2026-07-06,2026-07-06 21:49:59 UTC,69,KDP,Keurig Dr Pepper Inc,25210222,-4.65,31.75,33.21,31.7,4.52,0.0185,43197763204
2026-07-06,2026-07-06 21:49:59 UTC,70,KVUE,Kenvue Inc.,25159106,-1.3599999999999999,19.56,19.75,19.27,2.42,0.0131,37555369546
2026-07-06,2026-07-06 21:49:59 UTC,71,CLVT,Clarivate Plc,25144537,-5.79,2.44,2.6,2.305,11.39,0.0393,1559688284
2026-07-06,2026-07-06 21:49:59 UTC,72,AVGO,Broadcom Inc,24512227,3.73,373.9,383.16,371.18,3.32,0.0052,1778859236032
2026-07-06,2026-07-06 21:49:59 UTC,73,BTBT,Bit Digital Inc,24141253,5.45,1.74,1.81,1.675,8.18,0.0691,607591330
2026-07-06,2026-07-06 21:49:59 UTC,74,RKT,Rocket Companies Inc,23798835,-1.4000000000000001,15.55,15.84,15.35,3.11,0.0084,43997632177
2026-07-06,2026-07-06 21:49:59 UTC,75,SLNH,SOLUNA HOLDINGS INC,23731267,7.5600000000000005,1.28,1.4,1.21,15.97,0.1504,201916613
2026-07-06,2026-07-06 21:49:59 UTC,76,COSM,Cosmos Health Inc.,23369042,13.83,0.2699,0.285,0.235,21.09,0.3764,16754959
2026-07-06,2026-07-06 21:49:59 UTC,77,CDE,Coeur Mng Inc,23060975,-1.79,16.99,17.65,16.81,4.8,0.0224,17522380392
2026-07-06,2026-07-06 21:49:59 UTC,78,CSCO,Cisco Sys Inc,22917526,1.52,113.98,115.48,112.68,2.4899999999999998,0.0058,449244723116
2026-07-06,2026-07-06 21:49:59 UTC,79,SMR,NuScale Power Corporation,22628230,-1.54,9.61,10.12,9.55,5.84,0.0619,3512273909
2026-07-06,2026-07-06 21:49:59 UTC,80,GOOG,Alphabet Inc,22379016,2.45,364.9,365.68,354.19,3.2199999999999998,0.0018,4421048375240
2026-07-06,2026-07-06 21:49:59 UTC,81,TE,T1 Energy,22026623,1.05,8.65,9.3,8.35,11.1,0.0789,2413943191
2026-07-06,2026-07-06 21:49:59 UTC,82,RIG,Transocean,22014070,-2.5700000000000003,4.93,5.14,4.93,4.15,0.0197,5504054997
2026-07-06,2026-07-06 21:49:59 UTC,83,NKE,Nike Inc Cl B,21955942,-1.7000000000000002,43.34,44.11,41.84,5.1499999999999995,0.0148,64181644010
2026-07-06,2026-07-06 21:49:59 UTC,84,CRWV,"CoreWeave, Inc.",21839355,5.7700000000000005,86.46,87.54,82.5,6.16,0.04,47170012115
2026-07-06,2026-07-06 21:49:59 UTC,85,QXO,QXO Inc,21448114,-2.4699999999999998,15.81,16.27,15.66,3.7600000000000002,0.0207,16407702504
2026-07-06,2026-07-06 21:49:59 UTC,86,DNN,Denison Mines,21440219,1.25,3.24,3.36,3.21,4.38,0.0237,2932254956
2026-07-06,2026-07-06 21:49:59 UTC,87,BB,Blackberry,21104382,-1.13,11.38,12.08,11.15,8.04,0.036,6669822904
2026-07-06,2026-07-06 21:49:59 UTC,88,AGNC,Agnc Invt Corp,21097945,1.55,11.17,11.22,10.97,2.27,0.0184,12822369968
2026-07-06,2026-07-06 21:49:59 UTC,89,CPNG,Coupang Inc,20318689,3.18,19.15,19.35,18.52,4.47,0.0113,34375479449
2026-07-06,2026-07-06 21:49:59 UTC,90,RKLB,Rocket Lab Usa Inc,20286402,-7.340000000000001,93.09,102.1,92.3,9.76,0.035,53886773247
2026-07-06,2026-07-06 21:49:59 UTC,91,HTZ,Hertz Global Hld,20130417,-3.3000000000000003,2.05,2.24,2.025,10.14,0.0572,721784688
2026-07-06,2026-07-06 21:49:59 UTC,92,WEN,Wendys Co,20128646,-8.14,7.9,8.72,7.81,10.58,0.1057,1504797056
2026-07-06,2026-07-06 21:49:59 UTC,93,VALE,Vale S A,19910761,0.67,15.09,15.22,15.01,1.37,0.0047,64351814332
2026-07-06,2026-07-06 21:49:59 UTC,94,AUR,Aurora Innovation Inc,19689960,2.41,6.79,6.99,6.57,6.23,0.01,13316568974
2026-07-06,2026-07-06 21:49:59 UTC,95,RGTI,Rigetti Computing Inc,19584814,0.11,17.96,18.71,17.76,5.3,0.0589,5969882573
2026-07-06,2026-07-06 21:49:59 UTC,96,WIT,Wipro,19255955,-2.65,1.84,1.89,1.83,2.65,0.0018,19304625543
2026-07-06,2026-07-06 21:49:59 UTC,97,TDTH,Trident Digital Tech Holdings Ltd,19091365,15.920000000000002,1.82,2.34,1.46,56.04,4.0459,8588319
2026-07-06,2026-07-06 21:49:59 UTC,98,KO,Coca Cola Co,18988129,-1.4000000000000001,82.96,84.56,82.32,2.64,0.0044,356933941397
2026-07-06,2026-07-06 21:49:59 UTC,99,DVN,Devon Energy Corp,18700775,-0.27,40.36,40.71,40.05,1.63,0.0162,46551349398
2026-07-06,2026-07-06 21:49:59 UTC,100,ESI,Element Solutions Inc,18528833,-3.02,42.32,44.31,41.07,7.42,0.0761,10309456619
2026-07-07,2026-07-07 21:50:00 UTC,1,CPOP,"Pop Culture Group Co., Ltd",433464383,10.4,0.1019,0.13,0.08,54.169999999999995,2.8655,15414654
2026-07-07,2026-07-07 21:50:00 UTC,2,CCHH,CCH Holdings Ltd.,151437862,-22.25,0.3498,0.7491,0.2715,106.13,3.7907,13974510
2026-07-07,2026-07-07 21:50:00 UTC,3,INTC,Intel Corp,139832730,-9.66,110.39,116.47,108.3,6.69,0.0278,554820140000
2026-07-07,2026-07-07 21:50:00 UTC,4,AAL,American Airline,136154641,-3.1,17.2,17.76,17.03,4.109999999999999,0.2059,11375824356
2026-07-07,2026-07-07 21:50:00 UTC,5,NVDA,Nvidia Corporation,123840981,0.7100000000000001,196.93,198.41,191.14,3.71,0.0051,4765706000000
2026-07-07,2026-07-07 21:50:00 UTC,6,YHC,LQR House Inc.,117368232,2.56,0.04,0.0401,0.0346,14.099999999999998,5.4932,854648
2026-07-07,2026-07-07 21:50:00 UTC,7,RIVN,"Rivian Automotive, Inc. / De",90774928,-18.12,16.49,18.09,16.38,8.49,0.072,20784374841
2026-07-07,2026-07-07 21:50:00 UTC,8,BJDX,Bluejay Diagnostics Inc,89583686,25.0,1.45,1.8,1.26,46.550000000000004,86.5783,1500336
2026-07-07,2026-07-07 21:50:00 UTC,9,SKIN,Skinhealth Systems Inc,87757841,47.04,1.11,1.18,0.7715,54.11,0.6771,143856044
2026-07-07,2026-07-07 21:50:00 UTC,10,OPEN,Opendoor Technologies Inc,87280450,-5.89,4.79,5.2,4.76,8.64,0.0905,4621088467
2026-07-07,2026-07-07 21:50:00 UTC,11,SPCX,Space Exploration Technologies Corp,83489398,-6.83,149.47,159.3,148.86,6.510000000000001,0.0064,1954449567707
2026-07-07,2026-07-07 21:50:00 UTC,12,SUGP,SU Group Holdings Limited,83384380,-6.890000000000001,0.768,0.96,0.7319,27.66,18.6761,3428944
2026-07-07,2026-07-07 21:50:00 UTC,13,CLRO,Clearone Inc,82939389,97.71,13.84,16.5,8.13,119.57,31.0007,37027702
2026-07-07,2026-07-07 21:50:00 UTC,14,CRNX,Crinetics Pharmaceuticals,80920319,98.74000000000001,83.53,83.63,83.43,0.48,0.7675,8807420574
2026-07-07,2026-07-07 21:50:00 UTC,15,SOFI,Sofi Technologies Inc,77520110,-4.62,17.75,18.75,17.7,5.64,0.0604,22768656300
2026-07-07,2026-07-07 21:50:00 UTC,16,PATH,Uipath Inc,73342573,-1.52,11.65,12.32,11.56,6.38,0.1416,6036101098
2026-07-07,2026-07-07 21:50:00 UTC,17,TVRD,Tvardi Therapeutics Inc,70678721,54.230000000000004,3.1,3.86,2.06,89.05,7.534,29082166
2026-07-07,2026-07-07 21:50:00 UTC,18,NU,Nu Hldgs Ltd,70609938,-3.2,13.61,14.38,13.61,5.48,0.0145,66168298426
2026-07-07,2026-07-07 21:50:00 UTC,19,GPUS,Hyperscale Data Inc.,70123404,-3.45,0.1345,0.1395,0.1267,9.19,0.1519,62086141
2026-07-07,2026-07-07 21:50:00 UTC,20,NOK,Nokia,69409170,-5.28,11.85,12.35,11.75,4.8,0.0124,66273638136
2026-07-07,2026-07-07 21:50:00 UTC,21,PLUG,Plug Power,66944766,-6.0600000000000005,2.48,2.65,2.42,8.709999999999999,0.048,3459771323
2026-07-07,2026-07-07 21:50:00 UTC,22,T,At&T,66439427,2.48,21.09,21.27,20.86,1.9900000000000002,0.0096,146540466030
2026-07-07,2026-07-07 21:50:00 UTC,23,BYAH,PARK HA BIOLOGICAL TECHNOLOGY,62018354,5.029999999999999,0.75,1.02,0.688,46.489999999999995,10.2371,4543662
2026-07-07,2026-07-07 21:50:00 UTC,24,COSM,Cosmos Health Inc.,61304116,-4.89,0.2567,0.3073,0.24,24.94,0.9875,15935524
2026-07-07,2026-07-07 21:50:00 UTC,25,ONDS,Ondas Holdings Inc.,59804396,-6.01,7.35,7.86,7.32,6.78,0.1136,3870074571
2026-07-07,2026-07-07 21:50:00 UTC,26,EOSE,Eos Energy Enterprises Inc,55736527,-6.32,4.74,5.27,4.39,17.39,0.1578,1673896184
2026-07-07,2026-07-07 21:50:00 UTC,27,AMC,Amc Entmt Hldgs Inc,53408380,-1.15,1.72,1.74,1.65,5.17,0.0598,1535279977
2026-07-07,2026-07-07 21:50:00 UTC,28,PLTR,Palantir Technologies Inc,52493046,1.38,134.37,138.9,131.46,5.609999999999999,0.0219,322126810349
2026-07-07,2026-07-07 21:50:00 UTC,29,MU,Micron Technology Inc,52015135,-4.71,938.38,942.02,891.66,5.11,0.0461,1059799945035
2026-07-07,2026-07-07 21:50:00 UTC,30,WULF,Terawulf Inc,51233704,-8.870000000000001,20.24,21.89,19.09,12.61,0.1034,10029580734
2026-07-07,2026-07-07 21:50:00 UTC,31,ORCL,Oracle Corp,47093290,-1.5,141.6,145.56,137.55,5.56,0.0163,407874693600
2026-07-07,2026-07-07 21:50:00 UTC,32,GRAB,Grab Holdings Limited,45862496,2.08,3.93,3.995,3.88,2.9899999999999998,0.0112,16073700000
2026-07-07,2026-07-07 21:50:00 UTC,33,JOBY,Joby Aviation Inc,45269938,-8.97,8.12,8.86,8.02,9.39,0.046,7987179958
2026-07-07,2026-07-07 21:50:00 UTC,34,PFE,Pfizer,44032282,1.48,24.07,24.35,23.93,1.77,0.0077,137185621147
2026-07-07,2026-07-07 21:50:00 UTC,35,TE,T1 Energy,43841625,-19.650000000000002,6.95,8.4,6.91,17.23,0.1571,1939526610
2026-07-07,2026-07-07 21:50:00 UTC,36,F,Ford Mtr Co Del,43785118,-1.95,13.56,13.8,13.55,1.81,0.011,54032432062
2026-07-07,2026-07-07 21:50:00 UTC,37,AAPL,Apple Inc,42427793,-0.64,310.66,315.48,310.15,1.7000000000000002,0.0029,4562774014960
2026-07-07,2026-07-07 21:50:00 UTC,38,IREN,IREN Ltd,42141970,-9.33,39.82,42.71,39.2,8.01,0.1179,14229031905
2026-07-07,2026-07-07 21:50:00 UTC,39,AMZN,Amazon Com,40505834,0.75,245.98,248.93,242.7,2.55,0.0038,2646033779067
2026-07-07,2026-07-07 21:50:00 UTC,40,TDTH,Trident Digital Tech Holdings Ltd,40384429,40.660000000000004,2.56,3.16,2.37,43.41,8.5581,12080273
2026-07-07,2026-07-07 21:50:00 UTC,41,SMCI,Super Micro Computer Inc,38870415,-3.46,26.25,26.97,25.41,5.76,0.0601,16979349896
2026-07-07,2026-07-07 21:50:00 UTC,42,TSLA,Tesla Inc,38047724,-4.02,402.9,419.56,401.88,4.21,0.0101,1513181147625
2026-07-07,2026-07-07 21:50:00 UTC,43,TOVX,THERIVA BIOLOGICS INC,37434065,-7.07,0.2354,0.2997,0.2279,26.490000000000002,0.8157,10803134
2026-07-07,2026-07-07 21:50:00 UTC,44,SBEV,Splash Beverage Group Inc,36919973,-23.16,0.1599,0.174,0.143,14.799999999999999,2.399,2460835
2026-07-07,2026-07-07 21:50:00 UTC,45,SNAP,Snap Inc,36828741,-2.11,4.65,4.81,4.605,4.32,0.0222,7705798343
2026-07-07,2026-07-07 21:50:00 UTC,46,MRVL,Marvell Technology Inc,36037711,-7.449999999999999,230.7,237.44,222.94,5.82,0.0412,201816360000
2026-07-07,2026-07-07 21:50:00 UTC,47,KEEL,Keel Infrastructure Corp,34706758,-8.260000000000002,4.44,4.65,4.3,7.23,0.0575,2680999210
2026-07-07,2026-07-07 21:50:00 UTC,48,VZ,Verizon Comms,34655369,1.24,42.59,43.5,42.42,2.5700000000000003,0.0083,177837053976
2026-07-07,2026-07-07 21:50:00 UTC,49,SOUN,SOUNDHOUND AI INC,34401651,-4.6,6.64,6.98,6.55,6.18,0.0795,2873590376
2026-07-07,2026-07-07 21:50:00 UTC,50,TNMG,TNL Mediagene,34384102,-5.7700000000000005,0.49,0.5158,0.4421,14.17,11.7302,1436316
2026-07-07,2026-07-07 21:50:00 UTC,51,BBAI,BIGBEAR AI HLDGS INC,34183823,-4.19,3.43,3.61,3.38,6.419999999999999,0.0714,1642796613
2026-07-07,2026-07-07 21:50:00 UTC,52,RIG,Transocean,34127733,1.83,5.02,5.12,4.91,4.26,0.0306,5604534703
2026-07-07,2026-07-07 21:50:00 UTC,53,RWT,Redwood Trust,33901926,3.74,4.72,4.935,4.55,8.459999999999999,0.2707,591018278
2026-07-07,2026-07-07 21:50:00 UTC,54,BB,Blackberry,33830951,-2.46,11.1,11.5,10.66,7.380000000000001,0.0577,6505714784
2026-07-07,2026-07-07 21:50:00 UTC,55,NFLX,Netflix Inc,33192322,0.21,76.18,78.19,76.1,2.74,0.0079,320778631863
2026-07-07,2026-07-07 21:50:00 UTC,56,CMCSA,Comcast Corp,32996719,0.13,23.41,24.24,23.37,3.6999999999999997,0.0092,83625870519
2026-07-07,2026-07-07 21:50:00 UTC,57,BMNR,Bitmine Immersion Technologies Inc,32546432,-4.82,14.8,15.76,14.76,6.43,0.0605,7956906521
2026-07-07,2026-07-07 21:50:00 UTC,58,SKYQ,Sky Quarry Inc,32281490,41.510000000000005,3.0,3.3,2.39,42.92,6.7328,14383938
2026-07-07,2026-07-07 21:50:00 UTC,59,QS,Quantumscape Corp,31396181,-6.22,6.79,7.16,6.64,7.109999999999999,0.051,4176835066
2026-07-07,2026-07-07 21:50:00 UTC,60,MARA,MARA Holdings Inc,30549177,-6.950000000000001,12.05,12.79,11.74,8.07,0.0801,4594309561
2026-07-07,2026-07-07 21:50:00 UTC,61,SMR,NuScale Power Corporation,29952239,-6.76,8.96,9.46,8.64,8.51,0.082,3274711157
2026-07-07,2026-07-07 21:50:00 UTC,62,HL,Hecla Mining Co,29847748,-5.47,15.56,16.23,15.2,6.260000000000001,0.0445,10436284990
2026-07-07,2026-07-07 21:50:00 UTC,63,ACHR,Archer Aviation Inc,29475241,-8.19,4.93,5.35,4.83,9.68,0.0388,3744818184
2026-07-07,2026-07-07 21:50:00 UTC,64,BAC,Bank of America Corp,29290603,-0.06999999999999999,59.86,60.83,59.79,1.73,0.0041,424801916368
2026-07-07,2026-07-07 21:50:00 UTC,65,MSFT,Microsoft Corp,29212484,0.54,388.84,395.57,388.22,1.9,0.0039,2888472550303
2026-07-07,2026-07-07 21:50:00 UTC,66,AMD,Advanced Micro Devices Inc,29068749,-6.510000000000001,516.11,524.97,503.11,3.9600000000000004,0.0178,841569295794
2026-07-07,2026-07-07 21:50:00 UTC,67,RXRX,"Recursion Pharmaceuticals, Inc.",28827648,-3.0300000000000002,3.84,4.05,3.81,6.0600000000000005,0.0544,2034835964
2026-07-07,2026-07-07 21:50:00 UTC,68,RKT,Rocket Companies Inc,28633641,-5.92,14.63,15.55,14.42,7.2700000000000005,0.0101,41394556832
2026-07-07,2026-07-07 21:50:00 UTC,69,VALE,Vale S A,27753140,-2.65,14.69,14.98,14.64,2.22,0.0065,62646000831
2026-07-07,2026-07-07 21:50:00 UTC,70,FIG,Figma,26879258,5.27,22.19,23.42,21.8,7.6899999999999995,0.0509,11724676154
2026-07-07,2026-07-07 21:50:00 UTC,71,RGTI,Rigetti Computing Inc,26856470,-7.85,16.55,17.55,16.24,7.24,0.0808,5501200255
2026-07-07,2026-07-07 21:50:00 UTC,72,HBAN,Huntington Bancshares Inc,26790483,0.67,18.01,18.17,17.95,1.23,0.0132,36508621871
2026-07-07,2026-07-07 21:50:00 UTC,73,RKLB,Rocket Lab Usa Inc,26069072,-10.4,83.41,90.74,82.85,8.42,0.0436,49894211566
2026-07-07,2026-07-07 21:50:00 UTC,74,BATL,Battalion Oil Corp,25854192,25.35,1.78,1.93,1.451,33.71,1.1742,39193551
2026-07-07,2026-07-07 21:50:00 UTC,75,BTE,Baytex Energy,25547370,4.16,4.01,4.04,3.88,4.15,0.0359,2857500079
2026-07-07,2026-07-07 21:50:00 UTC,76,CIFR,Cipher Digital Inc,24742327,-5.800000000000001,20.47,21.2,19.51,7.8,0.0605,8373237062
2026-07-07,2026-07-07 21:50:00 UTC,77,UMC,United Microelec,24551650,-7.739999999999999,23.83,24.47,23.34,4.34,0.0098,59941909890
2026-07-07,2026-07-07 21:50:00 UTC,78,BTG,B2Gold,24171578,-2.7199999999999998,3.94,4.05,3.88,4.2,0.0181,5263491530
2026-07-07,2026-07-07 21:50:00 UTC,79,AVGO,Broadcom Inc,24070445,-0.83,370.78,372.96,362.01,2.93,0.0051,1764015585814
2026-07-07,2026-07-07 21:50:00 UTC,80,GOOGL,Alphabet Inc,24013059,0.16,367.03,373.16,365.5,2.09,0.002,4446854988118
2026-07-07,2026-07-07 21:50:00 UTC,81,HTZ,Hertz Global Hld,23681681,2.44,2.1,2.24,2.05,9.27,0.0673,739389193
2026-07-07,2026-07-07 21:50:00 UTC,82,JBLU,Jetblue Awys Corp,23347717,-5.609999999999999,5.72,6.14,5.66,7.9399999999999995,0.0628,2127948073
2026-07-07,2026-07-07 21:50:00 UTC,83,BYND,Beyond Meat,23336046,-3.3000000000000003,0.7102,0.745,0.7056,5.36,0.0453,365996166
2026-07-07,2026-07-07 21:50:00 UTC,84,CRWV,"CoreWeave, Inc.",23327167,-3.39,83.53,85.31,79.46,6.75,0.0428,45571491001
2026-07-07,2026-07-07 21:50:00 UTC,85,DNN,Denison Mines,23007997,-2.78,3.15,3.24,3.09,4.63,0.0254,2850803430
2026-07-07,2026-07-07 21:50:00 UTC,86,BTBT,Bit Digital Inc,22851410,-5.17,1.65,1.74,1.565,10.059999999999999,0.0654,576164193
2026-07-07,2026-07-07 21:50:00 UTC,87,NOW,Servicenow Inc,22291888,2.59,110.73,113.79,109.04,4.3999999999999995,0.0216,114196734840
2026-07-07,2026-07-07 21:50:00 UTC,88,NIO,Nio Inc.,22213653,-2.79,4.88,5.12,4.88,4.78,0.0089,12227655067
2026-07-07,2026-07-07 21:50:00 UTC,89,HOOD,"Robinhood Markets, Inc.",21784425,-3.9600000000000004,112.9,117.85,112.53,4.53,0.0242,101667020935
2026-07-07,2026-07-07 21:50:00 UTC,90,MBGL,Mobility Global Inc WI,21718750,10.07,21.2,21.42,19.25,11.27,0.0736,6255635792
2026-07-07,2026-07-07 21:50:00 UTC,91,CDE,Coeur Mng Inc,21597858,-5.59,16.04,16.87,15.77,6.47,0.0209,16542612213
2026-07-07,2026-07-07 21:50:00 UTC,92,QXO,QXO Inc,21388594,-3.54,15.25,15.95,15.18,4.87,0.0206,15826531511
2026-07-07,2026-07-07 21:50:00 UTC,93,FRSH,Freshworks Inc.,21168657,2.06,10.38,10.82,10.25,5.58,0.0766,2869386653
2026-07-07,2026-07-07 21:50:00 UTC,94,ABEV,Ambev,20867002,-2.2800000000000002,3.0,3.13,3.0,4.2299999999999995,0.0013,46790082000
2026-07-07,2026-07-07 21:50:00 UTC,95,AUR,Aurora Innovation Inc,20864002,-7.07,6.31,6.78,6.29,7.22,0.0106,12375191491
2026-07-07,2026-07-07 21:50:00 UTC,96,PBR,Petroleo Brasileiro S.A. Petrobras,20810041,2.46,16.66,16.8,16.34,2.8000000000000003,0.0032,107363143907
2026-07-07,2026-07-07 21:50:00 UTC,97,QBTS,D Wave Quantum,20552796,-6.65,21.06,22.39,20.52,8.28,0.056,7723493877
2026-07-07,2026-07-07 21:50:00 UTC,98,VTAK,Catheter Precision,20296424,-6.98,0.7127,0.7799,0.61,22.17,7.5382,1918925
2026-07-07,2026-07-07 21:50:00 UTC,99,CVNA,Carvana,20215539,-4.109999999999999,67.49,71.29,65.98,7.539999999999999,0.0184,74025444092
2026-07-07,2026-07-07 21:50:00 UTC,100,WMT,Walmart,19902006,0.8,111.54,113.5,111.3,1.9900000000000002,0.0025,887644148948
2026-07-08,2026-07-08 21:49:58 UTC,1,EDBL,Edible Garden AG Inc,471012562,32.269999999999996,0.116,0.151,0.1038,50.970000000000006,86.1191,634440
2026-07-08,2026-07-08 21:49:58 UTC,2,VTAK,Catheter Precision,191815695,92.23,1.37,1.74,1.2,75.77000000000001,71.2415,3688688
2026-07-08,2026-07-08 21:49:58 UTC,3,AAL,American Airline,176639138,-3.95,16.52,16.91,16.11,4.65,0.2671,10926082463
2026-07-08,2026-07-08 21:49:58 UTC,4,NVDA,Nvidia Corporation,146916619,3.65,204.12,205.16,195.06,5.1,0.0061,4939704000000
2026-07-08,2026-07-08 21:49:58 UTC,5,ONFO,Onfolio Holdings,142225748,-28.810000000000002,0.2805,0.5869,0.2222,92.39,20.2016,1974812
2026-07-08,2026-07-08 21:49:58 UTC,6,BATL,Battalion Oil Corp,139088431,-7.870000000000001,1.64,2.42,1.43,55.620000000000005,6.3168,36110912
2026-07-08,2026-07-08 21:49:58 UTC,7,RIVN,"Rivian Automotive, Inc. / De",110826760,1.03,16.66,16.79,15.43,8.24,0.0879,20998646746
2026-07-08,2026-07-08 21:49:58 UTC,8,INTC,Intel Corp,105079786,-0.13999999999999999,110.24,110.49,104.41,5.510000000000001,0.0209,554066240000
2026-07-08,2026-07-08 21:49:58 UTC,9,OPEN,Opendoor Technologies Inc,101930438,0.0,4.79,4.835,4.535,6.16,0.1057,4621088467
2026-07-08,2026-07-08 21:49:58 UTC,10,SOFI,Sofi Technologies Inc,90127892,-0.11,17.73,17.75,17.08,3.7699999999999996,0.0703,22743001476
2026-07-08,2026-07-08 21:49:58 UTC,11,CPOP,"Pop Culture Group Co., Ltd",82744726,-31.31,0.07,0.0743,0.055,18.84,0.547,10589066
2026-07-08,2026-07-08 21:49:58 UTC,12,AMC,Amc Entmt Hldgs Inc,78521595,11.05,1.91,1.96,1.6,20.93,0.088,1704874858
2026-07-08,2026-07-08 21:49:58 UTC,13,BIYA,Baiya International Group Inc,77910674,24.21,0.513,0.6354,0.2988,81.47999999999999,13.2345,3019990
2026-07-08,2026-07-08 21:49:58 UTC,14,NU,Nu Hldgs Ltd,65771830,-1.76,13.37,13.54,13.3,1.7999999999999998,0.0135,65001480525
2026-07-08,2026-07-08 21:49:58 UTC,15,T,At&T,63912570,0.13999999999999999,21.12,21.43,20.81,2.92,0.0092,146748916195
2026-07-08,2026-07-08 21:49:58 UTC,16,QXO,QXO Inc,63883204,-3.8699999999999997,14.66,15.05,13.82,7.9,0.0616,15214226357
2026-07-08,2026-07-08 21:49:58 UTC,17,SRXH,SRX GLOBAL INC,62768198,45.93,1.97,2.5,0.9601,114.07000000000001,6.3805,19380032
2026-07-08,2026-07-08 21:49:58 UTC,18,ONDS,Ondas Holdings Inc.,61613961,2.31,7.52,7.61,7.22,5.3100000000000005,0.1081,4285186332
2026-07-08,2026-07-08 21:49:58 UTC,19,SPCX,Space Exploration Technologies Corp,60654772,-0.7799999999999999,148.3,152.93,145.2,5.17,0.0046,1939150805452
2026-07-08,2026-07-08 21:49:58 UTC,20,YHC,LQR House Inc.,60631914,-8.75,0.0365,0.0385,0.0339,11.25,2.8377,779866
2026-07-08,2026-07-08 21:49:58 UTC,21,SKYQ,Sky Quarry Inc,59089973,27.33,3.82,4.39,3.14,41.67,12.3242,18315547
2026-07-08,2026-07-08 21:49:58 UTC,22,NOK,Nokia,58059563,0.84,11.95,11.98,11.58,3.29,0.0104,66832909344
2026-07-08,2026-07-08 21:49:58 UTC,23,PATH,Uipath Inc,57998674,-1.97,11.42,11.55,11.25,2.58,0.1119,5916933437
2026-07-08,2026-07-08 21:49:58 UTC,24,ESPR,Esperion Therape,51729083,0.95,3.19,3.19,3.16,0.95,0.2007,822041776
2026-07-08,2026-07-08 21:49:58 UTC,25,VIVK,Vivakor,51372727,2.54,0.323,0.3978,0.306,29.14,1.0338,16051075
2026-07-08,2026-07-08 21:49:58 UTC,26,CAN,Canaan Inc.,50821637,25.919999999999998,0.3362,0.348,0.265,31.05,0.066,258931093
2026-07-08,2026-07-08 21:49:58 UTC,27,INFY,Infosys,44311939,-3.02,10.93,11.25,10.88,3.2800000000000002,0.0109,44336015794
2026-07-08,2026-07-08 21:49:58 UTC,28,F,Ford Mtr Co Del,43959885,-0.44,13.5,13.57,13.24,2.4299999999999997,0.011,53793350505
2026-07-08,2026-07-08 21:49:58 UTC,29,PLUG,Plug Power,43705829,-0.8099999999999999,2.46,2.51,2.36,6.05,0.0313,3431869941
2026-07-08,2026-07-08 21:49:58 UTC,30,VALE,Vale S A,43701921,-4.36,14.05,14.43,13.98,3.06,0.0102,59916699229
2026-07-08,2026-07-08 21:49:58 UTC,31,LUCY,Lucyd Inc,43282721,-15.75,1.07,1.72,1.0,56.69,6.759,6851988
2026-07-08,2026-07-08 21:49:58 UTC,32,WULF,Terawulf Inc,42748061,12.8,22.83,22.9,20.85,10.13,0.0863,11313010285
2026-07-08,2026-07-08 21:49:58 UTC,33,MU,Micron Technology Inc,42629473,1.11,948.8,959.0,900.41,6.239999999999999,0.0377,1071568221668
2026-07-08,2026-07-08 21:49:58 UTC,34,RIG,Transocean,42574098,4.18,5.23,5.29,5.11,3.55,0.0381,5838987350
2026-07-08,2026-07-08 21:49:58 UTC,35,GRAB,Grab Holdings Limited,42284217,-3.05,3.81,4.0,3.8,5.09,0.0103,15582900000
2026-07-08,2026-07-08 21:49:58 UTC,36,AAPL,Apple Inc,41299676,0.88,313.39,314.82,307.05,2.5,0.0028,4602870496840
2026-07-08,2026-07-08 21:49:58 UTC,37,FRSH,Freshworks Inc.,41163115,-2.02,10.17,10.34,10.01,3.1300000000000003,0.1489,2811335478
2026-07-08,2026-07-08 21:49:58 UTC,38,PLTR,Palantir Technologies Inc,40519625,-1.6,132.22,132.39,126.71,4.22,0.0169,316972589598
2026-07-08,2026-07-08 21:49:58 UTC,39,TVRD,Tvardi Therapeutics Inc,38805328,61.29,5.0,5.69,3.02,86.13,4.1364,46906720
2026-07-08,2026-07-08 21:49:58 UTC,40,BABA,Alibaba Group Hldg Ltd,38728338,11.05,108.98,109.82,105.65,4.25,0.0161,261457622775
2026-07-08,2026-07-08 21:49:58 UTC,41,PFE,Pfizer,38128202,-0.08,24.05,24.37,23.89,1.9900000000000002,0.0067,137071632264
2026-07-08,2026-07-08 21:49:58 UTC,42,NVVE,Nuvve Holding Corp,37741133,63.580000000000005,8.49,11.98,4.935,135.73,71.9356,4454295
2026-07-08,2026-07-08 21:49:58 UTC,43,GPUS,Hyperscale Data Inc.,37624112,-2.08,0.1317,0.132,0.125,5.2,0.0815,60793642
2026-07-08,2026-07-08 21:49:58 UTC,44,TE,T1 Energy,37335324,5.76,7.35,7.42,6.46,13.74,0.1338,2051154040
2026-07-08,2026-07-08 21:49:58 UTC,45,SMCI,Super Micro Computer Inc,37082539,7.31,28.17,28.22,26.03,8.34,0.0573,18221268060
2026-07-08,2026-07-08 21:49:58 UTC,46,TPET,TRIO PETROLEUM CORP,36340449,-10.68,0.301,0.3401,0.2883,15.370000000000001,0.8209,13324569
2026-07-08,2026-07-08 21:49:58 UTC,47,BYND,Beyond Meat,36220001,-4.29,0.6797,0.705,0.6677,5.25,0.0703,350278223
2026-07-08,2026-07-08 21:49:58 UTC,48,IREN,IREN Ltd,34797934,8.01,43.01,43.06,40.28,6.98,0.0974,15369069875
2026-07-08,2026-07-08 21:49:58 UTC,49,ORCL,Oracle Corp,34497497,-0.7799999999999999,140.49,141.84,137.55,3.0300000000000002,0.012,404677370790
2026-07-08,2026-07-08 21:49:58 UTC,50,NFLX,Netflix Inc,34313267,-0.77,75.59,76.64,74.89,2.27,0.0081,318294260731
2026-07-08,2026-07-08 21:49:58 UTC,51,CDE,Coeur Mng Inc,33777508,-4.99,15.24,15.9,14.83,6.63,0.0328,15717544272
2026-07-08,2026-07-08 21:49:58 UTC,52,TSLA,Tesla Inc,33760154,-2.19,394.06,399.63,390.51,2.26,0.009,1479980548606
2026-07-08,2026-07-08 21:49:58 UTC,53,QS,Quantumscape Corp,33737256,-2.36,6.63,6.75,6.38,5.45,0.0548,4078411853
2026-07-08,2026-07-08 21:49:58 UTC,54,FIG,Figma,32760273,-2.34,21.67,22.24,21.34,4.03,0.062,11449920336
2026-07-08,2026-07-08 21:49:58 UTC,55,RKT,Rocket Companies Inc,32719646,-3.2099999999999995,14.16,14.26,13.75,3.49,0.0116,40064724863
2026-07-08,2026-07-08 21:49:58 UTC,56,CCHH,CCH Holdings Ltd.,31785268,-25.7,0.2599,0.3636,0.2182,41.57,0.7956,10383005
2026-07-08,2026-07-08 21:49:58 UTC,57,MARA,MARA Holdings Inc,31746260,-0.25,12.02,12.12,11.59,4.3999999999999995,0.0833,4582871446
2026-07-08,2026-07-08 21:49:58 UTC,58,AVGO,Broadcom Inc,31587326,4.83,388.69,395.09,376.89,4.91,0.0066,1849223847160
2026-07-08,2026-07-08 21:49:58 UTC,59,SNAP,Snap Inc,30908255,-0.43,4.63,4.65,4.51,3.01,0.0187,7672655124
2026-07-08,2026-07-08 21:49:58 UTC,60,BTG,B2Gold,30828398,-4.06,3.78,3.88,3.7,4.31,0.0231,5049745681
2026-07-08,2026-07-08 21:49:58 UTC,61,BAC,Bank of America Corp,29796008,-2.6100000000000003,58.3,59.57,58.3,2.1,0.0042,413731234953
2026-07-08,2026-07-08 21:49:58 UTC,62,AMZN,Amazon Com,29627310,-0.96,243.62,244.8,240.52,1.7399999999999998,0.0028,2620647000798
2026-07-08,2026-07-08 21:49:58 UTC,63,HL,Hecla Mining Co,29465430,-3.02,15.09,15.52,14.67,5.489999999999999,0.0439,10121050161
2026-07-08,2026-07-08 21:49:58 UTC,64,DNN,Denison Mines,29198787,-1.27,3.11,3.19,2.98,6.67,0.0323,2814602751
2026-07-08,2026-07-08 21:49:58 UTC,65,JOBY,Joby Aviation Inc,28645625,-2.34,7.93,8.16,7.9,3.2,0.0291,7800287816
2026-07-08,2026-07-08 21:49:58 UTC,66,BMNR,Bitmine Immersion Technologies Inc,28258754,0.41000000000000003,14.86,14.92,14.1,5.54,0.0526,7989164250
2026-07-08,2026-07-08 21:49:58 UTC,67,KEEL,Keel Infrastructure Corp,27651496,2.7,4.56,4.62,4.3,7.21,0.0458,2753458648
2026-07-08,2026-07-08 21:49:58 UTC,68,CCL,Carnival Corporation Ltd.,27572480,-3.9,25.64,26.11,25.27,3.11,0.0201,35117803411
2026-07-08,2026-07-08 21:49:58 UTC,69,SOUN,SOUNDHOUND AI INC,27367345,2.41,6.8,6.82,6.48,5.050000000000001,0.0632,2942833518
2026-07-08,2026-07-08 21:49:58 UTC,70,LHAI,Linkhome Holdings Inc.,27207963,13.18,1.46,1.68,1.36,24.81,1.6764,23695800
2026-07-08,2026-07-08 21:49:58 UTC,71,VG,"Venture Global, Inc.",26835022,6.819999999999999,12.38,12.84,11.98,7.33,0.0108,30756352411
2026-07-08,2026-07-08 21:49:58 UTC,72,CMCSA,Comcast Corp,26670671,-0.9400000000000001,23.19,23.77,23.17,2.54,0.0075,82839980236
2026-07-08,2026-07-08 21:49:58 UTC,73,HTZ,Hertz Global Hld,26123263,-6.1899999999999995,1.97,2.06,1.93,6.1899999999999995,0.0742,693617481
2026-07-08,2026-07-08 21:49:58 UTC,74,PBR,Petroleo Brasileiro S.A. Petrobras,25926095,3.4799999999999995,17.24,17.29,16.81,2.91,0.004,111100876408
2026-07-08,2026-07-08 21:49:58 UTC,75,MSFT,Microsoft Corp,25874648,-1.41,383.34,385.31,381.33,1.02,0.0035,2847616159431
2026-07-08,2026-07-08 21:49:58 UTC,76,HBAN,Huntington Bancshares Inc,25798561,-3.05,17.46,17.95,17.3,3.64,0.0127,35393700049
2026-07-08,2026-07-08 21:49:58 UTC,77,BTBT,Bit Digital Inc,25792893,1.21,1.67,1.69,1.57,7.2700000000000005,0.0739,583148001
2026-07-08,2026-07-08 21:49:58 UTC,78,MRVL,Marvell Technology Inc,25438505,0.44,231.71,236.79,224.98,5.11,0.0291,202699908000
2026-07-08,2026-07-08 21:49:58 UTC,79,KOS,Kosmos Energy Ltd,24747473,3.62,2.29,2.38,2.2,8.14,0.0417,1358403437
2026-07-08,2026-07-08 21:49:58 UTC,80,IOTR,IOTHREE LTD,24554737,40.48,3.54,3.8,3.09,28.17,9.573,9080100
2026-07-08,2026-07-08 21:49:58 UTC,81,CRWV,"CoreWeave, Inc.",23792135,7.75,90.0,90.15,82.82,8.780000000000001,0.0436,49101331140
2026-07-08,2026-07-08 21:49:58 UTC,82,AMD,Advanced Micro Devices Inc,23720555,0.25,517.41,522.98,498.15,4.81,0.0145,843680923621
2026-07-08,2026-07-08 21:49:58 UTC,83,BBAI,BIGBEAR AI HLDGS INC,23264451,-3.5000000000000004,3.31,3.45,3.27,5.25,0.0486,1585322679
2026-07-08,2026-07-08 21:49:58 UTC,84,VZ,Verizon Comms,23040928,-0.33,42.45,43.24,42.25,2.31,0.0055,177252475729
2026-07-08,2026-07-08 21:49:58 UTC,85,SES,SES AI,22975983,1.6099999999999999,0.8214,0.83,0.7839,5.6899999999999995,0.0622,303329355
2026-07-08,2026-07-08 21:49:58 UTC,86,RXRX,"Recursion Pharmaceuticals, Inc.",22688085,-3.1300000000000003,3.72,3.808,3.63,4.64,0.0428,1971247340
2026-07-08,2026-07-08 21:49:58 UTC,87,RUN,Sunrun Inc,22646806,-1.5599999999999998,12.01,12.68,11.26,11.68,0.0949,2864976936
2026-07-08,2026-07-08 21:49:58 UTC,88,BB,Blackberry,22495543,0.18,11.12,11.18,10.8,3.42,0.0384,6517436792
2026-07-08,2026-07-08 21:49:58 UTC,89,JBLU,Jetblue Awys Corp,22482508,-2.45,5.58,5.66,5.39,4.72,0.0604,2075865428
2026-07-08,2026-07-08 21:49:58 UTC,90,RXT,"Rackspace Technology, Inc.",22409612,-2.6599999999999997,6.58,7.74,6.08,24.55,0.0899,1639884043
2026-07-08,2026-07-08 21:49:58 UTC,91,CIFR,Cipher Digital Inc,22281771,6.74,21.85,21.87,20.14,8.43,0.0545,8937724954
2026-07-08,2026-07-08 21:49:58 UTC,92,GOOGL,Alphabet Inc,22065233,-1.39,361.92,367.84,358.02,2.67,0.0018,4384943348772
2026-07-08,2026-07-08 21:49:58 UTC,93,FCX,Freeport-Mcmoran Inc,21826270,-3.08,57.5,58.87,56.0,4.84,0.0152,82659692237
2026-07-08,2026-07-08 21:49:58 UTC,94,AUR,Aurora Innovation Inc,21784668,-2.54,6.15,6.34,6.08,4.12,0.0111,12061398997
2026-07-08,2026-07-08 21:49:58 UTC,95,FCEL,Fuelcell Energy,21458261,-13.170000000000002,22.54,23.38,20.59,10.71,0.3174,1523888219
2026-07-08,2026-07-08 21:49:58 UTC,96,BTE,Baytex Energy,21309843,3.49,4.15,4.185,4.064,3.02,0.0299,2957263174
2026-07-08,2026-07-08 21:49:58 UTC,97,NKE,Nike Inc Cl B,21079321,-0.74,42.89,43.26,42.07,2.74,0.0142,63515244845
2026-07-08,2026-07-08 21:49:58 UTC,98,EOSE,Eos Energy Enterprises Inc,20952416,-4.96,4.505,4.88,4.41,9.92,0.0593,1590907660
2026-07-08,2026-07-08 21:49:58 UTC,99,OXY,Occidental Pet,20795529,3.6999999999999997,53.59,54.89,52.47,4.67,0.0209,53302473626
2026-07-08,2026-07-08 21:49:58 UTC,100,CLF,Cleveland-Cliffs Inc,20776109,-0.31,9.51,9.51,9.16,3.66,0.0364,5424643388
2026-07-09,2026-07-09 21:50:00 UTC,1,EDBL,Edible Garden AG Inc,188991483,0.0,0.116,0.1224,0.095,23.62,34.5549,634440
2026-07-09,2026-07-09 21:50:00 UTC,2,RKTO,ROCKET ONE INC,145918508,13.41,0.91,1.19,0.857,41.5,6.9411,19130473
2026-07-09,2026-07-09 21:50:00 UTC,3,NVDA,Nvidia Corporation,131759975,-0.66,202.78,204.59,198.96,2.75,0.0054,4907276000000
2026-07-09,2026-07-09 21:50:00 UTC,4,YHC,LQR House Inc.,124835476,-20.27,0.0291,0.0292,0.0261,8.49,5.8427,621756
2026-07-09,2026-07-09 21:50:00 UTC,5,AAL,American Airline,124253716,3.27,17.06,17.38,16.59,4.81,0.1879,11283230437
2026-07-09,2026-07-09 21:50:00 UTC,6,OPEN,Opendoor Technologies Inc,112217164,10.65,5.3,5.38,4.72,13.780000000000001,0.1163,5113104149
2026-07-09,2026-07-09 21:50:00 UTC,7,INTC,Intel Corp,99129463,2.09,112.54,116.77,111.51,4.760000000000001,0.0197,565626040000
2026-07-09,2026-07-09 21:50:00 UTC,8,PATH,Uipath Inc,98153569,3.3300000000000005,11.8,11.87,10.92,8.32,0.1894,6113819138
2026-07-09,2026-07-09 21:50:00 UTC,9,NU,Nu Hldgs Ltd,97895200,2.2399999999999998,13.67,13.78,13.09,5.2,0.0203,66032724071
2026-07-09,2026-07-09 21:50:00 UTC,10,NOK,Nokia,97675782,7.95,12.9,13.13,12.39,6.1899999999999995,0.0175,72145985819
2026-07-09,2026-07-09 21:50:00 UTC,11,LGHL,Lion Group Holding Ltd,85963705,13.51,0.358,0.476,0.3288,46.54,62.099,495585
2026-07-09,2026-07-09 21:50:00 UTC,12,RIVN,"Rivian Automotive, Inc. / De",83997583,8.76,18.12,18.23,16.38,11.1,0.0617,24663468542
2026-07-09,2026-07-09 21:50:00 UTC,13,ONDS,Ondas Holdings Inc.,82987980,1.73,7.65,7.88,7.47,5.45,0.1456,4359265351
2026-07-09,2026-07-09 21:50:00 UTC,14,CIRC,Circle8 Group,81914615,53.400000000000006,0.925,0.98,0.59,64.68,0.9105,83215935
2026-07-09,2026-07-09 21:50:00 UTC,15,JLHL,JULONG HOLDING LTD,80027960,317.96999999999997,12.79,14.9,3.72,365.36,3.7313,274328003
2026-07-09,2026-07-09 21:50:00 UTC,16,MARA,MARA Holdings Inc,78066807,9.98,13.22,14.41,12.65,14.680000000000001,0.2048,5040396049
2026-07-09,2026-07-09 21:50:00 UTC,17,VRAX,Virax Biolabs Group Ltd,71836695,100.0,6.36,13.19,5.86,229.76999999999998,90.141,5068519
2026-07-09,2026-07-09 21:50:00 UTC,18,SOFI,Sofi Technologies Inc,70306629,5.0200000000000005,18.62,18.63,17.71,5.19,0.0548,23884641144
2026-07-09,2026-07-09 21:50:00 UTC,19,WRAP,Wrap Technologies Inc,61611293,48.43,2.36,2.6,1.72,55.32,1.1054,131542270
2026-07-09,2026-07-09 21:50:00 UTC,20,RXT,"Rackspace Technology, Inc.",59457227,-33.589999999999996,4.37,6.42,4.3,32.22,0.2386,1089102320
2026-07-09,2026-07-09 21:50:00 UTC,21,SRXH,SRX GLOBAL INC,55880997,28.43,2.53,3.25,1.61,83.25,5.6804,24889077
2026-07-09,2026-07-09 21:50:00 UTC,22,ESPR,Esperion Therape,55349598,0.0,3.19,3.19,3.17,0.63,0.2148,822041776
2026-07-09,2026-07-09 21:50:00 UTC,23,ELPW,Elong Power Holding Limited,52736970,-11.99,0.566,0.9072,0.55,55.54,7.94,3759827
2026-07-09,2026-07-09 21:50:00 UTC,24,ZBAO,Zhibao Tech,52612868,1.68,0.296,0.4788,0.2281,86.11999999999999,1.5447,10082260
2026-07-09,2026-07-09 21:50:00 UTC,25,WULF,Terawulf Inc,50915264,1.6199999999999999,23.2,24.58,23.02,6.81,0.1027,11496357364
2026-07-09,2026-07-09 21:50:00 UTC,26,T,At&T,50834445,-0.38,21.04,21.07,20.73,1.6099999999999999,0.0073,146193049088
2026-07-09,2026-07-09 21:50:00 UTC,27,GPUS,Hyperscale Data Inc.,50661639,5.390000000000001,0.1388,0.1388,0.1316,3.64,0.1098,64071051
2026-07-09,2026-07-09 21:50:00 UTC,28,AAPL,Apple Inc,48095438,0.8999999999999999,316.22,316.53,308.16,2.67,0.0033,4644435714320
2026-07-09,2026-07-09 21:50:00 UTC,29,QXO,QXO Inc,47729121,-0.5499999999999999,14.58,15.05,14.31,5.08,0.046,15131201930
2026-07-09,2026-07-09 21:50:00 UTC,30,SPCX,Space Exploration Technologies Corp,47087338,2.6,152.16,153.5,147.59,3.9899999999999998,0.0036,1989623645028
2026-07-09,2026-07-09 21:50:00 UTC,31,F,Ford Mtr Co Del,41188480,0.8099999999999999,13.61,13.75,13.44,2.3,0.0103,54231666694
2026-07-09,2026-07-09 21:50:00 UTC,32,MU,Micron Technology Inc,40848319,4.52,991.64,1035.5,987.13,5.1,0.0362,1119951424257
2026-07-09,2026-07-09 21:50:00 UTC,33,HTZ,Hertz Global Hld,39188831,10.15,2.17,2.19,1.96,11.68,0.1113,764035499
2026-07-09,2026-07-09 21:50:00 UTC,34,IREN,IREN Ltd,38509901,-2.9899999999999998,41.72,45.54,41.58,9.21,0.1078,14909838279
2026-07-09,2026-07-09 21:50:00 UTC,35,AMZN,Amazon Com,38043177,1.4000000000000001,247.04,247.5,238.25,3.7800000000000002,0.0035,2657436315069
2026-07-09,2026-07-09 21:50:00 UTC,36,TSLA,Tesla Inc,37751357,3.17,406.55,407.86,390.86,4.31,0.0101,1526889539755
2026-07-09,2026-07-09 21:50:00 UTC,37,FIG,Figma,37088394,2.7199999999999998,22.26,22.34,20.44,8.77,0.0702,11761662514
2026-07-09,2026-07-09 21:50:00 UTC,38,PLUG,Plug Power,36694276,-3.25,2.38,2.51,2.36,6.1,0.0263,3320264415
2026-07-09,2026-07-09 21:50:00 UTC,39,AMC,Amc Entmt Hldgs Inc,36639034,-0.52,1.9,1.975,1.87,5.5,0.041,1695948812
2026-07-09,2026-07-09 21:50:00 UTC,40,JOBY,Joby Aviation Inc,36471708,0.76,7.99,8.13,7.8,4.01,0.0371,7859306387
2026-07-09,2026-07-09 21:50:00 UTC,41,NFLX,Netflix Inc,36182118,-0.16,75.47,75.55,74.02,2.02,0.0086,317788964908
2026-07-09,2026-07-09 21:50:00 UTC,42,PLTR,Palantir Technologies Inc,35193448,-2.41,129.04,129.19,124.81,3.3099999999999996,0.0147,309349137512
2026-07-09,2026-07-09 21:50:00 UTC,43,RIG,Transocean,35184851,-1.72,5.14,5.18,5.05,2.4899999999999998,0.0315,5738507644
2026-07-09,2026-07-09 21:50:00 UTC,44,ORCL,Oracle Corp,35134089,2.6599999999999997,144.22,149.07,140.94,5.79,0.0122,415421527620
2026-07-09,2026-07-09 21:50:00 UTC,45,KEEL,Keel Infrastructure Corp,34057655,6.140000000000001,4.84,5.01,4.71,6.47,0.0564,2922530670
2026-07-09,2026-07-09 21:50:00 UTC,46,SMCI,Super Micro Computer Inc,33525139,0.25,28.24,29.12,28.19,3.32,0.0518,18266546326
2026-07-09,2026-07-09 21:50:00 UTC,47,EVGN,Evogene,33246068,20.74,0.5,0.5445,0.45,22.82,2.7466,6052228
2026-07-09,2026-07-09 21:50:00 UTC,48,BYND,Beyond Meat,31405515,-0.74,0.6747,0.6908,0.6633,3.58,0.0609,347701511
2026-07-09,2026-07-09 21:50:00 UTC,49,MSFT,Microsoft Corp,31044694,0.27,384.36,384.65,373.35,2.9499999999999997,0.0042,2855193162829
2026-07-09,2026-07-09 21:50:00 UTC,50,SOUN,SOUNDHOUND AI INC,30971605,-1.76,6.68,6.71,6.37,4.89,0.0716,2890901161
2026-07-09,2026-07-09 21:50:00 UTC,51,PHGE,Biomx Inc,30354279,1.52,0.28,0.2825,0.2558,9.5,2.573,3303285
2026-07-09,2026-07-09 21:50:00 UTC,52,TE,T1 Energy,29891701,-1.22,7.26,7.7,7.13,7.79,0.1071,2026037869
2026-07-09,2026-07-09 21:50:00 UTC,53,BAC,Bank of America Corp,29201626,1.63,59.25,59.43,58.41,1.7500000000000002,0.0041,420472996071
2026-07-09,2026-07-09 21:50:00 UTC,54,PFE,Pfizer,29161847,0.83,24.25,24.3,24.01,1.21,0.0051,138211521098
2026-07-09,2026-07-09 21:50:00 UTC,55,CIFR,Cipher Digital Inc,29088668,6.45,23.26,24.09,22.42,7.64,0.0711,9514484322
2026-07-09,2026-07-09 21:50:00 UTC,56,CPOP,"Pop Culture Group Co., Ltd",28936583,-12.43,0.0613,0.066,0.056,14.29,0.1913,9272996
2026-07-09,2026-07-09 21:50:00 UTC,57,GRAB,Grab Holdings Limited,28838199,1.8399999999999999,3.88,3.88,3.78,2.62,0.0071,15869200000
2026-07-09,2026-07-09 21:50:00 UTC,58,ABEV,Ambev,28801997,0.66,3.04,3.07,3.015,1.82,0.0018,47413949760
2026-07-09,2026-07-09 21:50:00 UTC,59,VZ,Verizon Comms,28195307,-0.49,42.24,42.34,41.66,1.59,0.0068,176375608358
2026-07-09,2026-07-09 21:50:00 UTC,60,QS,Quantumscape Corp,28053775,4.22,6.91,7.04,6.63,6.260000000000001,0.0456,4250652475
2026-07-09,2026-07-09 21:50:00 UTC,61,AVGO,Broadcom Inc,28038820,3.2,401.11,407.52,387.93,5.029999999999999,0.0059,1908312993219
2026-07-09,2026-07-09 21:50:00 UTC,62,PMA,Ming Shing Group Holdings Limited,27409685,3.2,1.29,1.745,1.29,26.150000000000002,2.1125,16737750
2026-07-09,2026-07-09 21:50:00 UTC,63,RKT,Rocket Companies Inc,27177069,2.82,14.56,14.67,13.97,4.91,0.0096,41196496752
2026-07-09,2026-07-09 21:50:00 UTC,64,CMCSA,Comcast Corp,27006758,0.67,23.35,23.41,22.8,2.65,0.0076,83393675663
2026-07-09,2026-07-09 21:50:00 UTC,65,AMD,Advanced Micro Devices Inc,26865864,5.67,546.72,559.5,535.2,4.6899999999999995,0.0165,891481981354
2026-07-09,2026-07-09 21:50:00 UTC,66,AES,Aes Corp,26447630,0.61,14.73,14.82,14.62,1.3299999999999998,0.0371,10504813112
2026-07-09,2026-07-09 21:50:00 UTC,67,HPE,Hewlett Packard Enterprise Co,26400609,9.94,49.11,49.32,45.64,8.24,0.0199,65031634916
2026-07-09,2026-07-09 21:50:00 UTC,68,FRSH,Freshworks Inc.,26344981,2.26,10.4,10.42,9.75,6.569999999999999,0.0953,2874915336
2026-07-09,2026-07-09 21:50:00 UTC,69,META,Meta Platforms Inc,26294752,4.7,631.48,633.27,577.07,9.32,0.0104,1602963548009
2026-07-09,2026-07-09 21:50:00 UTC,70,SNAP,Snap Inc,26230989,1.51,4.7,4.7,4.5,4.32,0.0158,7788656389
2026-07-09,2026-07-09 21:50:00 UTC,71,STLA,Stellantis N.V,25473486,-1.3,5.33,5.36,5.25,2.04,0.0088,15443716387
2026-07-09,2026-07-09 21:50:00 UTC,72,VALE,Vale S A,25411122,1.21,14.22,14.28,13.94,2.42,0.006,60641669967
2026-07-09,2026-07-09 21:50:00 UTC,73,EOSE,Eos Energy Enterprises Inc,24989571,1.66,4.58,4.77,4.4,8.21,0.0708,1617393359
2026-07-09,2026-07-09 21:50:00 UTC,74,CRWV,"CoreWeave, Inc.",24794498,-0.33,89.7,95.14,89.37,6.4,0.0454,48937660036
2026-07-09,2026-07-09 21:50:00 UTC,75,GOOGL,Alphabet Inc,24698259,-0.84,358.89,359.65,351.08,2.37,0.002,4348232533269
2026-07-09,2026-07-09 21:50:00 UTC,76,NIO,Nio Inc.,24695277,-2.45,4.78,4.85,4.72,2.45,0.0099,11977088365
2026-07-09,2026-07-09 21:50:00 UTC,77,BB,Blackberry,24343459,2.79,11.43,11.66,11.12,4.859999999999999,0.0415,6699127926
2026-07-09,2026-07-09 21:50:00 UTC,78,SLNH,SOLUNA HOLDINGS INC,23770883,0.0,1.3,1.4,1.3,7.6899999999999995,0.1507,205071560
2026-07-09,2026-07-09 21:50:00 UTC,79,HL,Hecla Mining Co,22923204,4.64,15.79,16.06,15.36,4.64,0.0342,10590548843
2026-07-09,2026-07-09 21:50:00 UTC,80,RPGL,REPUBLIC PWR GROUP LTD,22380929,33.15,2.37,2.58,2.15,24.169999999999998,20.4418,2594815
2026-07-09,2026-07-09 21:50:00 UTC,81,RXRX,"Recursion Pharmaceuticals, Inc.",22283419,1.08,3.76,3.9,3.69,5.65,0.0421,1992443548
2026-07-09,2026-07-09 21:50:00 UTC,82,JBLU,Jetblue Awys Corp,22156222,6.09,5.92,6.0,5.6,7.17,0.0596,2202351852
2026-07-09,2026-07-09 21:50:00 UTC,83,SUNE,SUNation Energy Inc,21899862,21.33,2.56,2.83,2.28,26.07,5.3114,10555317
2026-07-09,2026-07-09 21:50:00 UTC,84,CSCO,Cisco Sys Inc,21287189,3.94,118.31,119.48,115.28,3.6900000000000004,0.0054,466311135216
2026-07-09,2026-07-09 21:50:00 UTC,85,MRVL,Marvell Technology Inc,21188545,4.99,243.27,251.7,241.1,4.569999999999999,0.0242,212812596000
2026-07-09,2026-07-09 21:50:00 UTC,86,BMNR,Bitmine Immersion Technologies Inc,20996377,-1.1400000000000001,14.69,14.9,14.52,2.52,0.0391,7897767351
2026-07-09,2026-07-09 21:50:00 UTC,87,SMR,NuScale Power Corporation,20879124,3.08,9.03,9.19,8.69,5.71,0.0571,3300294838
2026-07-09,2026-07-09 21:50:00 UTC,88,DNN,Denison Mines,20761186,1.9300000000000002,3.17,3.2,3.11,2.8899999999999997,0.0229,2868903769
2026-07-09,2026-07-09 21:50:00 UTC,89,BBAI,BIGBEAR AI HLDGS INC,20486612,0.3,3.32,3.37,3.24,3.93,0.0428,1590112174
2026-07-09,2026-07-09 21:50:00 UTC,90,BTBT,Bit Digital Inc,20463986,0.6,1.68,1.74,1.66,4.79,0.0586,586639905
2026-07-09,2026-07-09 21:50:00 UTC,91,WMT,Walmart,20450092,-0.79,112.21,112.76,111.04,1.52,0.0026,892976061982
2026-07-09,2026-07-09 21:50:00 UTC,92,IONS,Ionis Pharmaceuticals,20441371,-23.9,64.27,70.35,64.1,7.3999999999999995,0.1237,10621424474
2026-07-09,2026-07-09 21:50:00 UTC,93,BBIO,Bridgebio Pharma,20326153,15.120000000000001,90.17,93.42,84.0,12.02,0.1038,17660808191
2026-07-09,2026-07-09 21:50:00 UTC,94,PBR,Petroleo Brasileiro S.A. Petrobras,20028187,-1.22,17.03,17.28,16.88,2.32,0.0031,109747559468
2026-07-09,2026-07-09 21:50:00 UTC,95,NKE,Nike Inc Cl B,19638889,-0.26,42.78,43.06,42.13,2.17,0.0133,63352347271
2026-07-09,2026-07-09 21:50:00 UTC,96,SCNX,"Scienture Holdings, Inc",19620209,0.48,0.333,0.3399,0.29,15.06,0.4829,13530061
2026-07-09,2026-07-09 21:50:00 UTC,97,BTE,Baytex Energy,19590413,-2.41,4.05,4.15,4.042,2.6,0.0275,2886003820
2026-07-09,2026-07-09 21:50:00 UTC,98,AUR,Aurora Innovation Inc,19392253,2.11,6.28,6.44,6.08,5.8500000000000005,0.0099,12316355398
2026-07-09,2026-07-09 21:50:00 UTC,99,SOC,Sable Offshore,19031020,0.49,4.14,4.365,3.995,8.86,0.1233,639062447
2026-07-09,2026-07-09 21:50:00 UTC,100,CPNG,Coupang Inc,18939495,0.84,19.16,19.45,18.77,3.55,0.0106,34393430091
2026-07-10,2026-07-10 21:49:59 UTC,1,ZBAO,Zhibao Tech,323561609,43.18,0.4238,0.5783,0.3834,65.84,9.4993,14435345
2026-07-10,2026-07-10 21:49:59 UTC,2,DFNS,T3 Defense Inc,287406529,-18.37,0.12,0.1876,0.0831,71.09,3.0307,11379897
2026-07-10,2026-07-10 21:49:59 UTC,3,NVDA,Nvidia Corporation,148125847,4.03,210.96,211.0,201.92,4.4799999999999995,0.0061,5105232000000
2026-07-10,2026-07-10 21:49:59 UTC,4,JZXN,Jiuzi Holdings Inc,145777778,85.47,2.17,3.235,1.57,142.31,109.703,2883584
2026-07-10,2026-07-10 21:49:59 UTC,5,GMM,Global Mofy AI Ltd,137987928,147.03,4.57,5.79,3.24,137.83,70.763,8911500
2026-07-10,2026-07-10 21:49:59 UTC,6,NU,Nu Hldgs Ltd,124222833,0.66,13.76,14.15,13.74,2.93,0.0257,66467467683
2026-07-10,2026-07-10 21:49:59 UTC,7,SKHYV,SK HYNIX INC,106845225,12.76,168.01,177.0,166.19,7.26,0.0147,1224566926550
2026-07-10,2026-07-10 21:49:59 UTC,8,YHC,LQR House Inc.,92131059,-17.18,0.0241,0.025,0.0222,9.62,4.312,514925
2026-07-10,2026-07-10 21:49:59 UTC,9,ELPW,Elong Power Holding Limited,91716003,-47.0,0.3,0.3371,0.2765,10.71,13.8068,1992841
2026-07-10,2026-07-10 21:49:59 UTC,10,SOFI,Sofi Technologies Inc,91498618,0.86,18.78,19.74,18.62,6.02,0.0713,24089879736
2026-07-10,2026-07-10 21:49:59 UTC,11,HAO,Haoxi Health Technology Limited,90048765,-66.47999999999999,0.3587,1.9,0.3104,148.56,40.5164,797221
2026-07-10,2026-07-10 21:49:59 UTC,12,AAL,American Airline,82051266,-0.64,16.95,17.0,16.47,3.11,0.1241,11210478072
2026-07-10,2026-07-10 21:49:59 UTC,13,PATH,Uipath Inc,78681508,-1.02,11.68,12.23,11.51,6.0600000000000005,0.1519,6051644706
2026-07-10,2026-07-10 21:49:59 UTC,14,SUNE,SUNation Energy Inc,75677940,49.61,3.83,4.5,2.36,83.59,18.3543,15791744
2026-07-10,2026-07-10 21:49:59 UTC,15,BURU,Nuburu,74605709,4.89,0.1481,0.175,0.1407,24.08,0.4167,26512955
2026-07-10,2026-07-10 21:49:59 UTC,16,OPEN,Opendoor Technologies Inc,72811808,-10.09,4.765,5.5,4.76,13.87,0.0755,4596970051
2026-07-10,2026-07-10 21:49:59 UTC,17,FRMI,Fermi Inc.,72379065,-9.969999999999999,6.59,6.61,5.88,9.969999999999999,0.1135,4201614235
2026-07-10,2026-07-10 21:49:59 UTC,18,INTC,Intel Corp,70620501,-2.4,109.84,110.85,107.45,3.02,0.0141,552055840000
2026-07-10,2026-07-10 21:49:59 UTC,19,ONDS,Ondas Holdings Inc.,66955117,-5.1,7.26,7.73,7.21,6.800000000000001,0.1175,4137028294
2026-07-10,2026-07-10 21:49:59 UTC,20,ESPR,Esperion Therape,58813588,-0.31,3.18,3.19,3.18,0.31,0.2282,819464843
2026-07-10,2026-07-10 21:49:59 UTC,21,PLUG,Plug Power,53631725,-6.3,2.23,2.37,2.2,7.140000000000001,0.0384,3111004052
2026-07-10,2026-07-10 21:49:59 UTC,22,NOK,Nokia,50094364,-3.5700000000000003,12.44,12.62,12.26,2.79,0.009,69573338262
2026-07-10,2026-07-10 21:49:59 UTC,23,T,At&T,49765413,1.77,21.13,21.26,20.62,3.08,0.0072,146818399583
2026-07-10,2026-07-10 21:49:59 UTC,24,F,Ford Mtr Co Del,47072499,2.87,14.0,14.1,13.63,3.4799999999999995,0.0118,55785696820
2026-07-10,2026-07-10 21:49:59 UTC,25,NFLX,Netflix Inc,46594741,-2.78,73.37,75.7,72.51,4.2299999999999995,0.0111,308946287999
2026-07-10,2026-07-10 21:49:59 UTC,26,SCNX,"Scienture Holdings, Inc",46532548,11.14,0.3701,0.385,0.335,14.680000000000001,1.1453,15037464
2026-07-10,2026-07-10 21:49:59 UTC,27,SPCX,Space Exploration Technologies Corp,46470129,-4.51,145.3,150.57,145.07,3.61,0.0036,1899923209927
2026-07-10,2026-07-10 21:49:59 UTC,28,RIG,Transocean,46079713,1.17,5.2,5.25,5.12,2.53,0.0413,5805494115
2026-07-10,2026-07-10 21:49:59 UTC,29,MARA,MARA Holdings Inc,45742705,-4.6899999999999995,12.6,13.68,12.33,10.209999999999999,0.12,4804008337
2026-07-10,2026-07-10 21:49:59 UTC,30,CHSN,CHANSON INTL HLDG,42433979,14.42,1.19,1.5,1.13,35.58,11.6584,4331346
2026-07-10,2026-07-10 21:49:59 UTC,31,GPUS,Hyperscale Data Inc.,41441858,-1.95,0.1361,0.1361,0.1314,3.3099999999999996,0.0898,62824712
2026-07-10,2026-07-10 21:49:59 UTC,32,RXT,"Rackspace Technology, Inc.",41286543,22.2,5.34,5.48,4.31,26.540000000000003,0.1626,1355871924
2026-07-10,2026-07-10 21:49:59 UTC,33,META,Meta Platforms Inc,40563320,5.970000000000001,669.21,677.86,658.01,3.1399999999999997,0.016,1698738259269
2026-07-10,2026-07-10 21:49:59 UTC,34,RIVN,"Rivian Automotive, Inc. / De",40098370,-3.53,17.48,18.79,17.48,7.23,0.0295,23792352656
2026-07-10,2026-07-10 21:49:59 UTC,35,QXO,QXO Inc,37792590,2.81,14.99,15.05,14.31,5.04,0.0364,15556702121
2026-07-10,2026-07-10 21:49:59 UTC,36,CRCL,CIRCLE INTERNET GROUP INC,36680237,4.97,66.14,72.86,65.07,12.36,0.1476,16440818624
2026-07-10,2026-07-10 21:49:59 UTC,37,BYND,Beyond Meat,36347972,-2.77,0.656,0.6766,0.654,3.35,0.0705,338064609
2026-07-10,2026-07-10 21:49:59 UTC,38,ELAB,PMGC Holdings,35431126,5.66,1.12,1.56,1.03,50.0,7.7978,5089001
2026-07-10,2026-07-10 21:49:59 UTC,39,FFAI,Faraday Future Intelligent Electric Inc,34886146,-10.9,0.1904,0.2144,0.19,11.459999999999999,0.1001,66387332
2026-07-10,2026-07-10 21:49:59 UTC,40,AAPL,Apple Inc,34110693,-0.27999999999999997,315.32,316.91,312.17,1.5,0.0023,4631217093920
2026-07-10,2026-07-10 21:49:59 UTC,41,TSLA,Tesla Inc,33342731,0.3,407.76,413.16,402.81,2.55,0.0089,1531433965638
2026-07-10,2026-07-10 21:49:59 UTC,42,AMZN,Amazon Com,31624892,-0.69,245.34,251.03,244.41,2.68,0.0029,2639149229028
2026-07-10,2026-07-10 21:49:59 UTC,43,MU,Micron Technology Inc,31564083,-1.24,979.3,998.0,954.13,4.42,0.0279,1106014712774
2026-07-10,2026-07-10 21:49:59 UTC,44,JOBY,Joby Aviation Inc,31218119,-3.38,7.72,8.08,7.67,5.07,0.0317,7593722817
2026-07-10,2026-07-10 21:49:59 UTC,45,PLTR,Palantir Technologies Inc,31106649,-1.7399999999999998,126.79,132.28,125.77,5.04,0.013,303955185563
2026-07-10,2026-07-10 21:49:59 UTC,46,WULF,Terawulf Inc,30867674,-5.3,21.97,23.65,21.82,7.89,0.0623,10886852210
2026-07-10,2026-07-10 21:49:59 UTC,47,CPHI,China Pharma,30839042,-10.97,0.57,1.01,0.5423,73.06,0.761,23097541
2026-07-10,2026-07-10 21:49:59 UTC,48,IREN,IREN Ltd,30001882,-1.39,41.14,42.61,39.97,6.34,0.084,14702558648
2026-07-10,2026-07-10 21:49:59 UTC,49,ORCL,Oracle Corp,29735602,-2.1399999999999997,140.64,145.68,139.26,4.41,0.0103,405109441440
2026-07-10,2026-07-10 21:49:59 UTC,50,LAC,Lithium Americas,28712270,-6.74,3.32,3.605,3.31,8.290000000000001,0.0794,1201243986
2026-07-10,2026-07-10 21:49:59 UTC,51,BMNR,Bitmine Immersion Technologies Inc,28635537,1.97,14.98,15.54,14.95,3.95,0.0533,8053679708
2026-07-10,2026-07-10 21:49:59 UTC,52,ABEV,Ambev,28545623,0.9900000000000001,3.07,3.1,3.05,1.6400000000000001,0.0018,47881850580
2026-07-10,2026-07-10 21:49:59 UTC,53,SNAP,Snap Inc,28238358,-0.43,4.68,4.87,4.64,4.89,0.017,7755513171
2026-07-10,2026-07-10 21:49:59 UTC,54,VZ,Verizon Comms,27700925,1.41,42.12,42.44,41.34,2.64,0.0066,175874541289
2026-07-10,2026-07-10 21:49:59 UTC,55,PFE,Pfizer,27484971,-0.33,24.17,24.41,24.1,1.3,0.0048,137755565564
2026-07-10,2026-07-10 21:49:59 UTC,56,CSCO,Cisco Sys Inc,26176081,2.54,121.31,121.61,117.03,3.8699999999999997,0.0066,478135439211
2026-07-10,2026-07-10 21:49:59 UTC,57,HOOD,"Robinhood Markets, Inc.",25868514,-2.73,111.97,119.43,108.81,9.16,0.0287,100829551232
2026-07-10,2026-07-10 21:49:59 UTC,58,CMCSA,Comcast Corp,25484962,0.96,23.57,23.73,23.35,1.63,0.0071,84197427088
2026-07-10,2026-07-10 21:49:59 UTC,59,PMA,Ming Shing Group Holdings Limited,25401002,25.580000000000002,1.62,2.1,1.4,54.26,1.9577,21019500
2026-07-10,2026-07-10 21:49:59 UTC,60,SMR,NuScale Power Corporation,25175131,0.11,9.04,9.24,8.77,5.26,0.0689,3303949650
2026-07-10,2026-07-10 21:49:59 UTC,61,SMCI,Super Micro Computer Inc,25044956,0.25,28.31,29.0,27.91,3.8600000000000003,0.0387,18311824592
2026-07-10,2026-07-10 21:49:59 UTC,62,GRAB,Grab Holdings Limited,24887837,1.29,3.93,3.96,3.84,3.09,0.0061,16073700000
2026-07-10,2026-07-10 21:49:59 UTC,63,MSFT,Microsoft Corp,24612210,0.19,385.1,391.91,381.5,2.7,0.0033,2860690204510
2026-07-10,2026-07-10 21:49:59 UTC,64,AMC,Amc Entmt Hldgs Inc,24204115,-0.53,1.89,1.95,1.87,4.21,0.0271,1687022765
2026-07-10,2026-07-10 21:49:59 UTC,65,BTBT,Bit Digital Inc,24170732,0.6,1.69,1.74,1.66,4.760000000000001,0.0692,590131809
2026-07-10,2026-07-10 21:49:59 UTC,66,ACHR,Archer Aviation Inc,23748860,-2.4699999999999998,4.73,4.93,4.69,4.95,0.0313,3592898582
2026-07-10,2026-07-10 21:49:59 UTC,67,SOUN,SOUNDHOUND AI INC,23731994,-0.6,6.64,6.88,6.47,6.21,0.0548,2873590376
2026-07-10,2026-07-10 21:49:59 UTC,68,NKE,Nike Inc Cl B,23295028,3.7199999999999998,44.37,44.63,43.06,3.6700000000000004,0.0157,65706957654
2026-07-10,2026-07-10 21:49:59 UTC,69,BBAI,BIGBEAR AI HLDGS INC,23082794,-1.51,3.27,3.43,3.24,5.72,0.0482,1566164701
2026-07-10,2026-07-10 21:49:59 UTC,70,KEEL,Keel Infrastructure Corp,22763867,-3.93,4.65,4.925,4.56,7.539999999999999,0.0377,2807803227
2026-07-10,2026-07-10 21:49:59 UTC,71,EOSE,Eos Energy Enterprises Inc,22032666,-3.93,4.4,4.66,4.315,7.53,0.0624,1553827682
2026-07-10,2026-07-10 21:49:59 UTC,72,BAC,Bank of America Corp,21910887,0.7100000000000001,59.67,59.87,59.39,0.8099999999999999,0.0031,423453564145
2026-07-10,2026-07-10 21:49:59 UTC,73,QS,Quantumscape Corp,20978735,-4.78,6.58,6.99,6.57,6.08,0.0341,4047654600
2026-07-10,2026-07-10 21:49:59 UTC,74,RXRX,"Recursion Pharmaceuticals, Inc.",20763671,-5.319999999999999,3.56,3.8,3.44,9.569999999999999,0.0392,1886462508
2026-07-10,2026-07-10 21:49:59 UTC,75,AUR,Aurora Innovation Inc,20702887,1.59,6.38,6.41,6.04,5.81,0.0106,12512475707
2026-07-10,2026-07-10 21:49:59 UTC,76,COSM,Cosmos Health Inc.,20701549,12.02,0.2927,0.3273,0.2449,31.5,0.3335,18170346
2026-07-10,2026-07-10 21:49:59 UTC,77,AMD,Advanced Micro Devices Inc,20654267,2.04,557.89,560.25,540.05,3.6900000000000004,0.0127,909695790491
2026-07-10,2026-07-10 21:49:59 UTC,78,HL,Hecla Mining Co,20578355,0.19,15.82,15.89,15.41,3.04,0.0307,10610670215
2026-07-10,2026-07-10 21:49:59 UTC,79,EDBL,Edible Garden AG Inc,20474103,-15.950000000000001,0.0975,0.099,0.0771,18.88,3.7435,533258
2026-07-10,2026-07-10 21:49:59 UTC,80,FRSH,Freshworks Inc.,20237921,-0.38,10.36,10.7,10.09,5.72,0.0732,2863857970
2026-07-10,2026-07-10 21:49:59 UTC,81,HPE,Hewlett Packard Enterprise Co,19436411,-1.16,48.54,51.08,48.35,5.56,0.0147,64276838909
2026-07-10,2026-07-10 21:49:59 UTC,82,TE,T1 Energy,19286440,-5.65,6.85,7.18,6.77,5.65,0.0691,1911619752
2026-07-10,2026-07-10 21:49:59 UTC,83,FTRK,Fast Track Group,18754814,6.75,0.3984,0.49,0.35,37.51,0.8598,8690100
2026-07-10,2026-07-10 21:49:59 UTC,84,RKT,Rocket Companies Inc,18326671,-1.17,14.39,14.76,14.24,3.5700000000000003,0.0065,40715493699
2026-07-10,2026-07-10 21:49:59 UTC,85,JBLU,Jetblue Awys Corp,18249691,-2.7,5.76,5.94,5.64,5.1499999999999995,0.0491,2142828829
2026-07-10,2026-07-10 21:49:59 UTC,86,GOOGL,Alphabet Inc,18126073,-0.48,357.18,357.82,352.75,1.41,0.0015,4327514548282
2026-07-10,2026-07-10 21:49:59 UTC,87,NVVE,Nuvve Holding Corp,18066039,55.69,13.67,20.74,9.21,131.21,34.4343,7171992
2026-07-10,2026-07-10 21:49:59 UTC,88,FIG,Figma,17990002,-5.17,21.11,23.11,20.97,9.610000000000001,0.034,11154029456
2026-07-10,2026-07-10 21:49:59 UTC,89,VALE,Vale S A,17860271,1.69,14.46,14.59,14.31,1.97,0.0042,61665158068
2026-07-10,2026-07-10 21:49:59 UTC,90,WIT,Wipro,17706357,1.08,1.87,1.895,1.84,2.97,0.0017,19619374872
2026-07-10,2026-07-10 21:49:59 UTC,91,RGTI,Rigetti Computing Inc,17697793,-2.65,16.54,17.31,16.37,5.47,0.0532,5497876267
2026-07-10,2026-07-10 21:49:59 UTC,92,BB,Blackberry,17633687,-4.02,10.97,11.45,10.86,5.16,0.0301,6429521728
2026-07-10,2026-07-10 21:49:59 UTC,93,JLHL,JULONG HOLDING LTD,17459498,-8.290000000000001,11.73,17.83,7.32,82.17,0.814,251592453
2026-07-10,2026-07-10 21:49:59 UTC,94,STLA,Stellantis N.V,17424490,3.19,5.5,5.57,5.45,2.25,0.006,15936292707
2026-07-10,2026-07-10 21:49:59 UTC,95,DNN,Denison Mines,17410531,1.8900000000000001,3.23,3.26,3.172,2.77,0.0192,2923204787
2026-07-10,2026-07-10 21:49:59 UTC,96,CCC,Ccc Intelligent Solutions Hld,17260284,10.040000000000001,5.92,5.98,5.65,6.04,0.0294,3474687973
2026-07-10,2026-07-10 21:49:59 UTC,97,VOD,Vodafone Group Plc,17051989,12.540000000000001,14.72,14.85,14.53,2.44,0.0074,33896562328
2026-07-10,2026-07-10 21:49:59 UTC,98,SES,SES AI,16790291,-3.18,0.7705,0.8081,0.765,4.88,0.0455,284532831
2026-07-10,2026-07-10 21:49:59 UTC,99,BTE,Baytex Energy,16620085,0.49,4.07,4.11,4.03,1.9800000000000002,0.0233,2900255691
2026-07-10,2026-07-10 21:49:59 UTC,100,NIO,Nio Inc.,16477189,0.0,4.78,4.92,4.77,3.1399999999999997,0.0066,11977088365
2026-07-13,2026-07-13 21:49:58 UTC,1,SOBR,Sobr Safe Inc,267988510,176.75,1.2,1.57,0.4902,249.03,93.1628,3451874
2026-07-13,2026-07-13 21:49:58 UTC,2,AGEN,Agenus,173899899,82.69,6.12,8.7,4.91,113.13,4.176,254851677
2026-07-13,2026-07-13 21:49:58 UTC,3,FTRK,Fast Track Group,154290493,48.870000000000005,0.5931,0.7498,0.465,71.49,7.0735,12936993
2026-07-13,2026-07-13 21:49:58 UTC,4,AAL,American Airline,152747073,-3.7800000000000002,16.31,16.87,16.17,4.1000000000000005,0.231,10787191584
2026-07-13,2026-07-13 21:49:58 UTC,5,ELPW,Elong Power Holding Limited,149791135,23.0,0.369,0.447,0.3197,42.43,22.5494,2451194
2026-07-13,2026-07-13 21:49:58 UTC,6,NU,Nu Hldgs Ltd,133031990,-0.65,13.67,13.87,13.61,1.8499999999999999,0.0275,66032724071
2026-07-13,2026-07-13 21:49:58 UTC,7,NVDA,Nvidia Corporation,120931100,-3.52,203.53,210.57,203.0,3.42,0.005,4925426000000
2026-07-13,2026-07-13 21:49:58 UTC,8,ONDS,Ondas Holdings Inc.,107263332,-4.130000000000001,6.96,7.3,6.87,5.79,0.1882,3966076711
2026-07-13,2026-07-13 21:49:58 UTC,9,NOK,Nokia,103668785,-6.03,11.69,12.23,11.6,5.06,0.0185,65378804203
2026-07-13,2026-07-13 21:49:58 UTC,10,INTC,Intel Corp,100496789,-6.12,103.12,106.17,101.79,3.9899999999999998,0.02,518281120000
2026-07-13,2026-07-13 21:49:58 UTC,11,SOFI,Sofi Technologies Inc,97448022,-3.46,18.13,19.24,18.05,6.36,0.076,23256097956
2026-07-13,2026-07-13 21:49:58 UTC,12,PATH,Uipath Inc,90829896,1.46,11.85,12.18,11.65,4.54,0.1753,6139725152
2026-07-13,2026-07-13 21:49:58 UTC,13,LGPS,LogProStyle Inc.,87882230,23.96,1.03,1.39,0.86,63.79,3.7221,24319196
2026-07-13,2026-07-13 21:49:58 UTC,14,VEEE,Twin Vee Powercats Co,75039597,415.77000000000004,24.86,36.07,10.06,538.1700000000001,141.7634,13159143
2026-07-13,2026-07-13 21:49:58 UTC,15,SPCX,Space Exploration Technologies Corp,71163123,-4.24,139.14,144.92,136.78,5.6000000000000005,0.0054,1819375880449
2026-07-13,2026-07-13 21:49:58 UTC,16,BURU,Nuburu,69074750,-18.77,0.1203,0.1378,0.12,11.95,0.3858,21536181
2026-07-13,2026-07-13 21:49:58 UTC,17,T,At&T,65298739,1.9900000000000002,21.55,21.63,21.24,1.82,0.0094,149736701894
2026-07-13,2026-07-13 21:49:58 UTC,18,OPEN,Opendoor Technologies Inc,62134020,-5.88,4.485,4.76,4.44,6.72,0.0644,4326843794
2026-07-13,2026-07-13 21:49:58 UTC,19,SKHY,SK Hynix Inc,56782773,-9.32,152.35,162.28,151.3,6.54,0.0078,1110426589250
2026-07-13,2026-07-13 21:49:58 UTC,20,ORCL,Oracle Corp,56294288,-6.47,131.54,139.65,131.35,5.89,0.0195,378897155340
2026-07-13,2026-07-13 21:49:58 UTC,21,F,Ford Mtr Co Del,51248379,-1.0699999999999998,13.85,14.22,13.82,2.86,0.0129,55187992925
2026-07-13,2026-07-13 21:49:58 UTC,22,RIG,Transocean,50906988,3.27,5.37,5.44,5.19,4.9,0.0456,5995289115
2026-07-13,2026-07-13 21:49:58 UTC,23,BATL,Battalion Oil Corp,48636661,19.62,1.89,2.02,1.63,24.68,2.2089,41615624
2026-07-13,2026-07-13 21:49:58 UTC,24,JOBY,Joby Aviation Inc,48447996,-3.11,7.48,7.64,7.43,2.6599999999999997,0.0493,7357648532
2026-07-13,2026-07-13 21:49:58 UTC,25,JBLU,Jetblue Awys Corp,45517499,-2.78,5.6,5.76,5.47,5.029999999999999,0.1224,2083305806
2026-07-13,2026-07-13 21:49:58 UTC,26,WBD,WARNER BROS DISCOVERY INC,45373880,1.8800000000000001,27.09,27.65,26.28,5.13,0.0181,67918333257
2026-07-13,2026-07-13 21:49:58 UTC,27,MIMI,Mint Incorporation Limited,45276582,37.669999999999995,2.96,3.46,2.67,36.28,17.8167,7522100
2026-07-13,2026-07-13 21:49:58 UTC,28,BYND,Beyond Meat,43813606,-5.319999999999999,0.6211,0.6746,0.6211,8.16,0.085,320079159
2026-07-13,2026-07-13 21:49:58 UTC,29,AAPL,Apple Inc,43213867,0.63,317.31,323.45,315.78,2.4299999999999997,0.0029,4660444932360
2026-07-13,2026-07-13 21:49:58 UTC,30,DNN,Denison Mines,43074067,-6.1899999999999995,3.03,3.2,3.0,6.1899999999999995,0.0476,2742201394
2026-07-13,2026-07-13 21:49:58 UTC,31,PFE,Pfizer,42732521,1.28,24.48,24.72,24.23,2.03,0.0075,139522393257
2026-07-13,2026-07-13 21:49:58 UTC,32,KOS,Kosmos Energy Ltd,42262284,16.189999999999998,2.44,2.49,2.135,16.900000000000002,0.0712,1447381828
2026-07-13,2026-07-13 21:49:58 UTC,33,KVUE,Kenvue Inc.,39870520,-1.28,19.23,19.87,19.04,4.24,0.0208,36921766685
2026-07-13,2026-07-13 21:49:58 UTC,34,PLTR,Palantir Technologies Inc,39672350,2.56,130.04,130.72,126.2,3.5700000000000003,0.0165,311746449489
2026-07-13,2026-07-13 21:49:58 UTC,35,SMR,NuScale Power Corporation,38968730,-7.630000000000001,8.35,8.97,8.27,7.6899999999999995,0.1066,3051767652
2026-07-13,2026-07-13 21:49:58 UTC,36,GRAB,Grab Holdings Limited,38497984,0.25,3.94,4.06,3.92,3.56,0.0094,16114600000
2026-07-13,2026-07-13 21:49:58 UTC,37,GPUS,Hyperscale Data Inc.,36864350,-6.32,0.1275,0.1317,0.1237,5.88,0.0799,58854892
2026-07-13,2026-07-13 21:49:58 UTC,38,FFAI,Faraday Future Intelligent Electric Inc,36125452,-10.92,0.1696,0.1928,0.1653,14.499999999999998,0.1036,59134934
2026-07-13,2026-07-13 21:49:58 UTC,39,IREN,IREN Ltd,35973359,-5.25,38.98,42.17,38.08,9.94,0.1007,13930620712
2026-07-13,2026-07-13 21:49:58 UTC,40,MARA,MARA Holdings Inc,35707674,-3.25,12.19,12.65,11.93,5.71,0.0937,4647687431
2026-07-13,2026-07-13 21:49:58 UTC,41,PLUG,Plug Power,35286904,-2.69,2.17,2.26,2.135,5.609999999999999,0.0253,3027299907
2026-07-13,2026-07-13 21:49:58 UTC,42,MU,Micron Technology Inc,35168350,-4.32,937.0,943.5,902.6,4.18,0.0311,1058241382487
2026-07-13,2026-07-13 21:49:58 UTC,43,NFLX,Netflix Inc,34981946,0.63,73.83,75.45,73.71,2.37,0.0083,310883255322
2026-07-13,2026-07-13 21:49:58 UTC,44,AMZN,Amazon Com,34595006,0.8,247.31,249.65,244.18,2.21,0.0032,2660340734617
2026-07-13,2026-07-13 21:49:58 UTC,45,BBAI,BIGBEAR AI HLDGS INC,33078324,-5.5,3.09,3.29,3.05,7.340000000000001,0.0691,1479953800
2026-07-13,2026-07-13 21:49:58 UTC,46,TSLA,Tesla Inc,32727218,-3.19,394.76,405.57,391.37,3.44,0.0087,1482609555315
2026-07-13,2026-07-13 21:49:58 UTC,47,ERIC,Telefonaktiebolaget LM Ericsson,32200181,3.26,11.72,11.83,11.42,3.61,0.0096,39512242334
2026-07-13,2026-07-13 21:49:58 UTC,48,BTBT,Bit Digital Inc,31152239,-2.96,1.64,1.71,1.56,8.88,0.0892,572672288
2026-07-13,2026-07-13 21:49:58 UTC,49,CMCSA,Comcast Corp,30649582,1.7000000000000002,23.97,24.28,23.78,2.12,0.0086,85626318511
2026-07-13,2026-07-13 21:49:58 UTC,50,GOSS,Gossamer Bio,30624384,-15.09,0.1441,0.17,0.1403,17.5,0.0626,70442812
2026-07-13,2026-07-13 21:49:58 UTC,51,QS,Quantumscape Corp,30623200,-4.5600000000000005,6.28,6.5,6.12,5.779999999999999,0.0498,3863111077
2026-07-13,2026-07-13 21:49:58 UTC,52,RCT,RedCloud,30612199,3.29,0.248,0.2896,0.219,29.4,0.5157,14721782
2026-07-13,2026-07-13 21:49:58 UTC,53,EOSE,Eos Energy Enterprises Inc,30260518,-1.1400000000000001,4.35,4.41,4.055,8.07,0.0857,1536170549
2026-07-13,2026-07-13 21:49:58 UTC,54,VMAR,Vision Marine Technologies Inc,29918903,11.020000000000001,1.41,2.04,1.16,69.28999999999999,41.1511,1025140
2026-07-13,2026-07-13 21:49:58 UTC,55,SOUN,SOUNDHOUND AI INC,29888185,-2.26,6.49,6.71,6.39,4.77,0.0686,2827525428
2026-07-13,2026-07-13 21:49:58 UTC,56,FIG,Figma,29751708,12.030000000000001,23.65,23.89,21.55,11.08,0.0563,12496105951
2026-07-13,2026-07-13 21:49:58 UTC,57,SGLY,Singularity Future Tech Ltd,29704858,-2.71,0.287,0.3,0.287,4.41,4.0728,2093232
2026-07-13,2026-07-13 21:49:58 UTC,58,NIO,Nio Inc.,29502469,3.1399999999999997,4.93,5.01,4.86,3.1399999999999997,0.0118,12352938418
2026-07-13,2026-07-13 21:49:58 UTC,59,QXO,QXO Inc,29255534,-7.340000000000001,13.89,14.8,13.83,6.47,0.0282,14415116242
2026-07-13,2026-07-13 21:49:58 UTC,60,EHGO,Eshallgo Inc,28921947,29.270000000000003,2.12,2.84,2.01,50.61,8.9609,6842463
2026-07-13,2026-07-13 21:49:58 UTC,61,MSFT,Microsoft Corp,28860042,1.53,390.99,393.65,384.15,2.46,0.0039,2904443684916
2026-07-13,2026-07-13 21:49:58 UTC,62,DFNS,T3 Defense Inc,28854084,-21.83,0.0938,0.1091,0.0921,14.000000000000002,0.2284,11848056
2026-07-13,2026-07-13 21:49:58 UTC,63,BAC,Bank of America Corp,27820369,-0.27999999999999997,59.5,60.05,58.85,2.02,0.0039,422247143734
2026-07-13,2026-07-13 21:49:58 UTC,64,QTTB,Q32 BIO INC,27763164,90.72,21.38,22.5,17.28,46.56,1.6373,362528152
2026-07-13,2026-07-13 21:49:58 UTC,65,INFY,Infosys,26635517,5.12,11.5,11.55,11.31,2.19,0.0066,46648141046
2026-07-13,2026-07-13 21:49:58 UTC,66,HTZ,Hertz Global Hld,26499958,-10.73,1.83,2.06,1.83,11.21,0.0753,644324868
2026-07-13,2026-07-13 21:49:58 UTC,67,RGTI,Rigetti Computing Inc,26323936,-7.13,15.36,16.3,15.15,6.950000000000001,0.0792,5105645675
2026-07-13,2026-07-13 21:49:58 UTC,68,BMNR,Bitmine Immersion Technologies Inc,26205372,-2.4699999999999998,14.61,14.88,14.32,3.74,0.0487,7854757045
2026-07-13,2026-07-13 21:49:58 UTC,69,BB,Blackberry,25907790,-2.37,10.71,11.02,10.33,6.29,0.0442,6277135616
2026-07-13,2026-07-13 21:49:58 UTC,70,SNAP,Snap Inc,25886405,-0.43,4.66,4.775,4.64,2.88,0.0154,7839429320
2026-07-13,2026-07-13 21:49:58 UTC,71,ACHR,Archer Aviation Inc,25721185,-3.81,4.55,4.74,4.51,4.859999999999999,0.0339,3456170940
2026-07-13,2026-07-13 21:49:58 UTC,72,HL,Hecla Mining Co,25709077,-3.5999999999999996,15.25,15.43,14.94,3.0,0.0383,10228364145
2026-07-13,2026-07-13 21:49:58 UTC,73,MRVL,Marvell Technology Inc,25427801,-7.75,217.53,228.8,215.28,5.7299999999999995,0.029,190505469995
2026-07-13,2026-07-13 21:49:58 UTC,74,CLF,Cleveland-Cliffs Inc,25148029,3.3000000000000003,9.71,10.0,9.4,6.38,0.0441,5538726319
2026-07-13,2026-07-13 21:49:58 UTC,75,WULF,Terawulf Inc,25055304,-4.92,20.89,21.89,20.14,7.969999999999999,0.0506,10351676954
2026-07-13,2026-07-13 21:49:58 UTC,76,CPNG,Coupang Inc,24814159,-4.68,17.92,19.06,17.8,6.619999999999999,0.0138,32167550481
2026-07-13,2026-07-13 21:49:58 UTC,77,VZ,Verizon Comms,24674381,1.3299999999999998,42.68,42.85,42.35,1.1900000000000002,0.0059,178212854278
2026-07-13,2026-07-13 21:49:58 UTC,78,PLSM,Pulsenmore Ltd,24653490,-6.22,3.62,5.19,3.4,46.400000000000006,3.7912,23540295
2026-07-13,2026-07-13 21:49:58 UTC,79,RXRX,"Recursion Pharmaceuticals, Inc.",24432079,-7.3,3.3,3.54,3.271,7.5600000000000005,0.0461,1748687156
2026-07-13,2026-07-13 21:49:58 UTC,80,BTG,B2Gold,24389813,-1.82,3.78,3.82,3.74,2.08,0.0183,5049745681
2026-07-13,2026-07-13 21:49:58 UTC,81,RIVN,"Rivian Automotive, Inc. / De",24159304,-0.97,17.31,17.8,17.05,4.26,0.0168,24859212498
2026-07-13,2026-07-13 21:49:58 UTC,82,AMC,Amc Entmt Hldgs Inc,24094073,-1.06,1.87,1.925,1.82,5.56,0.027,1669170673
2026-07-13,2026-07-13 21:49:58 UTC,83,RXT,"Rackspace Technology, Inc.",23871559,-15.36,4.52,5.25,4.38,15.920000000000002,0.094,1147666872
2026-07-13,2026-07-13 21:49:58 UTC,84,RKT,Rocket Companies Inc,23744291,-3.34,13.91,14.41,13.83,4.03,0.0084,39357367433
2026-07-13,2026-07-13 21:49:58 UTC,85,IONQ,Ionq Inc,23735479,-9.29,38.88,42.18,38.62,8.309999999999999,0.0636,14512735578
2026-07-13,2026-07-13 21:49:58 UTC,86,TE,T1 Energy,23706203,-4.38,6.55,6.79,6.34,6.569999999999999,0.0849,1827899179
2026-07-13,2026-07-13 21:49:58 UTC,87,KEEL,Keel Infrastructure Corp,23335817,-6.239999999999999,4.36,4.575,4.18,8.49,0.0386,2632692918
2026-07-13,2026-07-13 21:49:58 UTC,88,AMD,Advanced Micro Devices Inc,22889672,-4.21,534.39,551.87,526.92,4.46,0.014,871376675475
2026-07-13,2026-07-13 21:49:58 UTC,89,SMCI,Super Micro Computer Inc,22732012,-2.3,27.66,28.24,27.22,3.62,0.0351,17891383547
2026-07-13,2026-07-13 21:49:58 UTC,90,FRMI,Fermi Inc.,21846660,-4.25,6.31,6.79,6.05,11.23,0.0343,4023093448
2026-07-13,2026-07-13 21:49:58 UTC,91,UMC,United Microelec,21647417,-3.62,23.46,23.73,23.01,2.91,0.0086,59011213010
2026-07-13,2026-07-13 21:49:58 UTC,92,BTE,Baytex Energy,21404991,3.44,4.21,4.28,4.13,3.6900000000000004,0.03,3000018786
2026-07-13,2026-07-13 21:49:58 UTC,93,VG,"Venture Global, Inc.",21274318,9.15,13.36,13.46,12.55,7.48,0.0086,33191023280
2026-07-13,2026-07-13 21:49:58 UTC,94,AVGO,Broadcom Inc,21242364,-3.9800000000000004,384.05,395.75,383.42,3.08,0.0045,1827148675041
2026-07-13,2026-07-13 21:49:58 UTC,95,ABEV,Ambev,21175731,-0.33,3.06,3.11,3.04,2.2800000000000002,0.0014,47725883640
2026-07-13,2026-07-13 21:49:58 UTC,96,UWMC,Uwm Holdings Corporation,21102419,-3.85,2.0,2.11,2.0,5.29,0.0132,3202176246
2026-07-13,2026-07-13 21:49:58 UTC,97,CMG,Chipotle Mexican Grill Inc,20680682,3.91,36.63,37.07,36.02,3.05,0.0161,46986546420
2026-07-13,2026-07-13 21:49:58 UTC,98,PBR,Petroleo Brasileiro S.A. Petrobras,20487258,3.2300000000000004,17.88,17.92,17.57,2.02,0.0032,115225270892
2026-07-13,2026-07-13 21:49:58 UTC,99,STLA,Stellantis N.V,20408503,1.27,5.57,5.75,5.54,3.82,0.007,16139118251
2026-07-13,2026-07-13 21:49:58 UTC,100,PYPL,Paypal Holdings,20284542,2.87,47.65,48.43,46.29,4.63,0.023,42032326741
2026-07-14,2026-07-14 21:49:58 UTC,1,PMI,"Picard Medical, Inc.",379013046,-1.7500000000000002,0.14,0.1724,0.133,27.650000000000002,3.6906,14377430
2026-07-14,2026-07-14 21:49:58 UTC,2,LCID,Lucid Group Inc,154974387,-16.150000000000002,4.62,5.76,2.37,61.519999999999996,0.3971,1802986452
2026-07-14,2026-07-14 21:49:58 UTC,3,NU,Nu Hldgs Ltd,152748967,2.34,13.99,14.28,13.74,3.95,0.0316,67578479134
2026-07-14,2026-07-14 21:49:58 UTC,4,AAL,American Airline,138382984,-3.92,15.67,16.34,15.65,4.2,0.2092,10363905096
2026-07-14,2026-07-14 21:49:58 UTC,5,NVDA,Nvidia Corporation,124028255,4.06,211.8,212.55,203.8,4.29,0.0051,5125560000000
2026-07-14,2026-07-14 21:49:58 UTC,6,HAO,Haoxi Health Technology Limited,114623296,7.340000000000001,0.285,0.4273,0.2667,59.96,51.5734,633420
2026-07-14,2026-07-14 21:49:58 UTC,7,NXTC,Nextcure,111065328,201.82999999999998,6.58,9.9,5.76,189.91,30.7482,23767591
2026-07-14,2026-07-14 21:49:58 UTC,8,ONDS,Ondas Holdings Inc.,108332567,5.75,7.36,7.44,6.95,7.04,0.1901,4194012154
2026-07-14,2026-07-14 21:49:58 UTC,9,OPEN,Opendoor Technologies Inc,98308370,1.4500000000000002,4.55,4.65,4.44,4.68,0.1019,4389551675
2026-07-14,2026-07-14 21:49:58 UTC,10,LHAI,Linkhome Holdings Inc.,93144534,22.0,1.22,1.47,1.15,32.0,5.739,19800600
2026-07-14,2026-07-14 21:49:58 UTC,11,VMAR,Vision Marine Technologies Inc,92760307,-6.38,1.32,2.25,1.24,71.63000000000001,127.5905,959706
2026-07-14,2026-07-14 21:49:58 UTC,12,INTC,Intel Corp,90853829,4.5,107.76,109.19,103.59,5.43,0.0181,541601760000
2026-07-14,2026-07-14 21:49:58 UTC,13,SOFI,Sofi Technologies Inc,89216241,2.32,18.55,18.84,18.14,3.8600000000000003,0.0696,23794849260
2026-07-14,2026-07-14 21:49:58 UTC,14,NOK,Nokia,87240937,0.09,11.7,11.94,11.49,3.85,0.0156,65434731324
2026-07-14,2026-07-14 21:49:58 UTC,15,PATH,Uipath Inc,85789932,0.76,11.94,12.11,11.18,7.85,0.1656,6186355976
2026-07-14,2026-07-14 21:49:58 UTC,16,CLSK,Cleanspark Inc,76266971,8.82,13.45,15.1,12.8,18.61,0.2972,3451385750
2026-07-14,2026-07-14 21:49:58 UTC,17,SKHY,SK Hynix Inc,71471461,27.29,193.92,194.8,165.5,19.0,0.0098,1413415977600
2026-07-14,2026-07-14 21:49:58 UTC,18,IBM,International Business Machines Corp,67220921,-25.21,217.07,229.92,213.22,5.75,0.0715,204020897729
2026-07-14,2026-07-14 21:49:58 UTC,19,WULF,Terawulf Inc,57905181,-7.08,19.41,20.96,18.62,11.06,0.1169,9618288639
2026-07-14,2026-07-14 21:49:58 UTC,20,CNEY,Cn Energy Group Inc,57535556,56.35,0.75,0.7929,0.4549,70.46,7.0137,6152480
2026-07-14,2026-07-14 21:49:58 UTC,21,MARA,MARA Holdings Inc,57104960,-0.25,12.16,12.72,11.67,8.57,0.1498,4636249316
2026-07-14,2026-07-14 21:49:58 UTC,22,T,At&T,53545246,-1.25,21.28,21.56,21.25,1.4200000000000002,0.0077,147860650408
2026-07-14,2026-07-14 21:49:58 UTC,23,SHPH,SHUTTLE PHARMACTCLS HLDGS INC,53236166,40.54,4.16,5.1,3.81,43.24,83.5591,2650369
2026-07-14,2026-07-14 21:49:58 UTC,24,ORCL,Oracle Corp,52462811,-2.74,127.94,132.76,127.6,3.74,0.0182,368527459740
2026-07-14,2026-07-14 21:49:58 UTC,25,BMNR,Bitmine Immersion Technologies Inc,51236664,11.5,16.29,16.35,15.38,6.61,0.0953,8757973461
2026-07-14,2026-07-14 21:49:58 UTC,26,PLTR,Palantir Technologies Inc,49814023,2.83,133.72,135.79,122.64,10.11,0.0208,320568557564
2026-07-14,2026-07-14 21:49:58 UTC,27,BAC,Bank of America Corp,49423229,1.8800000000000001,60.62,61.21,58.67,4.2700000000000005,0.007,430195325263
2026-07-14,2026-07-14 21:49:58 UTC,28,JOBY,Joby Aviation Inc,49009637,5.48,7.89,7.91,7.51,5.35,0.0498,7760942102
2026-07-14,2026-07-14 21:49:58 UTC,29,VIVK,Vivakor,48094938,-1.76,0.3016,0.3066,0.2614,14.719999999999999,0.9678,14987629
2026-07-14,2026-07-14 21:49:58 UTC,30,AEON,Aeon Biopharma,46821761,10.84,0.357,0.37,0.2592,34.37,1.7798,9391674
2026-07-14,2026-07-14 21:49:58 UTC,31,SPCX,Space Exploration Technologies Corp,46381953,-2.1999999999999997,136.08,143.33,135.52,5.319999999999999,0.0035,1779363733014
2026-07-14,2026-07-14 21:49:58 UTC,32,LEDS,Semileds Corp,45663620,47.370000000000005,2.24,2.658,1.58,69.66,5.5299,18497142
2026-07-14,2026-07-14 21:49:58 UTC,33,PLUG,Plug Power,42757211,4.61,2.27,2.36,2.22,6.45,0.0306,3166806816
2026-07-14,2026-07-14 21:49:58 UTC,34,F,Ford Mtr Co Del,42697849,0.65,13.94,14.03,13.76,1.95,0.0107,55546615262
2026-07-14,2026-07-14 21:49:58 UTC,35,GOSS,Gossamer Bio,41806180,-2.78,0.1401,0.144,0.1138,20.96,0.0855,68487425
2026-07-14,2026-07-14 21:49:58 UTC,36,PFE,Pfizer,40838303,-0.9400000000000001,24.25,24.43,24.14,1.18,0.0072,138211521098
2026-07-14,2026-07-14 21:49:58 UTC,37,ERIC,Telefonaktiebolaget LM Ericsson,39438984,-13.48,10.14,10.64,10.07,4.91,0.0117,34185506592
2026-07-14,2026-07-14 21:49:58 UTC,38,WFC,Wells Fargo Co,38916022,-2.71,85.29,88.68,83.83,5.52,0.0127,261003561943
2026-07-14,2026-07-14 21:49:58 UTC,39,RIG,Transocean,37573287,-1.1199999999999999,5.31,5.51,5.25,4.84,0.0337,5928302644
2026-07-14,2026-07-14 21:49:58 UTC,40,AAPL,Apple Inc,36269140,-0.77,314.86,316.19,311.91,1.35,0.0025,4624460910160
2026-07-14,2026-07-14 21:49:58 UTC,41,IREN,IREN Ltd,35090719,-1.0,38.59,40.62,37.04,9.180000000000001,0.0982,13791243029
2026-07-14,2026-07-14 21:49:58 UTC,42,BURU,Nuburu,35046522,4.9,0.1262,0.1275,0.1175,8.23,0.1958,22592403
2026-07-14,2026-07-14 21:49:58 UTC,43,GRAB,Grab Holdings Limited,33866183,-3.55,3.8,3.97,3.79,4.569999999999999,0.0083,15542000000
2026-07-14,2026-07-14 21:49:58 UTC,44,TE,T1 Energy,33516279,4.43,6.84,6.95,6.59,5.34,0.1201,1908829066
2026-07-14,2026-07-14 21:49:58 UTC,45,LGHL,Lion Group Holding Ltd,33334647,10.879999999999999,2.42,5.89,2.13,171.82,216.7219,372227
2026-07-14,2026-07-14 21:49:58 UTC,46,NFLX,Netflix Inc,33230625,-0.41000000000000003,73.53,74.01,72.28,2.34,0.0079,309620015763
2026-07-14,2026-07-14 21:49:58 UTC,47,FIG,Figma,33179730,0.89,23.86,24.87,21.42,14.540000000000001,0.0628,12607065031
2026-07-14,2026-07-14 21:49:58 UTC,48,GPUS,Hyperscale Data Inc.,32617971,3.84,0.1324,0.133,0.1265,5.1,0.0707,61116767
2026-07-14,2026-07-14 21:49:58 UTC,49,SOUN,SOUNDHOUND AI INC,32544082,3.08,6.69,6.85,6.35,7.7,0.0747,2914660264
2026-07-14,2026-07-14 21:49:58 UTC,50,C,Citigroup Inc,32096862,-5.29,133.27,144.29,132.16,8.62,0.0188,227302240792
2026-07-14,2026-07-14 21:49:58 UTC,51,JBLU,Jetblue Awys Corp,31239866,-4.82,5.33,5.65,5.26,6.959999999999999,0.084,1982860705
2026-07-14,2026-07-14 21:49:58 UTC,52,RIVN,"Rivian Automotive, Inc. / De",31200229,1.0999999999999999,17.5,17.65,16.7,5.489999999999999,0.0217,25132075027
2026-07-14,2026-07-14 21:49:58 UTC,53,FFAI,Faraday Future Intelligent Electric Inc,30694547,-6.660000000000001,0.1583,0.1632,0.1485,8.67,0.088,55194930
2026-07-14,2026-07-14 21:49:58 UTC,54,MU,Micron Technology Inc,30570016,4.92,983.12,994.8,950.07,4.77,0.0271,1110328994611
2026-07-14,2026-07-14 21:49:58 UTC,55,HL,Hecla Mining Co,30185041,1.6400000000000001,15.5,16.05,15.41,4.2,0.045,10396042246
2026-07-14,2026-07-14 21:49:58 UTC,56,AMZN,Amazon Com,30056649,0.06999999999999999,247.49,248.56,243.8,1.92,0.0028,2662277014315
2026-07-14,2026-07-14 21:49:58 UTC,57,SNAP,Snap Inc,29926735,0.43,4.68,4.71,4.57,3.0,0.0178,7873074939
2026-07-14,2026-07-14 21:49:58 UTC,58,CPNG,Coupang Inc,29000834,-1.0,17.74,18.02,17.32,3.88,0.0162,31844438925
2026-07-14,2026-07-14 21:49:58 UTC,59,AMC,Amc Entmt Hldgs Inc,28530177,4.81,1.96,2.03,1.85,9.629999999999999,0.032,1749505090
2026-07-14,2026-07-14 21:49:58 UTC,60,ACHR,Archer Aviation Inc,28341342,6.59,4.85,4.875,4.55,7.03,0.0373,3684050343
2026-07-14,2026-07-14 21:49:58 UTC,61,QXO,QXO Inc,28137753,4.1000000000000005,14.46,14.58,14.07,3.64,0.0271,15006665288
2026-07-14,2026-07-14 21:49:58 UTC,62,TOON,Kartoon Studios Inc,27967185,0.27,0.5901,0.6841,0.5036,30.669999999999998,0.4729,34900009
2026-07-14,2026-07-14 21:49:58 UTC,63,MSFT,Microsoft Corp,27818809,-1.55,384.93,388.19,378.65,2.44,0.0037,2859427370610
2026-07-14,2026-07-14 21:49:58 UTC,64,KOS,Kosmos Energy Ltd,27595757,2.46,2.5,2.605,2.42,7.580000000000001,0.0465,1482973185
2026-07-14,2026-07-14 21:49:58 UTC,65,RKT,Rocket Companies Inc,26568280,2.8000000000000003,14.3,14.71,14.25,3.3099999999999996,0.0094,40460845024
2026-07-14,2026-07-14 21:49:58 UTC,66,DVLT,Datavault AI Inc,26201167,9.04,0.3861,0.3934,0.358,10.0,0.0306,330332486
2026-07-14,2026-07-14 21:49:58 UTC,67,KEEL,Keel Infrastructure Corp,26153794,2.98,4.49,4.75,4.42,7.57,0.0433,2711190642
2026-07-14,2026-07-14 21:49:58 UTC,68,CMCSA,Comcast Corp,26063584,-3.25,23.19,23.94,23.17,3.19,0.0073,82839980236
2026-07-14,2026-07-14 21:49:58 UTC,69,CRWV,"CoreWeave, Inc.",25863724,-4.05,79.94,85.91,78.4,9.01,0.0474,43612893459
2026-07-14,2026-07-14 21:49:58 UTC,70,BTBT,Bit Digital Inc,25717940,0.61,1.65,1.76,1.62,8.540000000000001,0.0737,576164193
2026-07-14,2026-07-14 21:49:58 UTC,71,BYND,Beyond Meat,25690290,0.05,0.6214,0.6424,0.6148,4.44,0.0499,320233762
2026-07-14,2026-07-14 21:49:58 UTC,72,RXRX,"Recursion Pharmaceuticals, Inc.",25627078,1.21,3.34,3.38,3.205,5.3,0.0484,1769883364
2026-07-14,2026-07-14 21:49:58 UTC,73,VEEE,Twin Vee Powercats Co,24960575,54.910000000000004,38.51,48.79,18.23,122.93,47.155,20384498
2026-07-14,2026-07-14 21:49:58 UTC,74,STLA,Stellantis N.V,24790230,2.15,5.69,5.75,5.56,3.3300000000000005,0.0086,16486819182
2026-07-14,2026-07-14 21:49:58 UTC,75,DNN,Denison Mines,24734743,4.62,3.17,3.22,3.1,3.9600000000000004,0.0273,2868903769
2026-07-14,2026-07-14 21:49:58 UTC,76,SMR,NuScale Power Corporation,23991903,2.9899999999999998,8.6,8.69,8.38,3.7699999999999996,0.0656,3143137941
2026-07-14,2026-07-14 21:49:58 UTC,77,VALE,Vale S A,23953307,2.8899999999999997,14.59,14.72,14.5,1.55,0.0056,62219547456
2026-07-14,2026-07-14 21:49:58 UTC,78,INFY,Infosys,23874850,-3.91,11.05,11.25,10.86,3.35,0.0059,44822779005
2026-07-14,2026-07-14 21:49:58 UTC,79,TSLA,Tesla Inc,23319334,0.36,396.18,402.22,394.76,1.8900000000000001,0.0062,1487942683212
2026-07-14,2026-07-14 21:49:58 UTC,80,NOW,Servicenow Inc,23170392,-5.76,104.85,107.96,102.61,4.81,0.0225,108132643800
2026-07-14,2026-07-14 21:49:58 UTC,81,VSEE,"VSee Health, Inc.",22974462,0.41000000000000003,0.0984,0.105,0.0925,12.65,0.4727,4782183
2026-07-14,2026-07-14 21:49:58 UTC,82,NIO,Nio Inc.,22931243,1.6199999999999999,5.01,5.18,4.98,4.06,0.0092,12553391780
2026-07-14,2026-07-14 21:49:58 UTC,83,BATL,Battalion Oil Corp,22353852,-11.110000000000001,1.68,1.815,1.6,11.379999999999999,1.0152,36991666
2026-07-14,2026-07-14 21:49:58 UTC,84,SMCI,Super Micro Computer Inc,22318549,-0.04,27.65,28.13,27.32,2.93,0.0345,17884915224
2026-07-14,2026-07-14 21:49:58 UTC,85,BB,Blackberry,22201701,2.8000000000000003,11.01,11.41,10.62,7.380000000000001,0.0379,6452965745
2026-07-14,2026-07-14 21:49:58 UTC,86,VTAK,Catheter Precision,21979477,-13.900000000000002,0.56,0.7177,0.552,25.430000000000003,6.0894,2021303
2026-07-14,2026-07-14 21:49:58 UTC,87,CSCO,Cisco Sys Inc,21933078,-1.81,117.09,120.06,116.56,2.94,0.0056,461502584924
2026-07-14,2026-07-14 21:49:58 UTC,88,WBD,WARNER BROS DISCOVERY INC,21759061,1.44,27.48,27.58,27.05,1.92,0.0087,68896116570
2026-07-14,2026-07-14 21:49:58 UTC,89,BBAI,BIGBEAR AI HLDGS INC,21299151,0.32,3.1,3.17,3.04,4.21,0.0445,1484743295
2026-07-14,2026-07-14 21:49:58 UTC,90,AMD,Advanced Micro Devices Inc,21132345,2.5700000000000003,548.13,574.2,546.77,5.13,0.013,893781128255
2026-07-14,2026-07-14 21:49:58 UTC,91,RGTI,Rigetti Computing Inc,20942865,4.88,16.11,16.27,15.58,4.5,0.063,5354944780
2026-07-14,2026-07-14 21:49:58 UTC,92,DFNS,T3 Defense Inc,20888600,-22.28,0.0729,0.08,0.0702,10.45,0.1654,9208137
2026-07-14,2026-07-14 21:49:58 UTC,93,MRVL,Marvell Technology Inc,20628184,2.26,222.44,232.0,218.63,6.15,0.0236,194805483132
2026-07-14,2026-07-14 21:49:58 UTC,94,FAST,Fastenal Co,20523281,-2.78,45.74,49.01,44.52,9.53,0.0179,52511123690
2026-07-14,2026-07-14 21:49:58 UTC,95,AUR,Aurora Innovation Inc,20408305,1.32,6.13,6.16,5.98,2.91,0.0104,12022174935
2026-07-14,2026-07-14 21:49:58 UTC,96,WIT,Wipro,20363953,-3.16,1.84,1.89,1.82,3.6799999999999997,0.0019,19304625543
2026-07-14,2026-07-14 21:49:58 UTC,97,BTE,Baytex Energy,20201164,0.7100000000000001,4.24,4.365,4.2,3.92,0.0283,3021396592
2026-07-14,2026-07-14 21:49:58 UTC,98,AVGO,Broadcom Inc,20095547,1.32,389.11,397.33,384.64,3.3000000000000003,0.0042,1851222030843
2026-07-14,2026-07-14 21:49:58 UTC,99,BSX,Boston Scien Cp,20080994,-4.52,42.63,43.5,42.28,2.5,0.0135,63363321280
2026-07-14,2026-07-14 21:49:58 UTC,100,ENSC,Ensysce Biosciences Inc,19662352,6.17,0.2925,0.3116,0.237,27.08,1.2796,4494417
2026-07-15,2026-07-15 21:49:59 UTC,1,AAL,American Airline,181598105,-0.26,15.63,16.0,15.45,3.51,0.2746,10337449691
2026-07-15,2026-07-15 21:49:59 UTC,2,NU,Nu Hldgs Ltd,180085760,-0.79,13.88,14.18,13.73,3.2199999999999998,0.0373,67047125831
2026-07-15,2026-07-15 21:49:59 UTC,3,SOBR,Sobr Safe Inc,175500144,76.92,2.07,2.63,1.55,92.31,61.0104,5954483
2026-07-15,2026-07-15 21:49:59 UTC,4,PMI,"Picard Medical, Inc.",136467626,7.290000000000001,0.1502,0.1655,0.1435,15.709999999999999,1.3289,15424929
2026-07-15,2026-07-15 21:49:59 UTC,5,ONDS,Ondas Holdings Inc.,131601134,-4.21,7.05,7.53,6.75,10.6,0.2309,4017362186
2026-07-15,2026-07-15 21:49:59 UTC,6,PATH,Uipath Inc,126653686,0.08,11.95,12.42,11.83,4.9399999999999995,0.2444,6191537178
2026-07-15,2026-07-15 21:49:59 UTC,7,NVDA,Nvidia Corporation,124475483,0.33,212.5,213.81,206.04,3.6700000000000004,0.0051,5142500000000
2026-07-15,2026-07-15 21:49:59 UTC,8,INTC,Intel Corp,120221775,-4.43,102.99,109.61,99.2,9.55,0.0239,517627740000
2026-07-15,2026-07-15 21:49:59 UTC,9,OPEN,Opendoor Technologies Inc,115286826,4.3999999999999995,4.75,4.9,4.541,7.9,0.1195,4582499002
2026-07-15,2026-07-15 21:49:59 UTC,10,NOK,Nokia,114901036,-3.85,11.25,12.05,10.84,10.299999999999999,0.0205,62918010888
2026-07-15,2026-07-15 21:49:59 UTC,11,VIVS,VivoSim Labs Inc,114822611,2.17,0.8529,1.57,0.84,87.45,32.8621,2980093
2026-07-15,2026-07-15 21:49:59 UTC,12,TGHL,The GrowHub Limited,108834110,23.169999999999998,0.8145,0.9919,0.7835,31.509999999999998,4.3018,20606695
2026-07-15,2026-07-15 21:49:59 UTC,13,LIMN,Liminatus Pharma,105484649,10.63,0.1145,0.14,0.1043,34.489999999999995,1.8846,6408751
2026-07-15,2026-07-15 21:49:59 UTC,14,PYPL,Paypal Holdings,90925988,17.21,55.52,55.88,53.44,5.1499999999999995,0.1031,48974496971
2026-07-15,2026-07-15 21:49:59 UTC,15,KUST,Kustom Entertainment Inc,84695060,29.7,1.31,1.57,1.19,37.62,135.11,821186
2026-07-15,2026-07-15 21:49:59 UTC,16,CPHI,China Pharma,80288011,78.92,1.1,1.6,0.571,167.37,1.9813,44574202
2026-07-15,2026-07-15 21:49:59 UTC,17,SKHY,SK Hynix Inc,75784920,-9.0,176.46,187.95,166.48,11.07,0.0104,1286156061300
2026-07-15,2026-07-15 21:49:59 UTC,18,T,At&T,75045813,0.7000000000000001,21.43,21.71,21.25,2.1399999999999997,0.0108,148902901234
2026-07-15,2026-07-15 21:49:59 UTC,19,SOFI,Sofi Technologies Inc,72195479,-3.6700000000000004,17.87,18.98,17.76,6.58,0.0563,22922585244
2026-07-15,2026-07-15 21:49:59 UTC,20,GCTK,Glucotrack,63296674,-0.02,0.529,0.6339,0.502,24.93,10.1125,3311158
2026-07-15,2026-07-15 21:49:59 UTC,21,AAPL,Apple Inc,60882108,4.01,327.5,328.73,317.32,3.62,0.0041,4810109090000
2026-07-15,2026-07-15 21:49:59 UTC,22,SPCX,Space Exploration Technologies Corp,57865987,-0.6,135.27,139.34,132.15,5.28,0.0044,1768772282222
2026-07-15,2026-07-15 21:49:59 UTC,23,F,Ford Mtr Co Del,57364247,1.72,14.18,14.38,13.97,2.91,0.0144,56502941493
2026-07-15,2026-07-15 21:49:59 UTC,24,LCID,Lucid Group Inc,56494133,28.79,5.95,6.02,4.635,29.330000000000002,0.1448,2322028007
2026-07-15,2026-07-15 21:49:59 UTC,25,TE,T1 Energy,56408946,-2.63,6.66,7.05,6.23,11.99,0.2021,1858596722
2026-07-15,2026-07-15 21:49:59 UTC,26,GPUS,Hyperscale Data Inc.,55247772,-3.32,0.128,0.137,0.1256,8.61,0.1197,59085696
2026-07-15,2026-07-15 21:49:59 UTC,27,MU,Micron Technology Inc,54392315,-8.02,904.28,978.4,873.63,10.66,0.0482,1021287638586
2026-07-15,2026-07-15 21:49:59 UTC,28,VTAK,Catheter Precision,53805497,3.5700000000000003,0.58,0.77,0.58,30.36,14.9068,2093493
2026-07-15,2026-07-15 21:49:59 UTC,29,JOBY,Joby Aviation Inc,53665362,-1.6500000000000001,7.76,8.18,7.63,6.97,0.0546,7633068531
2026-07-15,2026-07-15 21:49:59 UTC,30,MARA,MARA Holdings Inc,48959782,1.0699999999999998,12.29,12.54,11.6,7.6899999999999995,0.1284,4685814481
2026-07-15,2026-07-15 21:49:59 UTC,31,ORCL,Oracle Corp,48411099,3.56,132.49,133.9,128.84,3.95,0.0168,381633602790
2026-07-15,2026-07-15 21:49:59 UTC,32,PLUG,Plug Power,45254548,-2.64,2.21,2.35,2.13,9.69,0.0324,3083102671
2026-07-15,2026-07-15 21:49:59 UTC,33,AMZN,Amazon Com,45162394,3.02,254.96,256.48,249.75,2.65,0.0042,2742632621802
2026-07-15,2026-07-15 21:49:59 UTC,34,PFE,Pfizer,44131280,2.35,24.82,24.82,24.31,2.08,0.0077,141460204274
2026-07-15,2026-07-15 21:49:59 UTC,35,IOVA,Iovance Biotherp,43663677,20.61,4.74,4.8,3.76,26.46,0.0978,2116421357
2026-07-15,2026-07-15 21:49:59 UTC,36,CLSK,Cleanspark Inc,43371048,5.06,14.13,14.86,13.12,12.86,0.169,3625879602
2026-07-15,2026-07-15 21:49:59 UTC,37,BAC,Bank of America Corp,43357279,1.6,61.59,62.03,61.11,1.52,0.0061,437079018195
2026-07-15,2026-07-15 21:49:59 UTC,38,BMNR,Bitmine Immersion Technologies Inc,42547544,-3.0700000000000003,15.79,16.94,15.65,7.95,0.0705,9524944761
2026-07-15,2026-07-15 21:49:59 UTC,39,SNAP,Snap Inc,42292324,1.71,4.76,4.88,4.735,3.1,0.0251,8007657417
2026-07-15,2026-07-15 21:49:59 UTC,40,AMC,Amc Entmt Hldgs Inc,40541097,5.609999999999999,2.07,2.14,2.0,7.140000000000001,0.0454,1847691600
2026-07-15,2026-07-15 21:49:59 UTC,41,FFAI,Faraday Future Intelligent Electric Inc,38525287,-14.34,0.1356,0.165,0.132,20.849999999999998,0.1105,47280053
2026-07-15,2026-07-15 21:49:59 UTC,42,HL,Hecla Mining Co,38377633,-0.26,15.46,15.71,14.8,5.84,0.0572,10369213750
2026-07-15,2026-07-15 21:49:59 UTC,43,MSFT,Microsoft Corp,36198823,2.78,395.63,398.96,386.4,3.26,0.0049,2938911621943
2026-07-15,2026-07-15 21:49:59 UTC,44,CNEY,Cn Energy Group Inc,35890477,33.33,1.0,1.07,0.611,61.199999999999996,4.3751,8203307
2026-07-15,2026-07-15 21:49:59 UTC,45,JBLU,Jetblue Awys Corp,35597573,4.88,5.59,5.71,5.3,7.6,0.0957,2079585617
2026-07-15,2026-07-15 21:49:59 UTC,46,IREN,IREN Ltd,35443322,-0.8,38.28,40.45,37.95,6.460000000000001,0.0992,13680455640
2026-07-15,2026-07-15 21:49:59 UTC,47,JTAI,Jet.AI Inc.,33745921,580.1,3.14,5.01,2.86,465.66999999999996,23.736,4464203
2026-07-15,2026-07-15 21:49:59 UTC,48,BURU,Nuburu,33032889,-4.99,0.1199,0.1266,0.1125,10.22,0.1845,21464573
2026-07-15,2026-07-15 21:49:59 UTC,49,NFLX,Netflix Inc,32732176,0.2,73.68,75.06,73.13,2.62,0.0078,310251635543
2026-07-15,2026-07-15 21:49:59 UTC,50,EOSE,Eos Energy Enterprises Inc,32572398,1.8599999999999999,4.37,4.71,4.27,10.26,0.0922,1543233402
2026-07-15,2026-07-15 21:49:59 UTC,51,CAG,Conagra Brands Inc,32564592,-0.42,14.09,14.44,13.57,6.15,0.0681,6741179528
2026-07-15,2026-07-15 21:49:59 UTC,52,TSLA,Tesla Inc,31471121,-0.43,394.46,406.59,390.66,4.02,0.0084,1481482838154
2026-07-15,2026-07-15 21:49:59 UTC,53,BTBT,Bit Digital Inc,31417095,-4.24,1.58,1.69,1.52,10.299999999999999,0.09,551720863
2026-07-15,2026-07-15 21:49:59 UTC,54,RKT,Rocket Companies Inc,30929652,2.1,14.6,15.18,14.5,4.79,0.0109,41309673941
2026-07-15,2026-07-15 21:49:59 UTC,55,WULF,Terawulf Inc,30660736,-0.21,19.37,20.18,18.65,7.829999999999999,0.0619,9598467333
2026-07-15,2026-07-15 21:49:59 UTC,56,RIG,Transocean,30228524,-2.07,5.2,5.37,5.1,5.0,0.0271,5805494115
2026-07-15,2026-07-15 21:49:59 UTC,57,ABEV,Ambev,30204692,-1.94,3.03,3.07,3.01,1.94,0.0019,47257982820
2026-07-15,2026-07-15 21:49:59 UTC,58,ELVA,Electrovaya,29955262,49.05,11.76,12.3,10.2,26.619999999999997,0.6051,582207964
2026-07-15,2026-07-15 21:49:59 UTC,59,SOUN,SOUNDHOUND AI INC,29781986,-2.8400000000000003,6.5,6.83,6.41,6.2,0.0684,2831882170
2026-07-15,2026-07-15 21:49:59 UTC,60,QXO,QXO Inc,29745758,5.949999999999999,15.32,15.38,14.37,6.950000000000001,0.0287,15899177885
2026-07-15,2026-07-15 21:49:59 UTC,61,IBM,International Business Machines Corp,29446883,-2.7,211.2,223.81,211.03,5.89,0.0313,198503771136
2026-07-15,2026-07-15 21:49:59 UTC,62,RIVN,"Rivian Automotive, Inc. / De",29095483,1.71,17.8,18.79,17.68,6.34,0.0203,25562910599
2026-07-15,2026-07-15 21:49:59 UTC,63,WFC,Wells Fargo Co,28721869,2.6,87.51,87.63,85.7,2.26,0.0094,267797182619
2026-07-15,2026-07-15 21:49:59 UTC,64,INFY,Infosys,28665802,-0.09,11.04,11.19,10.98,1.8599999999999999,0.0071,44782215404
2026-07-15,2026-07-15 21:49:59 UTC,65,GOOGL,Alphabet Inc,28269711,3.17,370.92,373.65,357.76,4.42,0.0023,4493985375018
2026-07-15,2026-07-15 21:49:59 UTC,66,AMD,Advanced Micro Devices Inc,27767208,-3.46,529.14,558.89,509.57,8.98,0.017,862816022120
2026-07-15,2026-07-15 21:49:59 UTC,67,QS,Quantumscape Corp,27554438,0.16,6.43,6.83,6.37,7.17,0.0448,3955382838
2026-07-15,2026-07-15 21:49:59 UTC,68,MRVL,Marvell Technology Inc,26720639,-7.2700000000000005,206.26,223.3,201.22,9.92,0.0305,180635582407
2026-07-15,2026-07-15 21:49:59 UTC,69,WBD,WARNER BROS DISCOVERY INC,26131854,-0.76,27.27,27.44,27.02,1.53,0.0104,68369617863
2026-07-15,2026-07-15 21:49:59 UTC,70,ERNA,Ernexa,26057949,11.06,6.73,9.9,6.11,62.53999999999999,22.3418,7849421
2026-07-15,2026-07-15 21:49:59 UTC,71,PHIO,Phio Pharmaceuticals Corp,26028567,-13.58,0.8901,1.02,0.84,17.47,2.2405,10340514
2026-07-15,2026-07-15 21:49:59 UTC,72,PLTR,Palantir Technologies Inc,26024706,0.03,133.76,136.88,132.88,2.9899999999999998,0.0109,320664450043
2026-07-15,2026-07-15 21:49:59 UTC,73,SMCI,Super Micro Computer Inc,25479947,-2.75,26.89,28.35,26.17,7.870000000000001,0.0394,17393322617
2026-07-15,2026-07-15 21:49:59 UTC,74,GRAB,Grab Holdings Limited,24948984,0.53,3.82,3.89,3.78,2.8899999999999997,0.0061,15623800000
2026-07-15,2026-07-15 21:49:59 UTC,75,KAPA,KAIROS PHARMA LTD,24768497,-6.47,0.318,0.3835,0.3,24.560000000000002,1.1573,6808760
2026-07-15,2026-07-15 21:49:59 UTC,76,BB,Blackberry,24695361,-3.36,10.64,11.2,10.39,7.359999999999999,0.0421,6236108585
2026-07-15,2026-07-15 21:49:59 UTC,77,GOSS,Gossamer Bio,24568347,15.42,0.1617,0.1705,0.1273,30.84,0.0503,79046514
2026-07-15,2026-07-15 21:49:59 UTC,78,CRWV,"CoreWeave, Inc.",24068061,-3.53,77.12,80.64,74.81,7.290000000000001,0.0441,42074385083
2026-07-15,2026-07-15 21:49:59 UTC,79,HBAN,Huntington Bancshares Inc,23932766,1.51,18.12,18.19,17.86,1.8499999999999999,0.0118,36731606236
2026-07-15,2026-07-15 21:49:59 UTC,80,CSCO,Cisco Sys Inc,23824698,-4.54,111.77,117.5,110.22,6.22,0.006,440534152507
2026-07-15,2026-07-15 21:49:59 UTC,81,VALE,Vale S A,23819125,0.5499999999999999,14.67,14.74,14.49,1.7500000000000002,0.0056,62560710156
2026-07-15,2026-07-15 21:49:59 UTC,82,BBAI,BIGBEAR AI HLDGS INC,23767292,1.29,3.14,3.28,3.1,5.81,0.0496,1503901273
2026-07-15,2026-07-15 21:49:59 UTC,83,VZ,Verizon Comms,23026108,0.8500000000000001,42.83,43.34,42.21,2.65,0.0055,178839188115
2026-07-15,2026-07-15 21:49:59 UTC,84,ACHR,Archer Aviation Inc,23024933,-1.44,4.78,5.06,4.712,7.19,0.0303,3630878483
2026-07-15,2026-07-15 21:49:59 UTC,85,CMCSA,Comcast Corp,22868569,1.29,23.49,23.81,23.18,2.7199999999999998,0.0064,83911648803
2026-07-15,2026-07-15 21:49:59 UTC,86,BYND,Beyond Meat,22779857,1.92,0.6333,0.649,0.6235,4.1000000000000005,0.0442,326366336
2026-07-15,2026-07-15 21:49:59 UTC,87,NIO,Nio Inc.,22586926,0.4,5.03,5.21,5.02,3.7900000000000005,0.009,12603505120
2026-07-15,2026-07-15 21:49:59 UTC,88,KEEL,Keel Infrastructure Corp,22487559,-3.1199999999999997,4.35,4.6,4.17,9.58,0.0372,2626654631
2026-07-15,2026-07-15 21:49:59 UTC,89,RGTI,Rigetti Computing Inc,22285431,-5.34,15.25,16.38,14.91,9.120000000000001,0.067,5069081806
2026-07-15,2026-07-15 21:49:59 UTC,90,KOS,Kosmos Energy Ltd,22115764,-7.199999999999999,2.32,2.524,2.27,10.16,0.0373,1376199115
2026-07-15,2026-07-15 21:49:59 UTC,91,ERIC,Telefonaktiebolaget LM Ericsson,21811450,-0.69,10.07,10.33,9.97,3.55,0.0065,33949511971
2026-07-15,2026-07-15 21:49:59 UTC,92,CIFR,Cipher Digital Inc,21648511,0.0,19.87,20.74,18.69,10.31,0.0529,8127807544
2026-07-15,2026-07-15 21:49:59 UTC,93,DNN,Denison Mines,21412765,-2.52,3.09,3.24,3.01,7.26,0.0237,2796502412
2026-07-15,2026-07-15 21:49:59 UTC,94,HOOD,"Robinhood Markets, Inc.",21059791,1.8399999999999999,115.54,116.6,112.12,3.95,0.0234,104044354285
2026-07-15,2026-07-15 21:49:59 UTC,95,STLA,Stellantis N.V,21016128,3.6900000000000004,5.9,5.95,5.83,2.11,0.0073,17095295813
2026-07-15,2026-07-15 21:49:59 UTC,96,SMR,NuScale Power Corporation,20533425,-2.79,8.36,8.91,8.07,9.77,0.0562,3055422464
2026-07-15,2026-07-15 21:49:59 UTC,97,CDE,Coeur Mng Inc,20461490,-0.5599999999999999,15.91,16.49,15.39,6.88,0.0198,16408538672
2026-07-15,2026-07-15 21:49:59 UTC,98,BTE,Baytex Energy,20400976,-2.59,4.13,4.27,4.01,6.13,0.0286,2943011303
2026-07-15,2026-07-15 21:49:59 UTC,99,IONQ,Ionq Inc,20356801,-4.53,37.51,40.07,36.86,8.14,0.0545,14001355749
2026-07-15,2026-07-15 21:49:59 UTC,100,GOOG,Alphabet Inc,20230108,3.5999999999999996,370.21,372.14,355.67,4.61,0.0017,4485383170725
2026-07-16,2026-07-16 21:49:58 UTC,1,LIMN,Liminatus Pharma,575135253,28.999999999999996,0.1477,0.196,0.1277,59.56,10.2755,8267010
2026-07-16,2026-07-16 21:49:58 UTC,2,AAL,American Airline,190850130,-0.19,15.6,16.08,15.29,5.050000000000001,0.2886,10317608137
2026-07-16,2026-07-16 21:49:58 UTC,3,NU,Nu Hldgs Ltd,183873807,-0.65,13.79,13.97,13.61,2.52,0.0381,66612382220
2026-07-16,2026-07-16 21:49:58 UTC,4,ATAI,Atai Beckley Inc,165803708,33.4,7.15,7.22,7.02,3.73,0.4504,2632391719
2026-07-16,2026-07-16 21:49:58 UTC,5,OPEN,Opendoor Technologies Inc,143964287,-3.7900000000000005,4.57,4.805,4.51,6.21,0.1492,4408846408
2026-07-16,2026-07-16 21:49:58 UTC,6,NOK,Nokia,143831507,-7.7299999999999995,10.38,10.89,10.25,5.6899999999999995,0.0257,58052351380
2026-07-16,2026-07-16 21:49:58 UTC,7,TGHL,The GrowHub Limited,138621114,86.61999999999999,1.52,1.7,1.22,58.93000000000001,5.4791,38455711
2026-07-16,2026-07-16 21:49:58 UTC,8,IQST,Iqstel,138445828,38.45,1.22,1.38,1.13,28.37,20.5533,8217854
2026-07-16,2026-07-16 21:49:58 UTC,9,NVDA,Nvidia Corporation,122367789,-2.4,207.4,211.08,205.85,2.46,0.0051,5019080000000
2026-07-16,2026-07-16 21:49:58 UTC,10,ONDS,Ondas Holdings Inc.,109038255,-5.67,6.65,6.91,6.55,5.11,0.1913,3789426743
2026-07-16,2026-07-16 21:49:58 UTC,11,INTC,Intel Corp,106935860,-5.84,96.98,101.88,95.48,6.21,0.0213,487421480000
2026-07-16,2026-07-16 21:49:58 UTC,12,PATH,Uipath Inc,97417056,0.67,12.03,12.16,11.42,6.1899999999999995,0.188,6232986799
2026-07-16,2026-07-16 21:49:58 UTC,13,T,At&T,85197014,2.5700000000000003,21.98,22.18,21.5,3.15,0.0123,152724487593
2026-07-16,2026-07-16 21:49:58 UTC,14,NFLX,Netflix Inc,75628410,0.91,74.35,74.68,72.94,2.31,0.018,313072870556
2026-07-16,2026-07-16 21:49:58 UTC,15,SOFI,Sofi Technologies Inc,71699729,-3.08,17.32,17.93,17.22,3.95,0.0559,22217077584
2026-07-16,2026-07-16 21:49:58 UTC,16,PLUG,Plug Power,67811033,-2.71,2.15,2.21,2.08,5.88,0.0486,2999398526
2026-07-16,2026-07-16 21:49:58 UTC,17,AAPL,Apple Inc,62748091,1.76,333.26,334.68,326.79,2.41,0.0043,4894708260560
2026-07-16,2026-07-16 21:49:58 UTC,18,STAK,STAK inc.,57439543,68.08,3.58,4.4,2.03,111.26,2.99,68773049
2026-07-16,2026-07-16 21:49:58 UTC,19,SKHY,SK Hynix Inc,55405082,-13.69,152.31,168.2,151.38,9.53,0.0076,1110135043050
2026-07-16,2026-07-16 21:49:58 UTC,20,SPCX,Space Exploration Technologies Corp,54924197,-3.08,131.11,137.76,130.74,5.19,0.0042,1714376683094
2026-07-16,2026-07-16 21:49:58 UTC,21,ORCL,Oracle Corp,54473420,-6.25,124.21,131.78,123.66,6.03,0.0189,357783302910
2026-07-16,2026-07-16 21:49:58 UTC,22,ASTS,Ast Spacemobile Inc,52790332,-17.04,55.01,61.5,53.33,12.32,0.136,21350732705
2026-07-16,2026-07-16 21:49:58 UTC,23,JOBY,Joby Aviation Inc,50639007,-5.41,7.34,7.69,7.33,4.7,0.0515,7219938533
2026-07-16,2026-07-16 21:49:58 UTC,24,PFE,Pfizer,49939503,1.29,25.14,25.37,24.86,2.0500000000000003,0.0088,143284026408
2026-07-16,2026-07-16 21:49:58 UTC,25,KAPA,KAIROS PHARMA LTD,46372058,6.890000000000001,0.3399,0.37,0.329,12.889999999999999,2.1658,7277666
2026-07-16,2026-07-16 21:49:58 UTC,26,MU,Micron Technology Inc,45955711,-5.65,853.2,887.71,840.51,5.220000000000001,0.0407,963598236433
2026-07-16,2026-07-16 21:49:58 UTC,27,LCID,Lucid Group Inc,45478539,8.57,6.46,6.87,5.56,22.02,0.1165,2521058979
2026-07-16,2026-07-16 21:49:58 UTC,28,AMZN,Amazon Com,45233688,-1.9900000000000002,249.89,258.08,248.0,3.95,0.0042,2688094076962
2026-07-16,2026-07-16 21:49:58 UTC,29,RKT,Rocket Companies Inc,44988353,2.0500000000000003,14.9,15.34,14.58,5.21,0.0159,42158502857
2026-07-16,2026-07-16 21:49:58 UTC,30,TE,T1 Energy,44834602,-10.81,5.94,6.45,5.76,9.610000000000001,0.1607,1657667347
2026-07-16,2026-07-16 21:49:58 UTC,31,MARA,MARA Holdings Inc,44223838,-7.08,11.42,12.25,11.25,8.06,0.116,4354109144
2026-07-16,2026-07-16 21:49:58 UTC,32,HL,Hecla Mining Co,41418125,-6.08,14.52,15.05,14.38,4.33,0.0618,9738744091
2026-07-16,2026-07-16 21:49:58 UTC,33,EOSE,Eos Energy Enterprises Inc,41312756,-9.379999999999999,3.96,4.63,3.9,16.7,0.117,1398444913
2026-07-16,2026-07-16 21:49:58 UTC,34,IREN,IREN Ltd,41092913,-9.01,34.83,37.42,34.44,7.779999999999999,0.115,12447499215
2026-07-16,2026-07-16 21:49:58 UTC,35,RIVN,"Rivian Automotive, Inc. / De",41037221,-3.9899999999999998,17.09,17.77,16.59,6.63,0.0286,24543266412
2026-07-16,2026-07-16 21:49:58 UTC,36,GOOGL,Alphabet Inc,41021896,-4.44,354.46,375.27,352.3,6.1899999999999995,0.0034,4294559624795
2026-07-16,2026-07-16 21:49:58 UTC,37,SNAP,Snap Inc,40949865,-1.47,4.69,4.81,4.53,5.88,0.0243,7889897749
2026-07-16,2026-07-16 21:49:58 UTC,38,ATPC,Agape Atp Corp,40887228,66.67,4.2,4.84,3.24,63.49,40.8616,4202629
2026-07-16,2026-07-16 21:49:58 UTC,39,FFAI,Faraday Future Intelligent Electric Inc,40109571,-8.85,0.1236,0.1353,0.115,14.899999999999999,0.115,43095978
2026-07-16,2026-07-16 21:49:58 UTC,40,RXRX,"Recursion Pharmaceuticals, Inc.",40103449,-8.76,3.02,3.27,2.975,8.91,0.0757,1600313700
2026-07-16,2026-07-16 21:49:58 UTC,41,DFNS,T3 Defense Inc,39499017,-28.860000000000003,0.0493,0.069,0.0463,32.76,0.3127,6227176
2026-07-16,2026-07-16 21:49:58 UTC,42,WULF,Terawulf Inc,38703989,-7.180000000000001,17.98,18.84,17.7,5.89,0.0781,8909676957
2026-07-16,2026-07-16 21:49:58 UTC,43,DNN,Denison Mines,38071222,-7.7700000000000005,2.85,3.06,2.83,7.4399999999999995,0.0421,2579298341
2026-07-16,2026-07-16 21:49:58 UTC,44,BAC,Bank of America Corp,37337648,-0.16,61.49,62.0,60.99,1.6400000000000001,0.0053,431534819115
2026-07-16,2026-07-16 21:49:58 UTC,45,GRAB,Grab Holdings Limited,37096542,-2.36,3.73,3.855,3.68,4.58,0.0091,15255700000
2026-07-16,2026-07-16 21:49:58 UTC,46,MSFT,Microsoft Corp,36944583,1.38,401.1,405.99,392.05,3.52,0.005,2979545159774
2026-07-16,2026-07-16 21:49:58 UTC,47,SMCI,Super Micro Computer Inc,35834148,-8.219999999999999,24.68,26.72,24.65,7.68,0.0554,15963823064
2026-07-16,2026-07-16 21:49:58 UTC,48,BBAI,BIGBEAR AI HLDGS INC,35767157,-7.01,2.92,3.13,2.91,7.01,0.0747,1398532394
2026-07-16,2026-07-16 21:49:58 UTC,49,MRVL,Marvell Technology Inc,34640025,-8.709999999999999,188.3,201.94,186.15,7.580000000000001,0.0396,164906817450
2026-07-16,2026-07-16 21:49:58 UTC,50,KEEL,Keel Infrastructure Corp,34219006,-9.54,3.935,4.21,3.85,8.28,0.0567,2376065741
2026-07-16,2026-07-16 21:49:58 UTC,51,SOUN,SOUNDHOUND AI INC,34015023,-2.92,6.31,6.45,6.24,3.2300000000000004,0.0781,2749104075
2026-07-16,2026-07-16 21:49:58 UTC,52,AMC,Amc Entmt Hldgs Inc,33802771,0.0,2.07,2.11,1.95,7.7299999999999995,0.0379,1847691600
2026-07-16,2026-07-16 21:49:58 UTC,53,PYPL,Paypal Holdings,33745434,2.18,56.73,57.67,55.28,4.3,0.0383,50041844617
2026-07-16,2026-07-16 21:49:58 UTC,54,F,Ford Mtr Co Del,33295958,0.06999999999999999,14.19,14.27,14.0,1.87,0.0084,56542788419
2026-07-16,2026-07-16 21:49:58 UTC,55,BTSG,"BrightSpring Health Services, Inc.",32758736,-0.15,68.16,70.61,67.21,4.7,0.166,13446937216
2026-07-16,2026-07-16 21:49:58 UTC,56,ABT,Abbott Labs,32747633,10.71,98.83,101.87,94.99,7.93,0.0188,172143322358
2026-07-16,2026-07-16 21:49:58 UTC,57,CMCSA,Comcast Corp,32221853,2.6,24.1,24.28,23.6,2.86,0.009,86090708223
2026-07-16,2026-07-16 21:49:58 UTC,58,RIG,Transocean,31535684,-1.54,5.12,5.22,5.1,2.21,0.0282,5716178821
2026-07-16,2026-07-16 21:49:58 UTC,59,PMI,"Picard Medical, Inc.",30908319,6.52,0.16,0.166,0.1445,14.31,0.301,16431349
2026-07-16,2026-07-16 21:49:58 UTC,60,RKLB,Rocket Lab Usa Inc,30821488,-11.61,67.35,73.95,66.0,10.43,0.0515,40287437345
2026-07-16,2026-07-16 21:49:58 UTC,61,INFY,Infosys,30548465,4.44,11.53,11.58,11.08,4.569999999999999,0.0075,46769831849
2026-07-16,2026-07-16 21:49:58 UTC,62,JBLU,Jetblue Awys Corp,29486924,0.89,5.64,5.68,5.39,5.19,0.0793,2098186562
2026-07-16,2026-07-16 21:49:58 UTC,63,TSLA,Tesla Inc,29130122,-0.86,391.06,395.31,385.32,2.53,0.0078,1468713376993
2026-07-16,2026-07-16 21:49:58 UTC,64,BYND,Beyond Meat,29071791,-5.21,0.6003,0.6353,0.598,5.89,0.0564,309360037
2026-07-16,2026-07-16 21:49:58 UTC,65,BB,Blackberry,29059517,-13.91,9.16,10.51,9.05,13.69,0.0496,5368679947
2026-07-16,2026-07-16 21:49:58 UTC,66,SMR,NuScale Power Corporation,28881490,-8.61,7.64,8.13,7.52,7.3,0.079,2792276031
2026-07-16,2026-07-16 21:49:58 UTC,67,PLTR,Palantir Technologies Inc,28799967,0.51,134.44,136.21,128.68,4.64,0.012,322294622187
2026-07-16,2026-07-16 21:49:58 UTC,68,BMNR,Bitmine Immersion Technologies Inc,28386577,-2.22,15.44,15.78,15.06,4.55,0.0471,9313815523
2026-07-16,2026-07-16 21:49:58 UTC,69,HOOD,"Robinhood Markets, Inc.",28359262,-8.24,106.02,114.52,105.48,7.8100000000000005,0.0315,95471546143
2026-07-16,2026-07-16 21:49:58 UTC,70,HBAN,Huntington Bancshares Inc,28343904,2.4299999999999997,18.56,18.58,18.15,2.21,0.014,37623543694
2026-07-16,2026-07-16 21:49:58 UTC,71,QS,Quantumscape Corp,28321191,-8.16,5.91,6.32,5.76,8.709999999999999,0.046,3632431673
2026-07-16,2026-07-16 21:49:58 UTC,72,NBIS,Nebius Group,28206981,-13.900000000000002,171.77,193.1,169.23,11.959999999999999,0.1111,43612092783
2026-07-16,2026-07-16 21:49:58 UTC,73,IOVA,Iovance Biotherp,28196267,-1.69,4.66,5.13,4.602,10.51,0.0631,2080701165
2026-07-16,2026-07-16 21:49:58 UTC,74,BTBT,Bit Digital Inc,27413834,-6.959999999999999,1.47,1.56,1.46,6.329999999999999,0.0785,513309917
2026-07-16,2026-07-16 21:49:58 UTC,75,HPE,Hewlett Packard Enterprise Co,27332162,-4.77,45.13,47.67,44.74,6.18,0.0206,59761304902
2026-07-16,2026-07-16 21:49:58 UTC,76,AMD,Advanced Micro Devices Inc,26974011,-5.33,500.94,518.74,491.8,5.09,0.0165,816833084100
2026-07-16,2026-07-16 21:49:58 UTC,77,RUBI,Rubico Inc,25992864,-6.18,3.49,6.69,3.04,98.11999999999999,42.9606,2111589
2026-07-16,2026-07-16 21:49:58 UTC,78,CLSK,Cleanspark Inc,25973305,-8.7,12.9,14.2,12.76,10.16,0.1012,3310251017
2026-07-16,2026-07-16 21:49:58 UTC,79,GORO,Gold Resource,25654720,-30.42,0.9254,1.32,0.9013,31.05,0.1585,149784178
2026-07-16,2026-07-16 21:49:58 UTC,80,RGTI,Rigetti Computing Inc,25567542,-7.539999999999999,14.1,14.97,13.93,6.79,0.0769,4686823178
2026-07-16,2026-07-16 21:49:58 UTC,81,ACHR,Archer Aviation Inc,25387029,-6.069999999999999,4.49,4.75,4.45,6.279999999999999,0.0334,3410595060
2026-07-16,2026-07-16 21:49:58 UTC,82,VZ,Verizon Comms,25252238,2.45,43.88,44.22,42.89,3.09,0.006,183223524970
2026-07-16,2026-07-16 21:49:58 UTC,83,CSCO,Cisco Sys Inc,25204389,-1.8900000000000001,109.66,111.24,107.53,3.3099999999999996,0.0064,432217725363
2026-07-16,2026-07-16 21:49:58 UTC,84,CRWV,"CoreWeave, Inc.",24851258,-5.46,72.91,75.62,72.08,4.590000000000001,0.0456,39777533926
2026-07-16,2026-07-16 21:49:58 UTC,85,TSM,Taiwan Semi,24824956,-2.32,409.74,415.95,403.5,2.97,0.0048,2125105862086
2026-07-16,2026-07-16 21:49:58 UTC,86,IONQ,Ionq Inc,24451860,-6.43,35.1,37.24,34.67,6.859999999999999,0.0655,13101775174
2026-07-16,2026-07-16 21:49:58 UTC,87,DXST,Decent Holding Inc.,24376122,43.75,2.99,3.185,2.49,33.410000000000004,13.4294,5427232
2026-07-16,2026-07-16 21:49:58 UTC,88,LYG,Lloyds Banking,23818124,-0.5,6.03,6.06,5.98,1.4000000000000001,0.0016,87839725881
2026-07-16,2026-07-16 21:49:58 UTC,89,GOOG,Alphabet Inc,23525991,-4.43,353.81,374.35,351.67,6.12,0.0019,4286684367344
2026-07-16,2026-07-16 21:49:58 UTC,90,GCTK,Glucotrack,23455012,-5.48,0.5,0.58,0.451,24.37,3.7472,3129639
2026-07-16,2026-07-16 21:49:58 UTC,91,AVGO,Broadcom Inc,23336603,-5.029999999999999,374.45,386.74,371.9,3.7600000000000002,0.0049,1781475905141
2026-07-16,2026-07-16 21:49:58 UTC,92,BURU,Nuburu,23029298,-0.25,0.1196,0.1243,0.112,10.26,0.0925,29785518
2026-07-16,2026-07-16 21:49:58 UTC,93,QXO,QXO Inc,22505881,0.65,15.42,15.66,15.06,3.88,0.0217,16002958419
2026-07-16,2026-07-16 21:49:58 UTC,94,IBM,International Business Machines Corp,22430903,3.7199999999999998,219.05,219.95,204.44,7.33,0.0239,205881870584
2026-07-16,2026-07-16 21:49:58 UTC,95,CAG,Conagra Brands Inc,22374939,2.7,14.47,14.6,14.01,4.12,0.0468,6922985647
2026-07-16,2026-07-16 21:49:58 UTC,96,WBD,WARNER BROS DISCOVERY INC,21618435,0.06999999999999999,27.29,27.3,26.83,1.71,0.0086,68419760597
2026-07-16,2026-07-16 21:49:58 UTC,97,STLA,Stellantis N.V,21429220,1.02,5.96,6.04,5.94,1.69,0.0074,17269146279
2026-07-16,2026-07-16 21:49:58 UTC,98,ERIC,Telefonaktiebolaget LM Ericsson,21383221,-1.79,9.89,10.02,9.84,1.76,0.0063,33342668659
2026-07-16,2026-07-16 21:49:58 UTC,99,GPUS,Hyperscale Data Inc.,21261075,-2.19,0.1252,0.128,0.1241,3.05,0.0461,57793196
2026-07-16,2026-07-16 21:49:58 UTC,100,GETY,GETTY IMAGES HOLDINGS INC,21251325,-15.379999999999999,0.5325,0.657,0.48,27.01,0.0507,223095797
2026-07-17,2026-07-17 21:49:56 UTC,1,ONDS,Ondas Holdings Inc.,214257368,-1.8800000000000001,6.53,6.75,6.22,7.969999999999999,0.4044,3457196930
2026-07-17,2026-07-17 21:49:56 UTC,2,SLND,Southland Holdings Inc,204212323,67.33,1.14,1.22,0.9137,44.940000000000005,3.7665,61809525
2026-07-17,2026-07-17 21:49:56 UTC,3,AAL,American Airline,176770246,-3.9699999999999998,14.98,15.34,14.95,2.53,0.2673,9907549352
2026-07-17,2026-07-17 21:49:56 UTC,4,DFNS,T3 Defense Inc,154754224,-14.81,0.042,0.0654,0.0417,47.46,1.2252,5305099
2026-07-17,2026-07-17 21:49:56 UTC,5,NVDA,Nvidia Corporation,144035792,-2.21,202.81,206.65,197.97,4.18,0.006,4908002000000
2026-07-17,2026-07-17 21:49:56 UTC,6,NFLX,Netflix Inc,141920622,-7.26,68.95,69.49,65.08,5.91,0.0337,290334558505
2026-07-17,2026-07-17 21:49:56 UTC,7,INTC,Intel Corp,126406327,-2.0,95.04,98.05,89.59,8.72,0.0252,477671040000
2026-07-17,2026-07-17 21:49:56 UTC,8,NOK,Nokia,116051421,-2.5,10.12,10.34,9.83,4.91,0.0208,56598246239
2026-07-17,2026-07-17 21:49:56 UTC,9,NU,Nu Hldgs Ltd,112292672,-1.4500000000000002,13.59,13.8,13.33,3.4099999999999997,0.0232,65646285306
2026-07-17,2026-07-17 21:49:56 UTC,10,OPEN,Opendoor Technologies Inc,106448838,-1.53,4.5,4.58,4.34,5.25,0.1103,4341314844
2026-07-17,2026-07-17 21:49:56 UTC,11,PATH,Uipath Inc,92431314,1.0,12.15,12.44,11.92,4.32,0.1784,6295161231
2026-07-17,2026-07-17 21:49:56 UTC,12,JOBY,Joby Aviation Inc,91693619,-1.5,7.23,7.45,6.89,7.630000000000001,0.0932,7111737819
2026-07-17,2026-07-17 21:49:56 UTC,13,SOFI,Sofi Technologies Inc,89857548,-0.22999999999999998,17.28,17.57,16.47,6.35,0.0701,22165767936
2026-07-17,2026-07-17 21:49:56 UTC,14,FFAI,Faraday Future Intelligent Electric Inc,86311336,8.25,0.1338,0.1469,0.128,15.290000000000001,0.2493,46316463
2026-07-17,2026-07-17 21:49:56 UTC,15,SPCX,Space Exploration Technologies Corp,83444770,-5.43,123.99,130.33,122.12,6.260000000000001,0.0064,1621276523048
2026-07-17,2026-07-17 21:49:56 UTC,16,T,At&T,79315842,-0.77,21.81,22.77,21.67,5.0,0.0114,151543269991
2026-07-17,2026-07-17 21:49:56 UTC,17,SKHY,SK Hynix Inc,73715893,1.13,154.03,167.37,145.57,14.31,0.0101,1122671529650
2026-07-17,2026-07-17 21:49:56 UTC,18,HL,Hecla Mining Co,71448118,-1.31,14.33,14.76,14.09,4.58,0.1065,9611308734
2026-07-17,2026-07-17 21:49:56 UTC,19,AAPL,Apple Inc,63366285,0.13999999999999999,333.74,334.99,329.0,1.79,0.0043,4901758191440
2026-07-17,2026-07-17 21:49:56 UTC,20,MU,Micron Technology Inc,62988368,-0.5,848.95,903.96,804.0,11.709999999999999,0.0558,958798315541
2026-07-17,2026-07-17 21:49:56 UTC,21,PLUG,Plug Power,56854561,0.9299999999999999,2.17,2.26,2.08,8.37,0.0408,3027299907
2026-07-17,2026-07-17 21:49:56 UTC,22,ONFO,Onfolio Holdings,53263170,-7.04,0.1346,0.14,0.1226,11.95,7.5654,947628
2026-07-17,2026-07-17 21:49:56 UTC,23,LCID,Lucid Group Inc,48193535,13.930000000000001,7.36,7.56,6.32,19.2,0.1235,2872290106
2026-07-17,2026-07-17 21:49:56 UTC,24,CJMB,Callan JMB Inc.,47535921,41.699999999999996,1.22,1.39,1.14,29.04,8.4192,6888263
2026-07-17,2026-07-17 21:49:56 UTC,25,IREN,IREN Ltd,47138654,-3.47,33.62,34.92,32.22,7.75,0.1319,12015071019
2026-07-17,2026-07-17 21:49:56 UTC,26,PFE,Pfizer,45607900,-0.36,25.05,25.65,24.97,2.69,0.008,142771076433
2026-07-17,2026-07-17 21:49:56 UTC,27,F,Ford Mtr Co Del,45446192,0.27999999999999997,14.23,14.5,13.85,4.58,0.0114,56702176124
2026-07-17,2026-07-17 21:49:56 UTC,28,BAC,Bank of America Corp,45042072,-0.36,61.27,62.12,60.66,2.37,0.0064,429990866274
2026-07-17,2026-07-17 21:49:56 UTC,29,SOUN,SOUNDHOUND AI INC,44361654,-0.63,6.27,6.43,5.98,7.21,0.1018,2731677108
2026-07-17,2026-07-17 21:49:56 UTC,30,GRML,Greenland Mines Ltd,44232705,20.24,0.2091,0.23,0.1701,34.449999999999996,0.3648,25351003
2026-07-17,2026-07-17 21:49:56 UTC,31,MARA,MARA Holdings Inc,43617110,-6.39,10.69,11.05,10.54,4.45,0.1144,4075781677
2026-07-17,2026-07-17 21:49:56 UTC,32,AMZN,Amazon Com,43511835,-1.06,247.23,250.24,243.59,2.6599999999999997,0.004,2659480165862
2026-07-17,2026-07-17 21:49:56 UTC,33,GORO,Gold Resource,42851958,7.79,0.9975,1.12,0.931,20.419999999999998,0.2647,161454201
2026-07-17,2026-07-17 21:49:56 UTC,34,SNAP,Snap Inc,42790171,-3.4099999999999997,4.53,4.645,4.43,4.58,0.0254,7620732794
2026-07-17,2026-07-17 21:49:56 UTC,35,GRAB,Grab Holdings Limited,41852971,-4.29,3.57,3.67,3.52,4.02,0.0102,14601300000
2026-07-17,2026-07-17 21:49:56 UTC,36,ATAI,Atai Beckley Inc,41812464,0.98,7.22,7.22,7.08,1.96,0.113,2671070999
2026-07-17,2026-07-17 21:49:56 UTC,37,AMC,Amc Entmt Hldgs Inc,41310231,-6.279999999999999,1.94,2.05,1.895,7.489999999999999,0.0463,1731652997
2026-07-17,2026-07-17 21:49:56 UTC,38,TE,T1 Energy,40186237,-1.68,5.84,6.1,5.55,9.26,0.144,1629760489
2026-07-17,2026-07-17 21:49:56 UTC,39,CMCSA,Comcast Corp,40119398,-1.29,23.79,24.68,23.66,4.19,0.0112,84983317371
2026-07-17,2026-07-17 21:49:56 UTC,40,ORCL,Oracle Corp,39851650,1.77,126.41,128.44,121.5,5.58,0.0138,364120339110
2026-07-17,2026-07-17 21:49:56 UTC,41,BURU,Nuburu,39417291,-39.21,0.0727,0.12,0.0721,39.21,0.1583,18105411
2026-07-17,2026-07-17 21:49:56 UTC,42,RKT,Rocket Companies Inc,37613468,-2.42,14.54,14.95,14.47,3.26,0.0133,41139908157
2026-07-17,2026-07-17 21:49:56 UTC,43,WULF,Terawulf Inc,37024808,1.0,18.16,18.31,16.55,9.81,0.0747,8998872833
2026-07-17,2026-07-17 21:49:56 UTC,44,RIG,Transocean,36074741,0.38999999999999996,5.14,5.18,5.06,2.34,0.0323,5738507644
2026-07-17,2026-07-17 21:49:56 UTC,45,BMNR,Bitmine Immersion Technologies Inc,35924476,1.6199999999999999,15.69,15.86,14.67,7.71,0.0596,9464622121
2026-07-17,2026-07-17 21:49:56 UTC,46,CRWV,"CoreWeave, Inc.",35855227,0.41000000000000003,73.21,74.5,68.51,8.219999999999999,0.0657,39941205030
2026-07-17,2026-07-17 21:49:56 UTC,47,NXXT,NextNRG Inc.,33621108,14.6,0.2803,0.3,0.2033,39.45,0.2001,47093978
2026-07-17,2026-07-17 21:49:56 UTC,48,MSFT,Microsoft Corp,33010892,-1.81,393.82,398.39,389.39,2.2399999999999998,0.0044,2925466155129
2026-07-17,2026-07-17 21:49:56 UTC,49,KO,Coca Cola Co,32887193,-3.9600000000000004,81.56,85.56,80.83,5.56,0.0076,350910466012
2026-07-17,2026-07-17 21:49:56 UTC,50,SMCI,Super Micro Computer Inc,32203647,-2.03,24.18,25.17,23.38,7.249999999999999,0.0498,15640406875
2026-07-17,2026-07-17 21:49:56 UTC,51,AMD,Advanced Micro Devices Inc,32071870,-1.03,495.76,505.88,460.21,9.120000000000001,0.0197,808386572790
2026-07-17,2026-07-17 21:49:56 UTC,52,PLTR,Palantir Technologies Inc,31841504,-1.53,132.38,134.77,129.05,4.25,0.0133,317356159515
2026-07-17,2026-07-17 21:49:56 UTC,53,CDE,Coeur Mng Inc,31836741,-2.97,14.35,14.7,13.93,5.17,0.0309,14799656188
2026-07-17,2026-07-17 21:49:56 UTC,54,JBLU,Jetblue Awys Corp,31438148,-3.9,5.42,5.59,5.36,4.08,0.0845,2016342405
2026-07-17,2026-07-17 21:49:56 UTC,55,TSLA,Tesla Inc,31322000,-2.6100000000000003,380.84,385.69,377.22,2.17,0.0083,1430329879031
2026-07-17,2026-07-17 21:49:56 UTC,56,VZ,Verizon Comms,31011412,-0.66,43.59,45.02,43.27,3.9899999999999998,0.0074,182012612886
2026-07-17,2026-07-17 21:49:56 UTC,57,STAK,STAK inc.,30661650,-46.37,1.92,3.33,1.85,41.339999999999996,1.5963,36883870
2026-07-17,2026-07-17 21:49:56 UTC,58,ASTS,Ast Spacemobile Inc,30274698,5.07,57.8,61.67,54.4,13.22,0.078,22433600261
2026-07-17,2026-07-17 21:49:56 UTC,59,GOOGL,Alphabet Inc,29929681,-2.17,346.77,348.52,341.36,2.02,0.0025,4201389271258
2026-07-17,2026-07-17 21:49:56 UTC,60,JSPR,Jasper Therapeutics Inc,29630647,14.34,0.885,1.03,0.5807,58.050000000000004,1.0579,24788674
2026-07-17,2026-07-17 21:49:56 UTC,61,MRVL,Marvell Technology Inc,29586554,0.2,188.68,194.05,177.95,8.540000000000001,0.0338,165239608691
2026-07-17,2026-07-17 21:49:56 UTC,62,KVUE,Kenvue Inc.,29311206,-0.21,18.98,19.36,18.85,2.6599999999999997,0.0153,36441764518
2026-07-17,2026-07-17 21:49:56 UTC,63,RIVN,"Rivian Automotive, Inc. / De",28902638,2.1399999999999997,17.46,17.5,16.49,5.79,0.0201,25067449691
2026-07-17,2026-07-17 21:49:56 UTC,64,FIG,Figma,28789642,2.31,23.95,24.39,22.88,6.83,0.0545,12654618923
2026-07-17,2026-07-17 21:49:56 UTC,65,CSCO,Cisco Sys Inc,28455783,2.08,111.94,113.23,108.91,3.94,0.0072,441204196400
2026-07-17,2026-07-17 21:49:56 UTC,66,WMT,Walmart,28274457,-0.62,114.24,118.09,113.6,3.91,0.0036,909130962667
2026-07-17,2026-07-17 21:49:56 UTC,67,EOSE,Eos Energy Enterprises Inc,28162414,4.29,4.13,4.34,3.733,15.340000000000002,0.0797,1458479165
2026-07-17,2026-07-17 21:49:56 UTC,68,WBD,WARNER BROS DISCOVERY INC,28102953,-1.54,26.87,27.46,26.78,2.4699999999999998,0.0112,67366763182
2026-07-17,2026-07-17 21:49:56 UTC,69,HOOD,"Robinhood Markets, Inc.",27559879,-5.72,99.96,104.11,96.59,7.090000000000001,0.0306,90014485497
2026-07-17,2026-07-17 21:49:56 UTC,70,BBAI,BIGBEAR AI HLDGS INC,27367253,-2.74,2.84,2.92,2.79,4.45,0.0571,1360216438
2026-07-17,2026-07-17 21:49:56 UTC,71,ARI,Apollo Comm,26667080,-0.5700000000000001,6.98,7.06,6.89,2.42,0.2036,914011811
2026-07-17,2026-07-17 21:49:56 UTC,72,LIMN,Liminatus Pharma,25409601,-16.72,0.123,0.1319,0.115,11.44,0.3783,8260724
2026-07-17,2026-07-17 21:49:56 UTC,73,ACHR,Archer Aviation Inc,25345606,-1.11,4.44,4.59,4.3,6.239999999999999,0.0334,3372615159
2026-07-17,2026-07-17 21:49:56 UTC,74,KEEL,Keel Infrastructure Corp,25326336,0.38,3.95,4.1,3.64,11.690000000000001,0.0419,2385123171
2026-07-17,2026-07-17 21:49:56 UTC,75,BTBT,Bit Digital Inc,25283464,-4.760000000000001,1.4,1.44,1.37,4.760000000000001,0.0724,488866588
2026-07-17,2026-07-17 21:49:56 UTC,76,BIYA,Baiya International Group Inc,25224446,36.18,4.14,4.79,3.92,28.62,9.3451,11174733
2026-07-17,2026-07-17 21:49:56 UTC,77,NBIS,Nebius Group,24851666,3.46,177.71,186.77,164.31,13.08,0.0979,45120248055
2026-07-17,2026-07-17 21:49:56 UTC,78,BTE,Baytex Energy,24314755,1.95,4.18,4.225,4.12,2.56,0.0341,2978640980
2026-07-17,2026-07-17 21:49:56 UTC,79,AGNC,Agnc Invt Corp,23912425,-1.8399999999999999,11.22,11.4,11.16,2.1,0.0208,12879766431
2026-07-17,2026-07-17 21:49:56 UTC,80,IONQ,Ionq Inc,23911940,-0.91,34.78,35.91,33.29,7.46,0.0641,12982328791
2026-07-17,2026-07-17 21:49:56 UTC,81,SDOT,Sadot Group,23906511,77.53999999999999,25.3,30.97,19.4,81.19,32.1324,18823200
2026-07-17,2026-07-17 21:49:56 UTC,82,BATL,Battalion Oil Corp,23689888,10.83,1.74,1.83,1.6,14.649999999999999,1.0759,38312797
2026-07-17,2026-07-17 21:49:56 UTC,83,APLD,Applied Digital,23543951,-2.46,25.79,26.23,24.03,8.32,0.0824,7369996410
2026-07-17,2026-07-17 21:49:56 UTC,84,IOVA,Iovance Biotherp,23342909,7.3,5.0,5.07,4.44,13.41,0.0523,2232511980
2026-07-17,2026-07-17 21:49:56 UTC,85,AVGO,Broadcom Inc,23236955,-0.97,370.83,377.35,357.8,5.21,0.0049,1764229676923
2026-07-17,2026-07-17 21:49:56 UTC,86,WU,Western Union,23216783,6.47,8.88,8.95,8.17,9.35,0.0743,2774423723
2026-07-17,2026-07-17 21:49:56 UTC,87,BB,Blackberry,22928334,-1.8599999999999999,8.99,9.28,8.82,5.0200000000000005,0.0391,5269042874
2026-07-17,2026-07-17 21:49:56 UTC,88,CIFR,Cipher Digital Inc,22927099,-0.8999999999999999,17.56,17.83,16.13,9.59,0.0561,7182903899
2026-07-17,2026-07-17 21:49:56 UTC,89,WFC,Wells Fargo Co,22762149,-0.64,87.51,89.79,86.5,3.6900000000000004,0.0074,267797182619
2026-07-17,2026-07-17 21:49:56 UTC,90,SMR,NuScale Power Corporation,22539573,1.05,7.72,7.9,7.21,9.030000000000001,0.0617,2821514524
2026-07-17,2026-07-17 21:49:56 UTC,91,RGTI,Rigetti Computing Inc,22448208,0.06999999999999999,14.11,14.58,13.41,8.3,0.0675,4690147166
2026-07-17,2026-07-17 21:49:56 UTC,92,GPUS,Hyperscale Data Inc.,22390563,-0.24,0.1249,0.1255,0.1225,2.4,0.0485,57654714
2026-07-17,2026-07-17 21:49:56 UTC,93,NIO,Nio Inc.,22371031,-2.1999999999999997,4.88,4.9,4.81,1.7999999999999998,0.0089,12227655067
2026-07-17,2026-07-17 21:49:56 UTC,94,ORBS,Eightco Holdings Ord Shs,22338038,-7.249999999999999,0.5773,0.614,0.571,6.909999999999999,0.0594,216935071
2026-07-17,2026-07-17 21:49:56 UTC,95,RKLB,Rocket Lab Usa Inc,22263042,0.4,67.62,70.63,64.51,9.09,0.0372,40448946003
2026-07-17,2026-07-17 21:49:56 UTC,96,META,Meta Platforms Inc,22220264,-2.79,646.01,652.2,626.0,3.94,0.0088,1639846838617
2026-07-17,2026-07-17 21:49:56 UTC,97,CLSK,Cleanspark Inc,22060538,1.01,13.03,13.2,12.15,8.1,0.086,3343610136
2026-07-17,2026-07-17 21:49:56 UTC,98,GOOG,Alphabet Inc,21993587,-2.17,346.12,348.17,341.13,1.9900000000000002,0.0018,4193514013807
2026-07-17,2026-07-17 21:49:56 UTC,99,BYND,Beyond Meat,21860579,-1.53,0.5911,0.61,0.5887,3.55,0.0424,304618887
2026-07-17,2026-07-17 21:49:56 UTC,100,VG,"Venture Global, Inc.",21699718,8.92,13.8,13.84,12.9,7.42,0.0087,34284140814
2026-07-20,2026-07-20 21:49:57 UTC,1,ONDS,Ondas Holdings Inc.,186992355,5.29,6.87,7.01,6.57,6.74,0.3529,3639991250
2026-07-20,2026-07-20 21:49:57 UTC,2,AMC,Amc Entmt Hldgs Inc,185875733,26.8,2.46,2.48,2.1,19.59,0.2082,2195807409
2026-07-20,2026-07-20 21:49:57 UTC,3,PATH,Uipath Inc,170318094,0.08,12.16,12.55,11.71,6.909999999999999,0.3287,6300342434
2026-07-20,2026-07-20 21:49:57 UTC,4,AAL,American Airline,165899962,1.0699999999999998,15.14,15.29,14.94,2.34,0.2508,10013370974
2026-07-20,2026-07-20 21:49:57 UTC,5,ZYBT,Zhengye Biotechnology Holding Limited,162572414,1047.56,8.01,8.01,1.19,977.0799999999999,5.4692,238097250
2026-07-20,2026-07-20 21:49:57 UTC,6,NU,Nu Hldgs Ltd,160862715,2.94,13.99,14.19,13.57,4.5600000000000005,0.0333,67578479134
2026-07-20,2026-07-20 21:49:57 UTC,7,FFAI,Faraday Future Intelligent Electric Inc,155847219,-18.09,0.1096,0.142,0.109,24.66,0.4502,37939345
2026-07-20,2026-07-20 21:49:57 UTC,8,KWM,"K Wave Media, Ltd",131517992,-16.14,0.1039,0.1496,0.0953,43.830000000000005,1.7957,7610034
2026-07-20,2026-07-20 21:49:57 UTC,9,ACHR,Archer Aviation Inc,98825446,19.59,5.31,5.43,4.6,18.47,0.1301,4033465427
2026-07-20,2026-07-20 21:49:57 UTC,10,IREN,IREN Ltd,93061298,19.57,40.2,41.1,36.31,14.16,0.2604,14366622694
2026-07-20,2026-07-20 21:49:57 UTC,11,HL,Hecla Mining Co,89661679,-0.27999999999999997,14.29,14.49,14.06,3.0,0.1337,9584480238
2026-07-20,2026-07-20 21:49:57 UTC,12,INTC,Intel Corp,89415049,2.13,97.06,100.98,96.92,4.2700000000000005,0.0178,487823560000
2026-07-20,2026-07-20 21:49:57 UTC,13,LBGJ,Li Bang International Corporation Inc.,89275908,-90.78,0.2223,2.16,0.202,81.24,26.5829,746572
2026-07-20,2026-07-20 21:49:57 UTC,14,NVDA,Nvidia Corporation,88486268,0.22999999999999998,203.28,207.74,202.28,2.69,0.0037,4919376000000
2026-07-20,2026-07-20 21:49:57 UTC,15,T,At&T,87675037,0.64,21.95,22.04,21.54,2.29,0.0126,152516037428
2026-07-20,2026-07-20 21:49:57 UTC,16,OPEN,Opendoor Technologies Inc,82515381,-1.22,4.445,4.54,4.3,5.33,0.0855,4288254329
2026-07-20,2026-07-20 21:49:57 UTC,17,NOK,Nokia,81222988,-0.4,10.08,10.33,10.07,2.5700000000000003,0.0145,56374537756
2026-07-20,2026-07-20 21:49:57 UTC,18,SOFI,Sofi Technologies Inc,80929844,-1.5599999999999998,17.01,17.45,16.97,2.77,0.0631,21819427812
2026-07-20,2026-07-20 21:49:57 UTC,19,JOBY,Joby Aviation Inc,77171815,3.32,7.47,7.55,7.17,5.26,0.0785,7347812104
2026-07-20,2026-07-20 21:49:57 UTC,20,BIYA,Baiya International Group Inc,75437638,-15.22,3.51,9.89,2.91,168.6,27.948,9474230
2026-07-20,2026-07-20 21:49:57 UTC,21,MARA,MARA Holdings Inc,61066269,9.17,11.67,12.03,11.07,8.98,0.1602,4449426770
2026-07-20,2026-07-20 21:49:57 UTC,22,NFLX,Netflix Inc,60510059,-1.96,67.6,68.38,66.69,2.45,0.0144,284649980492
2026-07-20,2026-07-20 21:49:57 UTC,23,SPCX,Space Exploration Technologies Corp,56991792,-3.34,119.85,125.7,119.68,4.8500000000000005,0.0044,1567142441223
2026-07-20,2026-07-20 21:49:57 UTC,24,AAPL,Apple Inc,53393898,-2.1399999999999997,326.59,333.71,323.68,3.0,0.0036,4796743596040
2026-07-20,2026-07-20 21:49:57 UTC,25,TE,T1 Energy,51067922,3.25,6.03,6.07,5.72,5.99,0.183,1682783519
2026-07-20,2026-07-20 21:49:57 UTC,26,ADVB,Advanced Biomed Inc.,50457139,76.94,8.9,9.42,6.21,63.82,30.541,14703983
2026-07-20,2026-07-20 21:49:57 UTC,27,NXXT,NextNRG Inc.,49130742,-0.89,0.2778,0.32,0.2612,20.979999999999997,0.2924,46673946
2026-07-20,2026-07-20 21:49:57 UTC,28,WBD,WARNER BROS DISCOVERY INC,45261286,-3.7600000000000002,25.86,26.9,25.72,4.390000000000001,0.0181,64834555113
2026-07-20,2026-07-20 21:49:57 UTC,29,SOUN,SOUNDHOUND AI INC,41159907,0.64,6.31,6.43,6.09,5.36,0.0945,2749104075
2026-07-20,2026-07-20 21:49:57 UTC,30,CIFR,Cipher Digital Inc,40913622,16.97,20.54,21.02,18.78,12.73,0.1,8401870506
2026-07-20,2026-07-20 21:49:57 UTC,31,VCIG,VCI Global Ltd,40806567,-33.52,0.6116,0.82,0.5727,26.35,4.3949,5678652
2026-07-20,2026-07-20 21:49:57 UTC,32,F,Ford Mtr Co Del,39906546,-1.69,13.99,14.3,13.94,2.46,0.01,55745849893
2026-07-20,2026-07-20 21:49:57 UTC,33,GOSS,Gossamer Bio,39456721,-17.11,0.141,0.17,0.1388,18.22,0.0807,68927387
2026-07-20,2026-07-20 21:49:57 UTC,34,PFE,Pfizer,38657042,-1.2,24.75,25.16,24.72,1.7399999999999998,0.0068,141061243182
2026-07-20,2026-07-20 21:49:57 UTC,35,MU,Micron Technology Inc,37484603,1.94,865.46,901.0,858.9,4.96,0.0332,977444596464
2026-07-20,2026-07-20 21:49:57 UTC,36,SKHY,SK Hynix Inc,37459461,-1.8599999999999999,151.16,163.43,149.74,8.88,0.0051,1101753089800
2026-07-20,2026-07-20 21:49:57 UTC,37,CMCSA,Comcast Corp,37182319,-0.04,23.78,23.99,23.37,2.6100000000000003,0.0104,84947595085
2026-07-20,2026-07-20 21:49:57 UTC,38,GRAB,Grab Holdings Limited,36950469,1.4000000000000001,3.62,3.68,3.56,3.36,0.009,14805800000
2026-07-20,2026-07-20 21:49:57 UTC,39,CPNG,Coupang Inc,36772432,-1.08,16.44,16.56,15.96,3.55,0.0205,29510855464
2026-07-20,2026-07-20 21:49:57 UTC,40,ORCL,Oracle Corp,36702516,-3.9800000000000004,121.38,125.49,120.03,4.32,0.0127,349631569980
2026-07-20,2026-07-20 21:49:57 UTC,41,GRML,Greenland Mines Ltd,36475076,-10.76,0.1866,0.2095,0.17,18.89,0.3009,22623133
2026-07-20,2026-07-20 21:49:57 UTC,42,PLUG,Plug Power,36420410,-1.8399999999999999,2.13,2.2,2.1,4.61,0.0261,2971497144
2026-07-20,2026-07-20 21:49:57 UTC,43,SMR,NuScale Power Corporation,36331665,3.11,7.96,8.08,7.58,6.54,0.0994,2909230001
2026-07-20,2026-07-20 21:49:57 UTC,44,SNAP,Snap Inc,36304806,0.66,4.56,4.686,4.485,4.55,0.0216,7671201223
2026-07-20,2026-07-20 21:49:57 UTC,45,WULF,Terawulf Inc,36248228,3.85,18.86,19.75,18.73,5.59,0.0732,9345745684
2026-07-20,2026-07-20 21:49:57 UTC,46,RKT,Rocket Companies Inc,34953472,-3.7800000000000002,13.99,14.77,13.8,5.9799999999999995,0.0124,39583721810
2026-07-20,2026-07-20 21:49:57 UTC,47,TSLA,Tesla Inc,33797876,-2.96,369.57,386.61,369.43,4.4799999999999995,0.009,1388002871005
2026-07-20,2026-07-20 21:49:57 UTC,48,AMZN,Amazon Com,32367851,1.1199999999999999,249.99,252.89,248.0,1.9300000000000002,0.003,2689169787905
2026-07-20,2026-07-20 21:49:57 UTC,49,BMNR,Bitmine Immersion Technologies Inc,32012430,5.99,16.63,16.88,15.86,6.47,0.0531,10031654932
2026-07-20,2026-07-20 21:49:57 UTC,50,BAC,Bank of America Corp,30726251,-1.39,60.42,61.49,60.37,1.82,0.0044,424025593933
2026-07-20,2026-07-20 21:49:57 UTC,51,PLTR,Palantir Technologies Inc,30523489,1.87,134.85,136.62,131.82,3.63,0.0127,323277520098
2026-07-20,2026-07-20 21:49:57 UTC,52,CLSK,Cleanspark Inc,29946738,10.67,14.42,15.12,13.43,12.43,0.1167,3700296098
2026-07-20,2026-07-20 21:49:57 UTC,53,JBLU,Jetblue Awys Corp,29545393,0.5499999999999999,5.45,5.53,5.4,2.4,0.0794,2027502972
2026-07-20,2026-07-20 21:49:57 UTC,54,BTBT,Bit Digital Inc,29187210,10.0,1.54,1.58,1.435,10.36,0.0836,537753246
2026-07-20,2026-07-20 21:49:57 UTC,55,KEEL,Keel Infrastructure Corp,28322906,9.87,4.34,4.38,4.05,8.35,0.0469,2620616345
2026-07-20,2026-07-20 21:49:57 UTC,56,QXO,QXO Inc,28170081,-5.970000000000001,13.54,14.56,13.48,7.5,0.0271,14051884371
2026-07-20,2026-07-20 21:49:57 UTC,57,MSFT,Microsoft Corp,27862075,2.15,402.29,403.18,389.65,3.4299999999999997,0.0038,2988384997072
2026-07-20,2026-07-20 21:49:57 UTC,58,GPUS,Hyperscale Data Inc.,27577904,-3.2,0.1209,0.1255,0.12,4.3999999999999995,0.0597,55808286
2026-07-20,2026-07-20 21:49:57 UTC,59,HIHO,Highway Hldgs Ltd,27422440,19.66,0.9296,0.939,0.7811,20.32,5.9273,4300958
2026-07-20,2026-07-20 21:49:57 UTC,60,CDE,Coeur Mng Inc,27343375,-1.32,14.16,14.54,13.97,3.9699999999999998,0.0265,14603702552
2026-07-20,2026-07-20 21:49:57 UTC,61,BYND,Beyond Meat,26668154,0.58,0.5945,0.6029,0.5731,5.04,0.0517,306371052
2026-07-20,2026-07-20 21:49:57 UTC,62,RIG,Transocean,26662740,-2.33,5.02,5.23,5.0,4.47,0.0239,5604534703
2026-07-20,2026-07-20 21:49:57 UTC,63,GMM,Global Mofy AI Ltd,26654510,37.11,3.51,4.42,2.51,74.61,13.669,6844500
2026-07-20,2026-07-20 21:49:57 UTC,64,HDB,Hdfc Bk Ltd,26357046,-10.54,23.6,24.91,23.29,6.15,0.0052,120394954337
2026-07-20,2026-07-20 21:49:57 UTC,65,SES,SES AI,26089241,-8.73,0.5822,0.6613,0.5701,13.48,0.0706,214996774
2026-07-20,2026-07-20 21:49:57 UTC,66,QS,Quantumscape Corp,25928725,0.51,5.89,6.03,5.84,3.2399999999999998,0.0422,3623204497
2026-07-20,2026-07-20 21:49:57 UTC,67,CLF,Cleveland-Cliffs Inc,25862386,-3.2300000000000004,8.98,9.44,8.84,6.47,0.0453,5122323619
2026-07-20,2026-07-20 21:49:57 UTC,68,MRVL,Marvell Technology Inc,24990821,3.32,194.94,202.08,191.99,5.35,0.0285,170721906499
2026-07-20,2026-07-20 21:49:57 UTC,69,SMCI,Super Micro Computer Inc,24839624,-1.4500000000000002,23.83,24.54,23.77,3.18,0.0384,15414015543
2026-07-20,2026-07-20 21:49:57 UTC,70,GOOGL,Alphabet Inc,24704137,1.51,351.99,359.68,350.52,2.64,0.002,4264633646481
2026-07-20,2026-07-20 21:49:57 UTC,71,PYPL,Paypal Holdings,24695700,0.45999999999999996,56.82,57.16,55.28,3.32,0.028,50121234112
2026-07-20,2026-07-20 21:49:57 UTC,72,LYG,Lloyds Banking,24489903,-1.34,5.88,6.01,5.88,2.1,0.0017,85654658073
2026-07-20,2026-07-20 21:49:57 UTC,73,SLNH,SOLUNA HOLDINGS INC,24260920,20.349999999999998,1.36,1.42,1.18,21.240000000000002,0.1538,214536401
2026-07-20,2026-07-20 21:49:57 UTC,74,VG,"Venture Global, Inc.",23528875,3.55,14.29,14.61,13.57,7.4399999999999995,0.0095,35501476248
2026-07-20,2026-07-20 21:49:57 UTC,75,APLD,Applied Digital,23374561,7.99,27.85,28.39,27.1,5.0200000000000005,0.0818,7958681661
2026-07-20,2026-07-20 21:49:57 UTC,76,AMD,Advanced Micro Devices Inc,23346214,1.58,503.57,522.44,502.36,4.05,0.0143,821121563781
2026-07-20,2026-07-20 21:49:57 UTC,77,AGNC,Agnc Invt Corp,23334182,-2.67,10.92,11.29,10.9,3.4299999999999997,0.0203,12535387650
2026-07-20,2026-07-20 21:49:57 UTC,78,CRWV,"CoreWeave, Inc.",22709166,-0.2,73.06,79.31,73.01,8.6,0.0416,39859369478
2026-07-20,2026-07-20 21:49:57 UTC,79,FRSH,Freshworks Inc.,22377795,1.47,11.05,11.22,10.63,5.33,0.081,3054597545
2026-07-20,2026-07-20 21:49:57 UTC,80,INFY,Infosys,22347748,-1.5699999999999998,11.31,11.5,11.27,2.0,0.0055,45877432629
2026-07-20,2026-07-20 21:49:57 UTC,81,GVH,Globavend Holdings,22342423,-68.91000000000001,1.48,2.44,1.36,22.689999999999998,9.2497,3574898
2026-07-20,2026-07-20 21:49:57 UTC,82,ATAI,Atai Beckley Inc,22288888,-0.42,7.19,7.21,7.1,1.52,0.0602,2659972366
2026-07-20,2026-07-20 21:49:57 UTC,83,SKYQ,Sky Quarry Inc,22160680,24.740000000000002,4.74,5.08,4.1,25.790000000000003,4.622,22726622
2026-07-20,2026-07-20 21:49:57 UTC,84,BBAI,BIGBEAR AI HLDGS INC,22096165,-0.7000000000000001,2.82,2.89,2.77,4.2299999999999995,0.0461,1350637449
2026-07-20,2026-07-20 21:49:57 UTC,85,UWMC,Uwm Holdings Corporation,21587146,-6.4399999999999995,1.89,2.02,1.87,7.180000000000001,0.0135,3026056552
2026-07-20,2026-07-20 21:49:57 UTC,86,VZ,Verizon Comms,21339860,-0.21,43.5,43.66,43.14,1.23,0.0051,181636812585
2026-07-20,2026-07-20 21:49:57 UTC,87,LCID,Lucid Group Inc,21028690,-3.4000000000000004,7.11,7.72,7.02,9.51,0.0539,2774725904
2026-07-20,2026-07-20 21:49:57 UTC,88,RXRX,"Recursion Pharmaceuticals, Inc.",20779790,-1.87,2.89,2.955,2.84,3.9,0.0392,1531426025
2026-07-20,2026-07-20 21:49:57 UTC,89,ABEV,Ambev,20760385,1.6500000000000001,3.08,3.09,3.045,1.49,0.0013,48037817520
2026-07-20,2026-07-20 21:49:57 UTC,90,NOW,Servicenow Inc,20499188,1.41,104.7,105.33,98.43,6.68,0.0199,107977947600
2026-07-20,2026-07-20 21:49:57 UTC,91,AUR,Aurora Innovation Inc,20328631,0.5,6.09,6.24,5.99,4.130000000000001,0.0104,11943726812
2026-07-20,2026-07-20 21:49:57 UTC,92,CMG,Chipotle Mexican Grill Inc,19711341,-3.8,33.13,34.16,32.73,4.63,0.0154,42496977420
2026-07-20,2026-07-20 21:49:57 UTC,93,BB,Blackberry,19695583,-1.78,8.83,9.23,8.75,5.28,0.0336,5175266805
2026-07-20,2026-07-20 21:49:57 UTC,94,EOSE,Eos Energy Enterprises Inc,19413400,-1.69,4.06,4.17,3.94,5.57,0.055,1433759179
2026-07-20,2026-07-20 21:49:57 UTC,95,RIOT,Riot Platforms Ord Shs,19354473,8.98,19.9,20.14,18.68,7.969999999999999,0.0512,7525209477
2026-07-20,2026-07-20 21:49:57 UTC,96,PMI,"Picard Medical, Inc.",19213638,-10.34,0.1257,0.1374,0.1213,10.13,0.1871,12908879
2026-07-20,2026-07-20 21:49:57 UTC,97,OWL,Blue Owl Capital Inc,19053821,-1.79,9.35,9.55,9.17,3.6799999999999997,0.0122,14577120389
2026-07-20,2026-07-20 21:49:57 UTC,98,RCON,Recon Technology Ltd,18834577,0.0,0.3905,0.4283,0.3905,9.68,0.2078,35390009
2026-07-20,2026-07-20 21:49:57 UTC,99,HOOD,"Robinhood Markets, Inc.",18695469,-0.6799999999999999,99.28,102.6,98.61,3.8699999999999997,0.0208,89402142058
2026-07-20,2026-07-20 21:49:57 UTC,100,HTZ,Hertz Global Hld,18448229,-2.22,1.76,1.81,1.735,4.17,0.0524,619678561
2026-07-21,2026-07-21 21:49:57 UTC,1,JUNS,"JUPITER NEUROSCIENCES, INC.",349303228,2.85,0.1697,0.2388,0.155,50.79,7.2433,8183631
2026-07-21,2026-07-21 21:49:57 UTC,2,OMH,Ohmyhome Limited,302766582,222.7,0.8061,1.21,0.2451,386.27,13.1061,18621821
2026-07-21,2026-07-21 21:49:57 UTC,3,ONDS,Ondas Holdings Inc.,283291454,11.5,7.66,7.87,6.95,13.389999999999999,0.5347,4058563752
2026-07-21,2026-07-21 21:49:57 UTC,4,KIDZ,KIDZ AI INC,278402030,35.89,0.56,1.04,0.5058,128.61,135.465,1150889
2026-07-21,2026-07-21 21:49:57 UTC,5,SLGB,Smart Logistics Global Limited,181223785,92.47999999999999,0.9799,1.24,0.8099,84.48,4.0272,44095500
2026-07-21,2026-07-21 21:49:57 UTC,6,PATH,Uipath Inc,177003564,-0.9900000000000001,12.04,12.48,11.79,5.680000000000001,0.3416,6238168002
2026-07-21,2026-07-21 21:49:57 UTC,7,LBGJ,Li Bang International Corporation Inc.,164186931,-73.05,0.0599,0.1,0.0527,21.19,48.8884,201168
2026-07-21,2026-07-21 21:49:57 UTC,8,NU,Nu Hldgs Ltd,147122888,2.86,14.39,14.43,13.87,3.93,0.0305,69510672962
2026-07-21,2026-07-21 21:49:57 UTC,9,VIVK,Vivakor,140752771,49.13,2.58,9.63,2.49,412.72,307.5527,1180762
2026-07-21,2026-07-21 21:49:57 UTC,10,T,At&T,139806966,1.41,22.26,22.39,21.7,3.1399999999999997,0.0201,154670022467
2026-07-21,2026-07-21 21:49:57 UTC,11,NVDA,Nvidia Corporation,108420930,1.97,207.29,208.65,204.01,2.2800000000000002,0.0045,5016418000000
2026-07-21,2026-07-21 21:49:57 UTC,12,INTC,Intel Corp,104942062,8.64,105.45,106.34,101.22,5.09,0.0209,529991700000
2026-07-21,2026-07-21 21:49:57 UTC,13,NOK,Nokia,100535385,5.46,10.63,10.77,10.45,3.1300000000000003,0.018,59450529399
2026-07-21,2026-07-21 21:49:57 UTC,14,MARA,MARA Holdings Inc,98105171,4.97,12.25,12.76,11.81,8.14,0.2573,4670563661
2026-07-21,2026-07-21 21:49:57 UTC,15,AAL,American Airline,90787856,0.9199999999999999,15.28,15.4,15.04,2.41,0.1373,10105964893
2026-07-21,2026-07-21 21:49:57 UTC,16,CPHI,China Pharma,88977692,790.1099999999999,8.1,19.19,0.8138,2019.36,2.1959,328228216
2026-07-21,2026-07-21 21:49:57 UTC,17,AMC,Amc Entmt Hldgs Inc,86363278,-10.57,2.2,2.6,2.19,16.669999999999998,0.0968,1963730203
2026-07-21,2026-07-21 21:49:57 UTC,18,SOFI,Sofi Technologies Inc,86274218,3.6999999999999997,17.64,17.67,17.06,3.56,0.0673,22627554768
2026-07-21,2026-07-21 21:49:57 UTC,19,JOBY,Joby Aviation Inc,83733378,2.54,7.66,7.79,7.53,3.4799999999999995,0.0851,7534704246
2026-07-21,2026-07-21 21:49:57 UTC,20,SPCX,Space Exploration Technologies Corp,79378120,3.08,123.54,129.88,120.36,7.9399999999999995,0.0061,1615392383719
2026-07-21,2026-07-21 21:49:57 UTC,21,HL,Hecla Mining Co,76614083,7.000000000000001,15.29,15.39,14.56,5.81,0.1142,10255192641
2026-07-21,2026-07-21 21:49:57 UTC,22,OPEN,Opendoor Technologies Inc,67501800,0.79,4.48,4.53,4.27,5.8500000000000005,0.07,4322020111
2026-07-21,2026-07-21 21:49:57 UTC,23,VIVS,VivoSim Labs Inc,65991906,-10.870000000000001,0.45,0.5686,0.4417,25.130000000000003,18.8868,1572331
2026-07-21,2026-07-21 21:49:57 UTC,24,UTZ,Utz Brands Inc,61815210,88.72,14.06,14.14,14.05,1.21,0.4296,2023038017
2026-07-21,2026-07-21 21:49:57 UTC,25,CLBK,Columbia Financ,57504932,-0.51,11.08,11.08,10.7,3.4099999999999997,0.5526,1152940114
2026-07-21,2026-07-21 21:49:57 UTC,26,FFAI,Faraday Future Intelligent Electric Inc,57504184,1.82,0.1116,0.119,0.105,12.770000000000001,0.1579,40654802
2026-07-21,2026-07-21 21:49:57 UTC,27,NFLX,Netflix Inc,56447599,1.58,68.67,68.75,66.73,2.98,0.0134,289155534917
2026-07-21,2026-07-21 21:49:57 UTC,28,ACHR,Archer Aviation Inc,52148881,-0.5599999999999999,5.28,5.6,5.22,7.16,0.0687,4010677487
2026-07-21,2026-07-21 21:49:57 UTC,29,HIHO,Highway Hldgs Ltd,52098150,15.1,1.07,1.38,1.01,39.800000000000004,11.2604,4950543
2026-07-21,2026-07-21 21:49:57 UTC,30,IREN,IREN Ltd,50918547,2.71,41.29,42.68,40.34,5.82,0.1425,14756165449
2026-07-21,2026-07-21 21:49:57 UTC,31,MU,Micron Technology Inc,49013916,12.17,970.82,982.88,916.57,7.66,0.0434,1096437458853
2026-07-21,2026-07-21 21:49:57 UTC,32,F,Ford Mtr Co Del,48930274,2.0,14.27,14.42,14.03,2.79,0.0123,56861563830
2026-07-21,2026-07-21 21:49:57 UTC,33,GSUN,Golden Sun Health Technology Group Ltd,48506930,1.18,0.253,0.4386,0.2168,88.14,4.8367,2537304
2026-07-21,2026-07-21 21:49:57 UTC,34,TE,T1 Energy,48223451,1.16,6.1,6.25,5.88,6.140000000000001,0.1728,1702318319
2026-07-21,2026-07-21 21:49:57 UTC,35,SMCI,Super Micro Computer Inc,47755451,7.01,25.5,25.54,24.33,5.08,0.0738,16494225613
2026-07-21,2026-07-21 21:49:57 UTC,36,CIFR,Cipher Digital Inc,47410821,11.44,22.89,24.49,20.98,17.09,0.1159,9363136119
2026-07-21,2026-07-21 21:49:57 UTC,37,GPUS,Hyperscale Data Inc.,44458386,5.62,0.1277,0.1321,0.1271,4.14,0.0963,58947214
2026-07-21,2026-07-21 21:49:57 UTC,38,AAPL,Apple Inc,41252822,0.35000000000000003,327.74,329.6,322.22,2.26,0.0028,4813634055440
2026-07-21,2026-07-21 21:49:57 UTC,39,RIG,Transocean,40651794,4.38,5.24,5.26,4.98,5.58,0.0364,5850151762
2026-07-21,2026-07-21 21:49:57 UTC,40,PLUG,Plug Power,39813219,6.569999999999999,2.27,2.3,2.15,7.04,0.0285,3166806816
2026-07-21,2026-07-21 21:49:57 UTC,41,ZNB,Zeta Network Group,39745479,-7.5600000000000005,0.3756,0.4107,0.3656,9.99,21.4513,696005
2026-07-21,2026-07-21 21:49:57 UTC,42,SKHY,SK Hynix Inc,38551255,13.750000000000002,171.94,173.22,160.54,8.38,0.0053,1253211340700
2026-07-21,2026-07-21 21:49:57 UTC,43,SOUN,SOUNDHOUND AI INC,38299952,3.88,6.56,6.6,6.32,4.44,0.0879,2855844249
2026-07-21,2026-07-21 21:49:57 UTC,44,CDE,Coeur Mng Inc,37872801,8.05,15.3,15.31,14.5,5.72,0.0367,15779424367
2026-07-21,2026-07-21 21:49:57 UTC,45,ZYBT,Zhengye Biotechnology Holding Limited,37631093,-64.42,2.85,4.4,2.16,27.97,1.266,84716250
2026-07-21,2026-07-21 21:49:57 UTC,46,MGY,Magnolia Oil & Gas Corp,36975321,-1.72,25.09,25.2,24.06,4.45,0.1999,4640343036
2026-07-21,2026-07-21 21:49:57 UTC,47,SMR,NuScale Power Corporation,36393500,9.42,8.71,8.74,8.1,7.539999999999999,0.0996,3183340868
2026-07-21,2026-07-21 21:49:57 UTC,48,BMNR,Bitmine Immersion Technologies Inc,35761999,3.61,17.23,17.24,16.69,3.3099999999999996,0.0593,10393590768
2026-07-21,2026-07-21 21:49:57 UTC,49,JZXN,Jiuzi Holdings Inc,35394427,67.83,1.93,2.37,1.12,108.69,26.6356,2564663
2026-07-21,2026-07-21 21:49:57 UTC,50,HAL,Halliburton,34072575,-5.47,33.19,33.84,32.38,3.9,0.0408,27726850824
2026-07-21,2026-07-21 21:49:57 UTC,51,TSLA,Tesla Inc,32651975,2.53,378.93,384.07,369.98,3.81,0.0087,1423156446438
2026-07-21,2026-07-21 21:49:57 UTC,52,WULF,Terawulf Inc,31880416,5.36,19.87,20.55,19.36,6.260000000000001,0.0643,9846233656
2026-07-21,2026-07-21 21:49:57 UTC,53,BAC,Bank of America Corp,31628301,1.32,61.22,61.53,60.07,2.42,0.0045,429639967901
2026-07-21,2026-07-21 21:49:57 UTC,54,FIG,Figma,30241202,-8.7,21.93,23.81,21.76,8.53,0.0572,11587298245
2026-07-21,2026-07-21 21:49:57 UTC,55,AMD,Advanced Micro Devices Inc,28963855,8.110000000000001,544.43,548.14,522.6,5.07,0.0178,887747905890
2026-07-21,2026-07-21 21:49:57 UTC,56,GRAB,Grab Holdings Limited,28541578,-3.3099999999999996,3.5,3.62,3.49,3.5900000000000003,0.007,14315000000
2026-07-21,2026-07-21 21:49:57 UTC,57,CLSK,Cleanspark Inc,28459721,6.660000000000001,15.38,15.7,14.67,7.04,0.1109,3946640360
2026-07-21,2026-07-21 21:49:57 UTC,58,CHAI,Core AI Holdings Inc,28300843,-13.22,0.3905,0.42,0.3603,12.73,1.2937,8548765
2026-07-21,2026-07-21 21:49:57 UTC,59,HBAN,Huntington Bancshares Inc,28242976,0.61,18.17,18.2,17.72,2.69,0.0139,36832962765
2026-07-21,2026-07-21 21:49:57 UTC,60,WBD,WARNER BROS DISCOVERY INC,28230804,-0.12,25.83,25.94,25.63,1.18,0.0113,64759341012
2026-07-21,2026-07-21 21:49:57 UTC,61,DHR,Danaher Corporation,28092821,-10.99,179.01,179.26,165.75,6.619999999999999,0.0397,126685272995
2026-07-21,2026-07-21 21:49:57 UTC,62,BYND,Beyond Meat,28022097,2.6100000000000003,0.61,0.6166,0.583,5.65,0.0544,314358859
2026-07-21,2026-07-21 21:49:57 UTC,63,RCON,Recon Technology Ltd,27942311,9.94,0.4293,0.4293,0.3222,27.43,0.3083,38906353
2026-07-21,2026-07-21 21:49:57 UTC,64,AMZN,Amazon Com,27646369,-0.98,247.55,249.34,246.42,1.05,0.0026,2662922440881
2026-07-21,2026-07-21 21:49:57 UTC,65,ORCL,Oracle Corp,27583417,4.67,127.05,127.42,122.21,4.25,0.0096,365963840550
2026-07-21,2026-07-21 21:49:57 UTC,66,PFE,Pfizer,27253044,0.77,24.94,25.01,24.65,1.4500000000000002,0.0048,142144137574
2026-07-21,2026-07-21 21:49:57 UTC,67,CPNG,Coupang Inc,27166169,-4.14,15.76,16.62,15.63,6.01,0.0151,28290211807
2026-07-21,2026-07-21 21:49:57 UTC,68,CMCSA,Comcast Corp,27091219,0.13,23.81,23.95,23.58,1.5599999999999998,0.0076,85054761942
2026-07-21,2026-07-21 21:49:57 UTC,69,LASE,Laser Photonics Corp,26354480,5.5,1.15,1.3,1.09,19.27,0.5531,54794765
2026-07-21,2026-07-21 21:49:57 UTC,70,KEEL,Keel Infrastructure Corp,25943784,7.140000000000001,4.65,4.73,4.48,5.76,0.043,2807803227
2026-07-21,2026-07-21 21:49:57 UTC,71,NSA,National Storage Affiliates Tr,25654060,-1.7399999999999998,43.41,44.24,43.02,2.5100000000000002,0.3305,3369725863
2026-07-21,2026-07-21 21:49:57 UTC,72,RIVN,"Rivian Automotive, Inc. / De",25607310,3.02,17.76,17.78,17.13,3.74,0.0178,25505465856
2026-07-21,2026-07-21 21:49:57 UTC,73,NBIS,Nebius Group,25552934,18.78,216.92,217.62,192.12,13.919999999999998,0.1006,55075596242
2026-07-21,2026-07-21 21:49:57 UTC,74,JBLU,Jetblue Awys Corp,25088208,-1.83,5.35,5.5,5.26,4.31,0.0674,1990301082
2026-07-21,2026-07-21 21:49:57 UTC,75,BSX,Boston Scien Cp,24994333,-1.3299999999999998,43.19,43.72,42.88,1.8800000000000001,0.0168,64195680181
2026-07-21,2026-07-21 21:49:57 UTC,76,QXO,QXO Inc,24808941,2.9499999999999997,13.94,14.12,13.37,5.54,0.0239,14467006509
2026-07-21,2026-07-21 21:49:57 UTC,77,CRWV,"CoreWeave, Inc.",24791651,8.92,79.58,80.45,74.5,8.14,0.0454,43416488134
2026-07-21,2026-07-21 21:49:57 UTC,78,BTG,B2Gold,24440832,4.66,3.82,3.85,3.71,3.84,0.0183,5103182143
2026-07-21,2026-07-21 21:49:57 UTC,79,AGNC,Agnc Invt Corp,24362996,-1.28,10.78,11.16,10.7,4.12,0.0212,12374677552
2026-07-21,2026-07-21 21:49:57 UTC,80,MSFT,Microsoft Corp,24052452,-1.13,397.75,401.47,396.32,1.28,0.0032,2954659903516
2026-07-21,2026-07-21 21:49:57 UTC,81,GOOGL,Alphabet Inc,23283507,-1.38,347.15,351.32,347.0,1.17,0.0019,4205993267922
2026-07-21,2026-07-21 21:49:57 UTC,82,APLD,Applied Digital,23254726,7.9,30.05,30.81,28.66,7.720000000000001,0.0814,8587374646
2026-07-21,2026-07-21 21:49:57 UTC,83,PLTR,Palantir Technologies Inc,23077255,-1.6199999999999999,132.66,134.68,131.23,2.56,0.0096,318027406868
2026-07-21,2026-07-21 21:49:57 UTC,84,WMT,Walmart,22661699,-1.6099999999999999,110.39,111.8,109.89,1.7000000000000002,0.0028,878492357920
2026-07-21,2026-07-21 21:49:57 UTC,85,MRVL,Marvell Technology Inc,22043127,6.68,207.96,210.6,202.84,3.9800000000000004,0.0252,182124385327
2026-07-21,2026-07-21 21:49:57 UTC,86,SNAP,Snap Inc,21787871,0.0,4.56,4.635,4.51,2.74,0.013,7671201223
2026-07-21,2026-07-21 21:49:57 UTC,87,QS,Quantumscape Corp,21483230,2.7199999999999998,6.05,6.14,5.9,4.07,0.0349,3721627709
2026-07-21,2026-07-21 21:49:57 UTC,88,DFNS,T3 Defense Inc,21419877,54.230000000000004,6.57,8.75,4.19,107.04,21.1974,6638952
2026-07-21,2026-07-21 21:49:57 UTC,89,ASTS,Ast Spacemobile Inc,21336487,10.31,63.34,64.63,58.8,10.100000000000001,0.055,24583810390
2026-07-21,2026-07-21 21:49:57 UTC,90,RKT,Rocket Companies Inc,21186164,-2.4299999999999997,13.65,14.06,13.63,3.0700000000000003,0.0075,38621715705
2026-07-21,2026-07-21 21:49:57 UTC,91,DNN,Denison Mines,20881053,5.65,2.99,3.01,2.87,4.95,0.0231,2706000716
2026-07-21,2026-07-21 21:49:57 UTC,92,BB,Blackberry,20528512,1.81,8.99,9.05,8.79,2.94,0.035,5269042874
2026-07-21,2026-07-21 21:49:57 UTC,93,BTBT,Bit Digital Inc,20420040,2.6,1.58,1.61,1.55,3.5700000000000003,0.0585,551720863
2026-07-21,2026-07-21 21:49:57 UTC,94,IONQ,Ionq Inc,20374823,3.71,35.51,36.07,34.7,3.9699999999999998,0.0546,13254815853
2026-07-21,2026-07-21 21:49:57 UTC,95,VZ,Verizon Comms,20336691,0.64,43.78,43.87,42.89,2.25,0.0049,182805969079
2026-07-21,2026-07-21 21:49:57 UTC,96,IOVA,Iovance Biotherp,20315553,9.16,5.48,5.53,5.02,10.16,0.0455,2446833130
2026-07-21,2026-07-21 21:49:57 UTC,97,MSTR,Strategy Inc,20125424,4.22,101.95,104.6,99.95,4.75,0.0574,35728160550
2026-07-21,2026-07-21 21:49:57 UTC,98,GRML,Greenland Mines Ltd,19982434,31.3,0.245,0.245,0.1825,33.489999999999995,0.1648,29703471
2026-07-21,2026-07-21 21:49:57 UTC,99,RDW,Redwire Corporation,19821205,9.53,9.42,9.54,8.66,9.71,0.083,2249734749
2026-07-21,2026-07-21 21:49:57 UTC,100,NXXT,NextNRG Inc.,19814430,25.88,0.3497,0.3679,0.2587,39.34,0.1179,58754064
2026-07-22,2026-07-22 21:49:58 UTC,1,ZBAO,Zhibao Tech,492952852,44.75,0.262,0.415,0.16,140.88,14.4724,8924163
2026-07-22,2026-07-22 21:49:58 UTC,2,T,At&T,187260542,3.5000000000000004,23.04,23.65,22.73,4.04,0.027,160089726758
2026-07-22,2026-07-22 21:49:58 UTC,3,ONDS,Ondas Holdings Inc.,175832725,4.44,8.0,8.58,7.74,10.97,0.3319,4238708880
2026-07-22,2026-07-22 21:49:58 UTC,4,SMCI,Super Micro Computer Inc,162696704,19.84,30.56,32.28,28.5,14.84,0.2515,19767197441
2026-07-22,2026-07-22 21:49:58 UTC,5,LBGJ,Li Bang International Corporation Inc.,140085348,-42.4,0.0345,0.05,0.0335,27.55,41.7123,115864
2026-07-22,2026-07-22 21:49:58 UTC,6,NVDA,Nvidia Corporation,137231166,2.3,212.06,214.39,204.95,4.55,0.0057,5131852000000
2026-07-22,2026-07-22 21:49:58 UTC,7,ZCMD,Zhongchao Inc,128313324,191.84,4.29,11.96,2.13,668.71,110.9453,4961582
2026-07-22,2026-07-22 21:49:58 UTC,8,AAL,American Airline,118503174,-3.2099999999999995,14.79,15.31,14.62,4.52,0.1792,9781886176
2026-07-22,2026-07-22 21:49:58 UTC,9,CHAI,Core AI Holdings Inc,109943245,28.04,0.5,0.618,0.4464,43.94,5.0221,10945923
2026-07-22,2026-07-22 21:49:58 UTC,10,PATH,Uipath Inc,106029063,-11.129999999999999,10.7,12.02,10.38,13.459999999999999,0.2046,5543886846
2026-07-22,2026-07-22 21:49:58 UTC,11,OPEN,Opendoor Technologies Inc,95513419,-2.23,4.38,4.5,4.35,3.35,0.099,4225546448
2026-07-22,2026-07-22 21:49:58 UTC,12,NU,Nu Hldgs Ltd,94370034,0.83,14.51,14.55,13.9,4.45,0.0195,70090331110
2026-07-22,2026-07-22 21:49:58 UTC,13,SPCX,Space Exploration Technologies Corp,92098471,-6.7,115.26,124.77,115.19,7.75,0.007,1507124220070
2026-07-22,2026-07-22 21:49:58 UTC,14,NOK,Nokia,91849240,-3.29,10.28,10.48,10.2,2.63,0.0164,57493080172
2026-07-22,2026-07-22 21:49:58 UTC,15,SOFI,Sofi Technologies Inc,90108115,-3.2300000000000004,17.07,17.62,16.96,3.71,0.0702,21896392284
2026-07-22,2026-07-22 21:49:58 UTC,16,LABT,Lakewood-Amedex,79252007,83.33,3.41,6.85,3.0,206.99,45.2668,5970190
2026-07-22,2026-07-22 21:49:58 UTC,17,INTC,Intel Corp,77971115,-2.68,102.62,106.85,101.48,5.09,0.0155,515768120000
2026-07-22,2026-07-22 21:49:58 UTC,18,FFAI,Faraday Future Intelligent Electric Inc,75928688,-28.939999999999998,0.0793,0.0878,0.0658,19.62,0.2084,28888224
2026-07-22,2026-07-22 21:49:58 UTC,19,WETO,Wetour Robotics Limited,68077370,-82.49,0.1401,0.2,0.1311,8.6,0.8302,11488200
2026-07-22,2026-07-22 21:49:58 UTC,20,F,Ford Mtr Co Del,61981774,1.05,14.42,14.7,14.26,3.01,0.0156,57459267724
2026-07-22,2026-07-22 21:49:58 UTC,21,AEHL,Antelope Enterprise Hldgs Ltd,61954610,-13.750000000000002,0.5568,0.99,0.54,69.69999999999999,3.413,10107281
2026-07-22,2026-07-22 21:49:58 UTC,22,TE,T1 Energy,52701493,-1.15,6.03,6.3,5.94,5.8999999999999995,0.1888,1682783519
2026-07-22,2026-07-22 21:49:58 UTC,23,KUST,Kustom Entertainment Inc,52187493,46.739999999999995,1.41,1.85,1.1,78.03,83.2522,883872
2026-07-22,2026-07-22 21:49:58 UTC,24,INM,Inmed Pharmaceuticals Inc,51992585,7.79,1.66,2.33,1.49,54.55,15.6885,5501344
2026-07-22,2026-07-22 21:49:58 UTC,25,BAC,Bank of America Corp,51481968,0.65,61.62,61.9,61.15,1.18,0.0073,432447154885
2026-07-22,2026-07-22 21:49:58 UTC,26,CDE,Coeur Mng Inc,51171200,3.53,15.84,16.45,15.59,5.62,0.0496,16336345227
2026-07-22,2026-07-22 21:49:58 UTC,27,INLF,INLIF,50874105,68.61,3.76,4.86,2.97,84.75,46.5135,4112500
2026-07-22,2026-07-22 21:49:58 UTC,28,NFLX,Netflix Inc,44850714,-0.2,68.53,70.57,68.35,3.2300000000000004,0.0107,288566023123
2026-07-22,2026-07-22 21:49:58 UTC,29,GRAB,Grab Holdings Limited,44502536,-4.29,3.35,3.52,3.34,5.140000000000001,0.0109,13701500000
2026-07-22,2026-07-22 21:49:58 UTC,30,NOW,Servicenow Inc,42990520,-6.47,95.46,101.16,94.74,6.140000000000001,0.0417,98448661680
2026-07-22,2026-07-22 21:49:58 UTC,31,RIG,Transocean,42525748,1.15,5.3,5.38,5.25,2.48,0.0381,5917138232
2026-07-22,2026-07-22 21:49:58 UTC,32,MARA,MARA Holdings Inc,42483645,1.31,12.41,12.85,11.9,7.76,0.1114,4731566942
2026-07-22,2026-07-22 21:49:58 UTC,33,AMC,Amc Entmt Hldgs Inc,42127296,2.27,2.25,2.42,2.15,12.27,0.0472,2008360435
2026-07-22,2026-07-22 21:49:58 UTC,34,IREN,IREN Ltd,41608466,-0.02,41.28,43.72,40.25,8.33,0.1164,14752591662
2026-07-22,2026-07-22 21:49:58 UTC,35,JOBY,Joby Aviation Inc,39838051,-0.38999999999999996,7.63,7.94,7.56,4.96,0.0405,7505194960
2026-07-22,2026-07-22 21:49:58 UTC,36,SMR,NuScale Power Corporation,39836533,-0.33999999999999997,8.68,8.95,8.51,5.11,0.109,3172376434
2026-07-22,2026-07-22 21:49:58 UTC,37,AAPL,Apple Inc,38700645,-0.5599999999999999,325.89,329.0,323.34,1.73,0.0026,4786462446840
2026-07-22,2026-07-22 21:49:58 UTC,38,PLTR,Palantir Technologies Inc,38457980,-6.1,124.57,132.35,123.45,6.68,0.016,298633152974
2026-07-22,2026-07-22 21:49:58 UTC,39,GOOGL,Alphabet Inc,38233192,-1.46,342.09,349.94,341.73,2.37,0.0032,4144687417610
2026-07-22,2026-07-22 21:49:58 UTC,40,ACHR,Archer Aviation Inc,36955663,-1.8900000000000001,5.18,5.42,5.08,6.34,0.0487,3934717686
2026-07-22,2026-07-22 21:49:58 UTC,41,SOUN,SOUNDHOUND AI INC,36846145,-1.4500000000000002,6.46,6.59,6.35,3.66,0.0846,2814455202
2026-07-22,2026-07-22 21:49:58 UTC,42,CMCSA,Comcast Corp,36625477,-1.22,23.52,24.25,23.49,3.18,0.0103,84018815660
2026-07-22,2026-07-22 21:49:58 UTC,43,HL,Hecla Mining Co,36198349,2.62,15.69,16.19,15.56,4.09,0.054,10523477603
2026-07-22,2026-07-22 21:49:58 UTC,44,BMNR,Bitmine Immersion Technologies Inc,35143793,2.96,17.74,18.24,17.03,7.02,0.0583,10701236229
2026-07-22,2026-07-22 21:49:58 UTC,45,AMZN,Amazon Com,33867400,-1.09,244.85,248.45,242.45,2.42,0.0031,2633878245404
2026-07-22,2026-07-22 21:49:58 UTC,46,HBAN,Huntington Bancshares Inc,33547383,0.5499999999999999,18.27,18.38,18.13,1.35,0.0165,37035675824
2026-07-22,2026-07-22 21:49:58 UTC,47,ATCH,AtlasClear,33422412,9.27,0.2121,0.2121,0.1963,7.88,0.2223,31886641
2026-07-22,2026-07-22 21:49:58 UTC,48,PFE,Pfizer,32959972,-0.48,24.82,25.19,24.78,1.6400000000000001,0.0058,141460204274
2026-07-22,2026-07-22 21:49:58 UTC,49,GPUS,Hyperscale Data Inc.,32621963,3.1300000000000003,0.1317,0.1354,0.1275,6.1899999999999995,0.0707,60793642
2026-07-22,2026-07-22 21:49:58 UTC,50,RGTI,Rigetti Computing Inc,32591613,-0.33,15.23,15.56,15.0,3.63,0.0981,5062433830
2026-07-22,2026-07-22 21:49:58 UTC,51,AUR,Aurora Innovation Inc,31485924,4.75,6.61,6.72,6.3,6.660000000000001,0.0161,12963552418
2026-07-22,2026-07-22 21:49:58 UTC,52,MU,Micron Technology Inc,31171235,-1.17,959.48,982.62,936.06,4.8,0.0276,1083630140521
2026-07-22,2026-07-22 21:49:58 UTC,53,NIO,Nio Inc.,31057853,-2.5100000000000002,4.67,4.765,4.66,2.09,0.0124,11701464992
2026-07-22,2026-07-22 21:49:58 UTC,54,TSLA,Tesla Inc,29850014,-1.3,374.01,380.17,372.9,1.92,0.0079,1404678284992
2026-07-22,2026-07-22 21:49:58 UTC,55,INFY,Infosys,29622384,-2.06,10.93,11.32,10.82,4.53,0.0073,44336015794
2026-07-22,2026-07-22 21:49:58 UTC,56,ADVB,Advanced Biomed Inc.,29530828,73.02,12.25,18.73,8.08,150.42,17.8744,20238629
2026-07-22,2026-07-22 21:49:58 UTC,57,KAPA,KAIROS PHARMA LTD,29447924,-12.65,0.3127,0.3817,0.29,25.419999999999998,1.3754,6695281
2026-07-22,2026-07-22 21:49:58 UTC,58,QS,Quantumscape Corp,29437331,-2.98,5.87,6.19,5.84,5.79,0.0479,3610901596
2026-07-22,2026-07-22 21:49:58 UTC,59,MVIS,Microvision,29417808,-11.82,0.2998,0.3199,0.28,11.74,0.0854,103324860
2026-07-22,2026-07-22 21:49:58 UTC,60,MTEN,Mingteng International,28397748,14.680000000000001,1.25,1.95,0.98,88.99000000000001,4.1137,8629025
2026-07-22,2026-07-22 21:49:58 UTC,61,RIOT,Riot Platforms Ord Shs,28102850,8.790000000000001,23.38,23.65,20.81,13.19,0.0743,8841175757
2026-07-22,2026-07-22 21:49:58 UTC,62,MSFT,Microsoft Corp,28067041,-1.8599999999999999,390.34,401.0,386.96,3.53,0.0038,2899615202359
2026-07-22,2026-07-22 21:49:58 UTC,63,PLUG,Plug Power,27531817,-1.76,2.23,2.335,2.22,5.07,0.0197,3111004052
2026-07-22,2026-07-22 21:49:58 UTC,64,SKHY,SK Hynix Inc,26740110,-3.88,165.27,170.09,162.0,4.71,0.0037,1204596011850
2026-07-22,2026-07-22 21:49:58 UTC,65,NG,Novagold Rscs,26008693,10.299999999999999,6.21,6.62,5.8,14.48,0.0593,2724827612
2026-07-22,2026-07-22 21:49:58 UTC,66,SXTC,China Sxt Pharmaceuticals Inc,25762049,-24.63,2.02,2.39,1.625,28.54,0.6741,77200515
2026-07-22,2026-07-22 21:49:58 UTC,67,KEEL,Keel Infrastructure Corp,25086650,0.86,4.69,4.905,4.51,8.450000000000001,0.0415,2831956373
2026-07-22,2026-07-22 21:49:58 UTC,68,AGNC,Agnc Invt Corp,25014593,-0.5599999999999999,10.72,10.91,10.68,2.13,0.0218,12305801795
2026-07-22,2026-07-22 21:49:58 UTC,69,AMD,Advanced Micro Devices Inc,24691652,1.4500000000000002,552.33,561.47,526.6,6.35,0.0151,900629650938
2026-07-22,2026-07-22 21:49:58 UTC,70,CIFR,Cipher Digital Inc,24483311,6.859999999999999,24.46,24.63,22.31,10.14,0.0599,10005343358
2026-07-22,2026-07-22 21:49:58 UTC,71,MGY,Magnolia Oil & Gas Corp,24328336,2.03,25.6,25.94,25.39,2.17,0.1315,4734666470
2026-07-22,2026-07-22 21:49:58 UTC,72,WULF,Terawulf Inc,23978070,-1.91,19.49,20.65,19.23,7.12,0.0484,9657931251
2026-07-22,2026-07-22 21:49:58 UTC,73,VZ,Verizon Comms,23732620,1.16,44.29,45.12,44.16,2.1999999999999997,0.0057,184935504123
2026-07-22,2026-07-22 21:49:58 UTC,74,LICN,Lichen International,23632712,-21.5,0.9027,1.73,0.705,89.12,1.4378,14837521
2026-07-22,2026-07-22 21:49:58 UTC,75,SNAP,Snap Inc,23504569,-1.97,4.47,4.57,4.44,2.85,0.014,7519795935
2026-07-22,2026-07-22 21:49:58 UTC,76,JUNS,"JUPITER NEUROSCIENCES, INC.",23483009,2.8899999999999997,0.1746,0.1999,0.1367,37.24,0.487,8419929
2026-07-22,2026-07-22 21:49:58 UTC,77,WMT,Walmart,23471381,-0.96,109.33,110.0,108.72,1.16,0.0029,870056794016
2026-07-22,2026-07-22 21:49:58 UTC,78,CRWV,"CoreWeave, Inc.",23355835,3.85,82.64,85.37,79.58,7.28,0.0428,45085933393
2026-07-22,2026-07-22 21:49:58 UTC,79,PCG,PG&E Us,22967934,3.54,18.11,18.11,17.5,3.37,0.0104,39882289824
2026-07-22,2026-07-22 21:49:58 UTC,80,GOOG,Alphabet Inc,22692145,-1.24,341.91,349.45,341.64,2.26,0.0019,4142506577085
2026-07-22,2026-07-22 21:49:58 UTC,81,VG,"Venture Global, Inc.",22656573,5.41,14.82,14.95,14.27,4.84,0.0091,36818186004
2026-07-22,2026-07-22 21:49:58 UTC,82,BTBT,Bit Digital Inc,22357674,-1.27,1.56,1.62,1.53,5.7,0.064,544737055
2026-07-22,2026-07-22 21:49:58 UTC,83,HKPD,Cellyan Biotechnology Co Ltd,22062057,-7.16,0.3528,0.3854,0.31,19.18,0.9388,8290795
2026-07-22,2026-07-22 21:49:58 UTC,84,BYND,Beyond Meat,21931441,-2.21,0.5965,0.6134,0.592,3.51,0.0426,307401736
2026-07-22,2026-07-22 21:49:58 UTC,85,BBAI,BIGBEAR AI HLDGS INC,21709130,-2.04,2.88,2.99,2.84,5.1,0.0453,1379374416
2026-07-22,2026-07-22 21:49:58 UTC,86,UTZ,Utz Brands Inc,21418095,0.0,14.06,14.11,14.05,0.43,0.1489,2023038017
2026-07-22,2026-07-22 21:49:58 UTC,87,JBLU,Jetblue Awys Corp,21254522,-3.55,5.16,5.24,5.1,2.62,0.0571,1919617493
2026-07-22,2026-07-22 21:49:58 UTC,88,RIVN,"Rivian Automotive, Inc. / De",21163657,-3.27,17.18,17.94,16.99,5.35,0.0147,24672517084
2026-07-22,2026-07-22 21:49:58 UTC,89,ORCL,Oracle Corp,21024730,-0.95,125.84,128.84,124.7,3.26,0.0073,362478470640
2026-07-22,2026-07-22 21:49:58 UTC,90,RKLB,Rocket Lab Usa Inc,20896147,0.91,69.75,72.94,69.25,5.34,0.0349,41723069856
2026-07-22,2026-07-22 21:49:58 UTC,91,HAO,Haoxi Health Technology Limited,20629424,-9.139999999999999,0.187,0.28,0.18,48.59,2.8173,1369312
2026-07-22,2026-07-22 21:49:58 UTC,92,PASW,Ping An Biomedical,20516681,-11.110000000000001,0.1304,0.2142,0.11,70.08,0.1647,16241320
2026-07-22,2026-07-22 21:49:58 UTC,93,CMG,Chipotle Mexican Grill Inc,20322099,-3.36,32.2,33.37,31.88,4.73,0.0158,41304034800
2026-07-22,2026-07-22 21:49:58 UTC,94,CLF,Cleveland-Cliffs Inc,20196063,2.16,9.45,9.67,9.25,4.54,0.0354,5390418508
2026-07-22,2026-07-22 21:49:58 UTC,95,SAN,Banco Santander,19904688,0.66,13.74,13.93,13.72,1.54,0.0014,198213240000
2026-07-22,2026-07-22 21:49:58 UTC,96,WBD,WARNER BROS DISCOVERY INC,19728355,0.08,25.85,26.27,25.75,1.9900000000000002,0.0079,64809483746
2026-07-22,2026-07-22 21:49:58 UTC,97,HAL,Halliburton,19470899,-0.48,33.03,33.82,32.67,3.46,0.0233,27593187187
2026-07-22,2026-07-22 21:49:58 UTC,98,NKE,Nike Inc Cl B,18974378,-1.7500000000000002,42.21,42.91,41.57,3.1199999999999997,0.0128,62618480253
2026-07-22,2026-07-22 21:49:58 UTC,99,DKNG,Draftkings Inc,18911334,-4.279999999999999,22.83,23.81,22.31,6.25,0.0381,11326620892
2026-07-22,2026-07-22 21:49:58 UTC,100,KSCP,"Knightscope, Inc.",18722255,45.45,2.08,2.29,1.485,56.11000000000001,1.0852,35883459
2026-07-23,2026-07-23 21:49:58 UTC,1,LBGJ,Li Bang International Corporation Inc.,259071474,-9.569999999999999,0.0312,0.0328,0.0275,15.36,77.1413,104782
2026-07-23,2026-07-23 21:49:58 UTC,2,NOK,Nokia,182264109,-5.35,9.73,10.36,9.68,6.569999999999999,0.0326,54417088528
2026-07-23,2026-07-23 21:49:58 UTC,3,NU,Nu Hldgs Ltd,181324312,-2.21,14.19,14.51,14.09,2.8899999999999997,0.0375,68544576048
2026-07-23,2026-07-23 21:49:58 UTC,4,WBUY,Webuy Global,173979588,47.760000000000005,1.12,1.39,0.9437,58.879999999999995,31.7417,6138836
2026-07-23,2026-07-23 21:49:58 UTC,5,INTC,Intel Corp,134836402,-2.33,100.23,104.18,99.24,4.82,0.0268,503755980000
2026-07-23,2026-07-23 21:49:58 UTC,6,AAL,American Airline,121446552,-8.35,13.56,14.17,13.31,5.8500000000000005,0.1836,8965075532
2026-07-23,2026-07-23 21:49:58 UTC,7,TSLA,Tesla Inc,115219000,-14.52,319.69,342.11,315.74,6.99,0.0307,1200667364319
2026-07-23,2026-07-23 21:49:58 UTC,8,NVDA,Nvidia Corporation,110249926,-1.5599999999999998,208.76,210.87,205.96,2.31,0.0046,5051992000000
2026-07-23,2026-07-23 21:49:58 UTC,9,T,At&T,103546718,-0.35000000000000003,22.96,23.47,22.65,3.54,0.0151,157330774524
2026-07-23,2026-07-23 21:49:58 UTC,10,AEHL,Antelope Enterprise Hldgs Ltd,96010252,28.7,0.7166,1.0,0.6623,60.650000000000006,5.2891,13008042
2026-07-23,2026-07-23 21:49:58 UTC,11,SMCI,Super Micro Computer Inc,86632870,2.09,31.2,32.59,30.18,7.870000000000001,0.1339,20181170162
2026-07-23,2026-07-23 21:49:58 UTC,12,OPEN,Opendoor Technologies Inc,86417237,-12.21,3.845,4.295,3.81,11.07,0.0896,3709412350
2026-07-23,2026-07-23 21:49:58 UTC,13,ONDS,Ondas Holdings Inc.,85924112,-0.88,7.93,8.24,7.71,6.63,0.1622,4201620177
2026-07-23,2026-07-23 21:49:58 UTC,14,EHGO,Eshallgo Inc,80037119,53.98,2.71,4.97,2.21,156.82,24.7979,8746733
2026-07-23,2026-07-23 21:49:58 UTC,15,SPCX,Space Exploration Technologies Corp,74680552,2.59,118.24,118.55,110.85,6.68,0.0057,1546090298292
2026-07-23,2026-07-23 21:49:58 UTC,16,SOFI,Sofi Technologies Inc,73228042,-2.46,16.65,17.06,16.47,3.46,0.0571,21357640980
2026-07-23,2026-07-23 21:49:58 UTC,17,GOOGL,Alphabet Inc,69186161,-7.13,317.69,324.49,314.9,2.8000000000000003,0.0057,3849062368676
2026-07-23,2026-07-23 21:49:58 UTC,18,HBAN,Huntington Bancshares Inc,68575489,-4.760000000000001,17.4,17.65,17.19,2.55,0.0338,35272072213
2026-07-23,2026-07-23 21:49:58 UTC,19,CLF,Cleveland-Cliffs Inc,67321409,15.98,10.96,11.47,10.6,8.84,0.118,6251744640
2026-07-23,2026-07-23 21:49:58 UTC,20,F,Ford Mtr Co Del,65382643,-1.87,14.15,14.28,14.02,1.7999999999999998,0.0164,56383400714
2026-07-23,2026-07-23 21:49:58 UTC,21,LGCL,Lucas GC Limited,63990701,84.97,1.76,1.9,1.32,60.96,1.4954,75311111
2026-07-23,2026-07-23 21:49:58 UTC,22,QS,Quantumscape Corp,63827338,-12.86,5.12,5.74,4.97,13.120000000000001,0.1038,3146467063
2026-07-23,2026-07-23 21:49:58 UTC,23,SXTC,China Sxt Pharmaceuticals Inc,62818310,-83.53,0.3326,0.48,0.3073,8.55,1.6437,12711332
2026-07-23,2026-07-23 21:49:58 UTC,24,MARA,MARA Holdings Inc,58864753,2.9000000000000004,12.77,13.16,12.11,8.42,0.1544,4868824323
2026-07-23,2026-07-23 21:49:58 UTC,25,JOBY,Joby Aviation Inc,58809839,-1.18,7.54,7.75,7.39,4.72,0.0598,7416667104
2026-07-23,2026-07-23 21:49:58 UTC,26,FFAI,Faraday Future Intelligent Electric Inc,54572573,-9.58,0.0717,0.0948,0.0715,29.38,0.1498,26119617
2026-07-23,2026-07-23 21:49:58 UTC,27,CLDI,Calidi Biotherapeutics Inc,53830097,-0.5700000000000001,0.105,0.1106,0.098,11.93,2.7874,2027720
2026-07-23,2026-07-23 21:49:58 UTC,28,CMCSA,Comcast Corp,52991256,-6.800000000000001,21.92,24.01,21.91,8.93,0.0148,78303249969
2026-07-23,2026-07-23 21:49:58 UTC,29,SOUN,SOUNDHOUND AI INC,49752856,-3.7199999999999998,6.22,6.5,6.19,4.8,0.1142,2709893399
2026-07-23,2026-07-23 21:49:58 UTC,30,NOW,Servicenow Inc,48894374,-3.6900000000000004,91.94,100.25,91.53,8.959999999999999,0.0474,94818457520
2026-07-23,2026-07-23 21:49:58 UTC,31,HL,Hecla Mining Co,48308196,-2.36,15.32,15.47,14.9,3.5999999999999996,0.072,10275314013
2026-07-23,2026-07-23 21:49:58 UTC,32,ACI,Albertsons Companies Inc,47765314,-21.64,11.44,12.5,11.02,9.86,0.0975,5603065159
2026-07-23,2026-07-23 21:49:58 UTC,33,AMZN,Amazon Com,47411461,-4.569999999999999,233.66,238.35,232.05,2.5700000000000003,0.0044,2513506190815
2026-07-23,2026-07-23 21:49:58 UTC,34,GOOG,Alphabet Inc,46635688,-6.890000000000001,318.34,324.45,314.89,2.78,0.0038,3856937626127
2026-07-23,2026-07-23 21:49:58 UTC,35,RIG,Transocean,45756834,0.38,5.32,5.42,5.3,2.25,0.041,5939467056
2026-07-23,2026-07-23 21:49:58 UTC,36,NFLX,Netflix Inc,44985053,0.53,68.89,69.36,67.67,2.46,0.0108,286853804279
2026-07-23,2026-07-23 21:49:58 UTC,37,CDE,Coeur Mng Inc,44692755,-3.7900000000000005,15.24,15.45,14.87,3.66,0.0433,15717544272
2026-07-23,2026-07-23 21:49:58 UTC,38,AMC,Amc Entmt Hldgs Inc,44675959,1.3299999999999998,2.28,2.28,2.11,7.5600000000000005,0.0501,2035138574
2026-07-23,2026-07-23 21:49:58 UTC,39,PATH,Uipath Inc,44634218,-4.67,10.2,10.96,10.16,7.430000000000001,0.0861,5284826713
2026-07-23,2026-07-23 21:49:58 UTC,40,BYND,Beyond Meat,42881142,-6.1,0.5601,0.595,0.5513,7.33,0.0832,288643273
2026-07-23,2026-07-23 21:49:58 UTC,41,BMNR,Bitmine Immersion Technologies Inc,42658007,-6.4799999999999995,16.59,17.87,16.29,8.88,0.0707,10007525876
2026-07-23,2026-07-23 21:49:58 UTC,42,IREN,IREN Ltd,41756186,-1.7000000000000002,40.58,43.43,40.35,7.46,0.1168,14502426590
2026-07-23,2026-07-23 21:49:58 UTC,43,PLAG,Planet Green,41024589,18.3,0.6968,0.8178,0.6079,35.65,2.8824,9917355
2026-07-23,2026-07-23 21:49:58 UTC,44,TE,T1 Energy,41022803,-5.800000000000001,5.68,6.12,5.62,8.37,0.147,1585109517
2026-07-23,2026-07-23 21:49:58 UTC,45,AAPL,Apple Inc,40812019,-1.3,321.66,323.3,319.35,1.21,0.0028,4724334930960
2026-07-23,2026-07-23 21:49:58 UTC,46,WETO,Wetour Robotics Limited,40359723,-18.34,0.1144,0.125,0.098,19.27,0.4922,9380800
2026-07-23,2026-07-23 21:49:58 UTC,47,VALE,Vale S A,40179914,-0.13,14.83,15.16,14.78,2.56,0.0094,63243035556
2026-07-23,2026-07-23 21:49:58 UTC,48,MU,Micron Technology Inc,40008015,3.2,990.21,1011.77,964.4,4.9399999999999995,0.0354,1118336392051
2026-07-23,2026-07-23 21:49:58 UTC,49,INFY,Infosys,39059707,-2.3800000000000003,10.67,10.76,10.3,4.18,0.0096,43281362170
2026-07-23,2026-07-23 21:49:58 UTC,50,PCG,PG&E Us,38975761,-3.15,17.54,17.99,17.46,2.9000000000000004,0.0177,38627021729
2026-07-23,2026-07-23 21:49:58 UTC,51,SKHY,SK Hynix Inc,36024866,2.56,169.5,177.93,167.02,6.6000000000000005,0.0049,1235427022500
2026-07-23,2026-07-23 21:49:58 UTC,52,JBLU,Jetblue Awys Corp,35371825,-3.29,4.99,5.0,4.77,4.46,0.0951,1856374281
2026-07-23,2026-07-23 21:49:58 UTC,53,GRAB,Grab Holdings Limited,34850761,-1.49,3.3,3.39,3.255,3.73,0.0085,13497000000
2026-07-23,2026-07-23 21:49:58 UTC,54,SKYQ,Sky Quarry Inc,34103626,36.559999999999995,5.64,6.27,4.59,40.68,7.1129,27041803
2026-07-23,2026-07-23 21:49:58 UTC,55,SNAP,Snap Inc,33138245,-1.34,4.41,4.45,4.28,3.8,0.0197,7418859077
2026-07-23,2026-07-23 21:49:58 UTC,56,HIMS,Hims & Hers Health Inc,32575596,3.35,32.74,35.85,30.81,15.909999999999998,0.1407,7577924934
2026-07-23,2026-07-23 21:49:58 UTC,57,CJMB,Callan JMB Inc.,32393298,39.879999999999995,2.35,2.98,1.8,70.25,5.7373,13268377
2026-07-23,2026-07-23 21:49:58 UTC,58,PLUG,Plug Power,32218243,-1.79,2.19,2.28,2.17,4.93,0.0231,3055201289
2026-07-23,2026-07-23 21:49:58 UTC,59,STM,Stmicro,32207557,-18.67,53.49,56.63,52.76,5.88,0.0362,47541598013
2026-07-23,2026-07-23 21:49:58 UTC,60,CIFR,Cipher Digital Inc,31583977,5.56,25.82,26.84,23.94,11.86,0.0772,10561650266
2026-07-23,2026-07-23 21:49:58 UTC,61,PFE,Pfizer,30803897,0.77,25.01,25.1,24.75,1.41,0.0054,142543098666
2026-07-23,2026-07-23 21:49:58 UTC,62,DOMO,Domo Inc,30795351,25.4,3.95,4.44,3.73,22.54,0.6821,178344723
2026-07-23,2026-07-23 21:49:58 UTC,63,ZCMD,Zhongchao Inc,30701115,-59.67,1.73,5.05,1.56,81.35,26.5455,2000824
2026-07-23,2026-07-23 21:49:58 UTC,64,ORCL,Oracle Corp,30625207,-4.61,120.04,124.7,119.44,4.18,0.0106,345771738840
2026-07-23,2026-07-23 21:49:58 UTC,65,KEEL,Keel Infrastructure Corp,30571832,2.56,4.81,5.05,4.705,7.35,0.0506,2904415811
2026-07-23,2026-07-23 21:49:58 UTC,66,ACHR,Archer Aviation Inc,30384259,-1.35,5.11,5.33,5.04,5.59,0.04,3881545825
2026-07-23,2026-07-23 21:49:58 UTC,67,RKT,Rocket Companies Inc,30305828,-4.91,12.78,13.06,12.57,3.61,0.0107,36160111847
2026-07-23,2026-07-23 21:49:58 UTC,68,MSFT,Microsoft Corp,30301044,-2.2399999999999998,381.58,391.78,377.39,3.6799999999999997,0.0041,2834542114352
2026-07-23,2026-07-23 21:49:58 UTC,69,WULF,Terawulf Inc,30127989,2.87,20.05,20.66,19.36,6.67,0.0608,9935429532
2026-07-23,2026-07-23 21:49:58 UTC,70,RIVN,"Rivian Automotive, Inc. / De",30002409,-4.19,16.46,17.02,16.36,3.84,0.0209,23638511711
2026-07-23,2026-07-23 21:49:58 UTC,71,SMR,NuScale Power Corporation,29729235,1.5,8.81,8.92,8.36,6.45,0.0813,3219888984
2026-07-23,2026-07-23 21:49:58 UTC,72,PLTR,Palantir Technologies Inc,29663046,-0.96,123.37,126.4,120.73,4.54,0.0124,295756378602
2026-07-23,2026-07-23 21:49:58 UTC,73,MBLY,Mobileye Global Inc.,29270121,-14.92,7.47,8.25,7.1,13.100000000000001,0.0348,6291130473
2026-07-23,2026-07-23 21:49:58 UTC,74,BAC,Bank of America Corp,29250428,-0.5499999999999999,61.28,61.5,60.71,1.29,0.0042,430061045948
2026-07-23,2026-07-23 21:49:58 UTC,75,CSX,Csx Corp,29159975,5.7700000000000005,52.81,53.31,51.62,3.36,0.0157,98128312985
2026-07-23,2026-07-23 21:49:58 UTC,76,BATL,Battalion Oil Corp,28774567,11.61,1.73,1.87,1.62,15.479999999999999,1.3068,38092608
2026-07-23,2026-07-23 21:49:58 UTC,77,VZ,Verizon Comms,27953444,-1.06,43.82,44.58,43.78,1.7999999999999998,0.0067,182972991436
2026-07-23,2026-07-23 21:49:58 UTC,78,BTBT,Bit Digital Inc,27249152,-3.85,1.5,1.61,1.48,8.33,0.078,523785630
2026-07-23,2026-07-23 21:49:58 UTC,79,AMD,Advanced Micro Devices Inc,27050459,-2.29,539.69,556.49,525.0,5.7,0.0166,880018858861
2026-07-23,2026-07-23 21:49:58 UTC,80,JEM,707 Cayman Holding Limited,26615747,34.28,4.74,5.59,4.0,45.04,39.6077,3185204
2026-07-23,2026-07-23 21:49:58 UTC,81,TSCO,Tractor Supply,26346519,3.27,30.32,30.49,28.96,5.21,0.0502,15901312357
2026-07-23,2026-07-23 21:49:58 UTC,82,ZBAO,Zhibao Tech,26327926,-3.74,0.2522,0.2895,0.2053,31.869999999999997,0.7729,8590358
2026-07-23,2026-07-23 21:49:58 UTC,83,EOSE,Eos Energy Enterprises Inc,26204530,-6.529999999999999,3.72,3.95,3.65,7.290000000000001,0.0742,1313690676
2026-07-23,2026-07-23 21:49:58 UTC,84,WLDS,Wearable Devices Ltd.,25562498,50.68,2.23,2.58,1.594,66.63,11.6752,4882515
2026-07-23,2026-07-23 21:49:58 UTC,85,CCL,Carnival Corporation Ltd.,24919025,-3.18,25.27,25.74,25.1,2.45,0.0182,34611033237
2026-07-23,2026-07-23 21:49:58 UTC,86,AUR,Aurora Innovation Inc,24661390,-9.379999999999999,5.99,6.79,5.97,12.41,0.0126,11747606503
2026-07-23,2026-07-23 21:49:58 UTC,87,RIOT,Riot Platforms Ord Shs,24187944,2.0500000000000003,23.86,25.17,23.3,8.02,0.064,9022688347
2026-07-23,2026-07-23 21:49:58 UTC,88,CLSK,Cleanspark Inc,24024948,1.8599999999999999,15.61,16.1,15.09,6.59,0.0936,4005660339
2026-07-23,2026-07-23 21:49:58 UTC,89,AGNC,Agnc Invt Corp,23658754,-1.49,10.56,10.65,10.46,1.77,0.0206,12122133112
2026-07-23,2026-07-23 21:49:58 UTC,90,UBER,Uber Technologies,23617172,-2.02,68.91,71.08,68.35,3.88,0.0116,140273127985
2026-07-23,2026-07-23 21:49:58 UTC,91,VIVK,Vivakor,23443674,30.06,2.12,2.62,1.45,71.77,51.2251,970239
2026-07-23,2026-07-23 21:49:58 UTC,92,LYFT,Lyft Inc,23024173,-4.37,14.02,14.69,13.49,8.19,0.0606,5323149098
2026-07-23,2026-07-23 21:49:58 UTC,93,VG,"Venture Global, Inc.",22685601,2.29,15.16,15.45,15.04,2.8000000000000003,0.0091,37662867734
2026-07-23,2026-07-23 21:49:58 UTC,94,QXO,QXO Inc,22106222,-0.13999999999999999,13.83,14.21,13.49,5.16,0.0213,14352847921
2026-07-23,2026-07-23 21:49:58 UTC,95,NIO,Nio Inc.,21755235,-0.64,4.64,4.73,4.58,3.2099999999999995,0.0087,11626294982
2026-07-23,2026-07-23 21:49:58 UTC,96,WMT,Walmart,21506101,-0.8500000000000001,108.4,108.56,106.79,1.6099999999999999,0.0027,862655780402
2026-07-23,2026-07-23 21:49:58 UTC,97,BBAI,BIGBEAR AI HLDGS INC,20709516,-1.04,2.85,2.98,2.82,5.56,0.0432,1365005932
2026-07-23,2026-07-23 21:49:58 UTC,98,KMI,Kinder Morgan Inc Del,20251476,0.86,32.77,33.26,32.02,3.82,0.0091,72907540056
2026-07-23,2026-07-23 21:49:58 UTC,99,GRML,Greenland Mines Ltd,20177324,-9.85,0.2005,0.297,0.1975,43.97,0.1481,27315851
2026-07-23,2026-07-23 21:49:58 UTC,100,CNH,Cnh Industrial,20111272,-0.75,10.62,10.87,10.59,2.63,0.0162,13168274702
2026-07-24,2026-07-24 21:49:56 UTC,1,SXTC,China Sxt Pharmaceuticals Inc,312658658,-80.82000000000001,0.0638,0.265,0.0525,63.85999999999999,8.1809,2438313
2026-07-24,2026-07-24 21:49:56 UTC,2,OMH,Ohmyhome Limited,257012018,18.67,0.5034,2.19,0.47,405.47,11.1255,11629109
2026-07-24,2026-07-24 21:49:56 UTC,3,INTC,Intel Corp,180246910,-7.89,92.32,101.74,91.58,10.14,0.0359,464000320000
2026-07-24,2026-07-24 21:49:56 UTC,4,LBGJ,Li Bang International Corporation Inc.,135762827,-0.96,0.0309,0.0318,0.0273,14.42,40.4248,103774
2026-07-24,2026-07-24 21:49:56 UTC,5,GSUN,Golden Sun Health Technology Group Ltd,133245276,-39.6,0.209,0.5676,0.172,114.34,13.2862,2096033
2026-07-24,2026-07-24 21:49:56 UTC,6,NOK,Nokia,118642831,-6.47,9.1,9.69,9.01,6.99,0.0212,50947665841
2026-07-24,2026-07-24 21:49:56 UTC,7,NVDA,Nvidia Corporation,114675809,-0.9199999999999999,206.84,211.91,204.81,3.4000000000000004,0.0047,5005528000000
2026-07-24,2026-07-24 21:49:56 UTC,8,VIVK,Vivakor,106594175,37.26,2.91,3.92,2.53,65.57,159.7635,1941552
2026-07-24,2026-07-24 21:49:56 UTC,9,LVWR,LIVEWIRE GROUP INC,104595768,89.61,1.46,1.77,1.23,70.13000000000001,0.5108,298952271
2026-07-24,2026-07-24 21:49:56 UTC,10,ONDS,Ondas Holdings Inc.,101081979,-1.6400000000000001,7.8,8.18,7.48,8.83,0.1908,4132741158
2026-07-24,2026-07-24 21:49:56 UTC,11,SOFI,Sofi Technologies Inc,92855119,-1.1400000000000001,16.46,16.82,16.33,2.94,0.0724,21113920152
2026-07-24,2026-07-24 21:49:56 UTC,12,NU,Nu Hldgs Ltd,91418517,-0.7000000000000001,14.09,14.35,14.0,2.4699999999999998,0.0189,68061527591
2026-07-24,2026-07-24 21:49:56 UTC,13,T,At&T,80656599,5.1,24.13,24.13,23.0,4.92,0.0118,165348065734
2026-07-24,2026-07-24 21:49:56 UTC,14,F,Ford Mtr Co Del,76520916,1.55,14.37,14.55,14.14,2.9000000000000004,0.0192,57260033093
2026-07-24,2026-07-24 21:49:56 UTC,15,AAL,American Airline,74200344,6.79,14.48,14.56,13.68,6.49,0.1122,9573549858
2026-07-24,2026-07-24 21:49:56 UTC,16,CLF,Cleveland-Cliffs Inc,69857139,8.85,11.93,12.06,11.03,9.35,0.1225,6805046858
2026-07-24,2026-07-24 21:49:56 UTC,17,IMCC,Im Cannabis Corp,68936504,-9.17,0.1209,0.1277,0.1114,12.25,11.0771,752399
2026-07-24,2026-07-24 21:49:56 UTC,18,PATH,Uipath Inc,66119990,6.2700000000000005,10.84,10.99,10.27,6.959999999999999,0.1276,5616423683
2026-07-24,2026-07-24 21:49:56 UTC,19,STAK,STAK inc.,65395326,602.27,9.27,12.0,1.17,820.4499999999999,3.4042,178079935
2026-07-24,2026-07-24 21:49:56 UTC,20,TSLA,Tesla Inc,62584497,-2.08,313.03,322.96,306.51,5.1499999999999995,0.0167,1175654243339
2026-07-24,2026-07-24 21:49:56 UTC,21,GRAB,Grab Holdings Limited,57829505,0.3,3.31,3.4,3.3,3.0300000000000002,0.0141,13537900000
2026-07-24,2026-07-24 21:49:56 UTC,22,OTLK,Outlook Therapeutics Inc,57344501,6.4399999999999995,1.405,1.75,1.12,47.73,0.3067,262730782
2026-07-24,2026-07-24 21:49:56 UTC,23,MARA,MARA Holdings Inc,56273353,-5.09,12.12,12.73,12.12,4.78,0.1476,4620998496
2026-07-24,2026-07-24 21:49:56 UTC,24,JBLU,Jetblue Awys Corp,55110771,5.609999999999999,5.27,5.39,5.0,7.82,0.1481,1960539571
2026-07-24,2026-07-24 21:49:56 UTC,25,SPCX,Space Exploration Technologies Corp,54307985,-2.68,115.07,117.0,111.4,4.52,0.0042,1504639805687
2026-07-24,2026-07-24 21:49:56 UTC,26,SMCI,Super Micro Computer Inc,49596910,-3.53,30.1,31.33,29.28,6.569999999999999,0.0767,19469654547
2026-07-24,2026-07-24 21:49:56 UTC,27,RIG,Transocean,49423848,0.5599999999999999,5.35,5.42,5.31,2.16,0.0443,5972960291
2026-07-24,2026-07-24 21:49:56 UTC,28,BNRG,Brenmiller Energy Ltd,48633732,-14.19,0.6706,1.07,0.64,55.02,18.5575,1757440
2026-07-24,2026-07-24 21:49:56 UTC,29,CMCSA,Comcast Corp,48224708,1.71,22.3,22.49,21.28,5.5,0.0135,79642835678
2026-07-24,2026-07-24 21:49:56 UTC,30,AAPL,Apple Inc,47444249,3.53,333.02,334.37,321.62,3.9600000000000004,0.0032,4891183295120
2026-07-24,2026-07-24 21:49:56 UTC,31,ORCL,Oracle Corp,46226746,-4.21,114.99,123.08,114.75,6.94,0.016,331225360290
2026-07-24,2026-07-24 21:49:56 UTC,32,AMC,Amc Entmt Hldgs Inc,45294101,-0.44,2.27,2.45,2.23,9.65,0.0507,2026212528
2026-07-24,2026-07-24 21:49:56 UTC,33,OPEN,Opendoor Technologies Inc,45071409,-0.26,3.835,4.005,3.77,6.11,0.0467,3699764983
2026-07-24,2026-07-24 21:49:56 UTC,34,VZ,Verizon Comms,40743248,5.84,46.38,46.44,43.73,6.1,0.0098,193662422245
2026-07-24,2026-07-24 21:49:56 UTC,35,MU,Micron Technology Inc,40565777,-6.99,920.95,967.14,904.0,6.38,0.0359,1040114622413
2026-07-24,2026-07-24 21:49:56 UTC,36,FRMI,Fermi Inc.,40484597,17.09,7.4,7.55,6.41,17.94,0.0635,4718049368
2026-07-24,2026-07-24 21:49:56 UTC,37,CLDI,Calidi Biotherapeutics Inc,39905228,-4.760000000000001,0.1,0.1109,0.0952,14.95,2.0664,1931162
2026-07-24,2026-07-24 21:49:56 UTC,38,HBAN,Huntington Bancshares Inc,38690519,-0.22999999999999998,17.36,17.42,17.06,2.07,0.0191,35190986990
2026-07-24,2026-07-24 21:49:56 UTC,39,JOBY,Joby Aviation Inc,38689844,-8.09,6.93,7.54,6.93,8.09,0.0393,6816644964
2026-07-24,2026-07-24 21:49:56 UTC,40,WBD,WARNER BROS DISCOVERY INC,37561735,-0.69,25.77,26.58,25.76,3.16,0.015,64608912810
2026-07-24,2026-07-24 21:49:56 UTC,41,NFLX,Netflix Inc,37560584,1.7399999999999998,70.09,70.68,67.97,3.93,0.009,291850531890
2026-07-24,2026-07-24 21:49:56 UTC,42,PLUG,Plug Power,37314939,-4.569999999999999,2.09,2.2,2.07,5.91,0.0267,2915694381
2026-07-24,2026-07-24 21:49:56 UTC,43,HL,Hecla Mining Co,37110749,-1.17,15.14,15.49,15.0,3.2300000000000004,0.0553,10154585781
2026-07-24,2026-07-24 21:49:56 UTC,44,ACHR,Archer Aviation Inc,35164916,-6.65,4.77,5.17,4.74,8.41,0.0463,3623282502
2026-07-24,2026-07-24 21:49:56 UTC,45,AMZN,Amazon Com,34966097,-0.66,232.11,234.95,231.34,1.54,0.0033,2496832671189
2026-07-24,2026-07-24 21:49:56 UTC,46,SMR,NuScale Power Corporation,34812876,-8.17,8.09,8.81,8.07,8.290000000000001,0.0953,2956742552
2026-07-24,2026-07-24 21:49:56 UTC,47,SES,SES AI,34642041,-6.35,0.5032,0.5411,0.4909,9.229999999999999,0.0938,185823388
2026-07-24,2026-07-24 21:49:56 UTC,48,IREN,IREN Ltd,34458944,-8.649999999999999,37.07,40.23,37.02,7.89,0.0964,13248027445
2026-07-24,2026-07-24 21:49:56 UTC,49,EOSE,Eos Energy Enterprises Inc,33151252,-6.72,3.47,3.74,3.47,7.26,0.0939,1225405012
2026-07-24,2026-07-24 21:49:56 UTC,50,QS,Quantumscape Corp,32826118,-4.5,4.885,5.1,4.81,5.67,0.0534,3004983696
2026-07-24,2026-07-24 21:49:56 UTC,51,PCG,PG&E Us,32821176,1.77,17.85,17.98,17.52,2.5700000000000003,0.0149,39309711394
2026-07-24,2026-07-24 21:49:56 UTC,52,SOUN,SOUNDHOUND AI INC,32076268,-0.96,6.16,6.37,6.06,4.9,0.0736,2683752948
2026-07-24,2026-07-24 21:49:56 UTC,53,GOOGL,Alphabet Inc,31742543,0.65,319.74,324.18,317.32,2.16,0.0026,3873899719099
2026-07-24,2026-07-24 21:49:56 UTC,54,BMNR,Bitmine Immersion Technologies Inc,31681342,-4.82,15.79,16.61,15.52,6.54,0.0525,9524944761
2026-07-24,2026-07-24 21:49:56 UTC,55,AUR,Aurora Innovation Inc,30870517,-0.67,5.95,6.08,5.71,5.93,0.0157,11669158379
2026-07-24,2026-07-24 21:49:56 UTC,56,TE,T1 Energy,30446808,-11.97,5.0,5.71,4.87,14.26,0.1091,1395342885
2026-07-24,2026-07-24 21:49:56 UTC,57,WLDS,Wearable Devices Ltd.,29568692,58.3,3.53,4.346,2.43,85.92999999999999,13.505,7728825
2026-07-24,2026-07-24 21:49:56 UTC,58,NOW,Servicenow Inc,29562103,7.4399999999999995,98.78,98.93,94.87,4.390000000000001,0.0287,101872604240
2026-07-24,2026-07-24 21:49:56 UTC,59,INFY,Infosys,29071800,4.12,11.11,11.15,10.85,2.81,0.0072,45066160611
2026-07-24,2026-07-24 21:49:56 UTC,60,BAC,Bank of America Corp,29019601,1.26,62.05,62.28,61.28,1.6199999999999999,0.0041,435464880893
2026-07-24,2026-07-24 21:49:56 UTC,61,SLB,SLB Limited,28893133,11.01,52.42,52.59,49.74,6.0,0.0193,78370922589
2026-07-24,2026-07-24 21:49:56 UTC,62,PFE,Pfizer,28885281,-0.16,24.54,24.75,24.51,0.98,0.0051,139864359907
2026-07-24,2026-07-24 21:49:56 UTC,63,HIMS,Hims & Hers Health Inc,28417870,-14.2,28.09,34.57,27.93,20.29,0.1228,6501646652
2026-07-24,2026-07-24 21:49:56 UTC,64,KEEL,Keel Infrastructure Corp,28227012,-11.43,4.26,4.82,4.25,11.85,0.0467,2572310053
2026-07-24,2026-07-24 21:49:56 UTC,65,RKT,Rocket Companies Inc,28190002,2.11,13.05,13.31,12.61,5.48,0.01,36924057872
2026-07-24,2026-07-24 21:49:56 UTC,66,UBER,Uber Technologies,27909766,-4.31,65.94,70.07,65.56,6.529999999999999,0.0137,134227398917
2026-07-24,2026-07-24 21:49:56 UTC,67,MSFT,Microsoft Corp,27624833,0.03,381.7,389.03,380.65,2.1999999999999997,0.0037,2835433526516
2026-07-24,2026-07-24 21:49:56 UTC,68,RIVN,"Rivian Automotive, Inc. / De",27418163,-3.7699999999999996,15.84,16.61,15.68,5.59,0.0191,22748118196
2026-07-24,2026-07-24 21:49:56 UTC,69,SNAP,Snap Inc,27406949,-1.3599999999999999,4.35,4.5,4.31,4.31,0.0163,7317922219
2026-07-24,2026-07-24 21:49:56 UTC,70,AMD,Advanced Micro Devices Inc,27137720,-3.29,521.95,549.0,518.0,5.74,0.0166,851092003526
2026-07-24,2026-07-24 21:49:56 UTC,71,MTNB,Matinas Biopharm,27078294,-3.1300000000000003,0.2414,0.267,0.2312,14.37,1.9776,3305440
2026-07-24,2026-07-24 21:49:56 UTC,72,CDE,Coeur Mng Inc,26850640,-0.72,15.13,15.54,15.08,3.02,0.026,15604097430
2026-07-24,2026-07-24 21:49:56 UTC,73,NKE,Nike Inc Cl B,26167819,1.73,41.7,42.15,40.89,3.09,0.0176,61861895915
2026-07-24,2026-07-24 21:49:56 UTC,74,SKHY,SK Hynix Inc,25886741,-8.81,154.57,164.2,153.1,6.550000000000001,0.0036,1126607403350
2026-07-24,2026-07-24 21:49:56 UTC,75,CRWV,"CoreWeave, Inc.",25370996,-11.37,71.88,79.57,71.67,9.73,0.0465,39215596470
2026-07-24,2026-07-24 21:49:56 UTC,76,VALE,Vale S A,24963651,-0.27,14.79,14.9,14.72,1.21,0.0059,63072454206
2026-07-24,2026-07-24 21:49:56 UTC,77,HOOD,"Robinhood Markets, Inc.",24363335,-6.569999999999999,94.91,100.08,93.03,6.83,0.0271,85466934959
2026-07-24,2026-07-24 21:49:56 UTC,78,NBIS,Nebius Group,24005312,-15.02,187.77,218.54,186.41,14.540000000000001,0.0945,47674463887
2026-07-24,2026-07-24 21:49:56 UTC,79,NIO,Nio Inc.,23854214,-3.2300000000000004,4.49,4.65,4.47,3.88,0.0095,11250444928
2026-07-24,2026-07-24 21:49:56 UTC,80,CCL,Carnival Corporation Ltd.,22961206,4.19,26.33,27.02,25.58,5.680000000000001,0.0168,36062861303
2026-07-24,2026-07-24 21:49:56 UTC,81,DNN,Denison Mines,22810969,-5.83,2.91,3.085,2.9,5.83,0.0252,2633599359
2026-07-24,2026-07-24 21:49:56 UTC,82,WULF,Terawulf Inc,22620142,-7.93,18.46,20.11,18.39,8.58,0.0456,9147532626
2026-07-24,2026-07-24 21:49:56 UTC,83,MOBX,Mobix Labs Inc,22508612,-5.24,1.81,2.045,1.75,15.45,1.481,27509607
2026-07-24,2026-07-24 21:49:56 UTC,84,AGNC,Agnc Invt Corp,22099309,0.27999999999999997,10.59,10.67,10.55,1.0999999999999999,0.0193,12156570990
2026-07-24,2026-07-24 21:49:56 UTC,85,GOOG,Alphabet Inc,21580260,0.24,319.09,323.98,317.5,2.04,0.0018,3866024461648
2026-07-24,2026-07-24 21:49:56 UTC,86,KVUE,Kenvue Inc.,21430426,2.01,19.28,19.28,18.83,2.3,0.0112,37017767119
2026-07-24,2026-07-24 21:49:56 UTC,87,ACI,Albertsons Companies Inc,21357114,-2.13,11.03,11.2,10.86,2.9899999999999998,0.0432,5454719307
2026-07-24,2026-07-24 21:49:56 UTC,88,CNH,Cnh Industrial,21155089,4.99,11.15,11.15,10.66,4.61,0.0171,13825448487
2026-07-24,2026-07-24 21:49:56 UTC,89,CIFR,Cipher Digital Inc,21123620,-10.34,23.15,25.8,22.89,11.27,0.0516,9469488910
2026-07-24,2026-07-24 21:49:56 UTC,90,PLTR,Palantir Technologies Inc,21103011,-0.36,122.92,125.31,122.02,2.6599999999999997,0.0088,294677588212
2026-07-24,2026-07-24 21:49:56 UTC,91,GPUS,Hyperscale Data Inc.,20782576,0.0,0.1253,0.128,0.1214,5.27,0.045,57839357
2026-07-24,2026-07-24 21:49:56 UTC,92,BSX,Boston Scien Cp,20688012,1.54,44.25,44.71,43.72,2.23,0.0139,65771216670
2026-07-24,2026-07-24 21:49:56 UTC,93,BTE,Baytex Energy,20660494,-1.59,4.32,4.42,4.3,2.73,0.029,3078404075
2026-07-24,2026-07-24 21:49:56 UTC,94,BTBT,Bit Digital Inc,20151030,-8.67,1.37,1.5,1.36,9.33,0.0577,478390875
2026-07-24,2026-07-24 21:49:56 UTC,95,APLD,Applied Digital,20141380,-9.030000000000001,27.19,29.39,26.84,8.53,0.0705,7770073765
2026-07-24,2026-07-24 21:49:56 UTC,96,BBAI,BIGBEAR AI HLDGS INC,19990076,-3.16,2.76,2.87,2.73,4.91,0.0417,1321900482
2026-07-24,2026-07-24 21:49:56 UTC,97,MRVL,Marvell Technology Inc,19774709,-7.21,194.23,206.07,191.29,7.06,0.0226,170100112339
2026-07-24,2026-07-24 21:49:56 UTC,98,TTD,The Trade Desk,19672530,2.98,17.29,17.51,16.86,3.8699999999999997,0.0418,8128173561
2026-07-24,2026-07-24 21:49:56 UTC,99,VG,"Venture Global, Inc.",19426589,-5.609999999999999,14.31,15.12,14.29,5.4399999999999995,0.0078,35551163409
2026-07-24,2026-07-24 21:49:56 UTC,100,CSCO,Cisco Sys Inc,19128479,1.25,114.17,114.57,112.2,2.1,0.0049,449993595703
2026-07-27,2026-07-27 21:49:58 UTC,1,SXTC,China Sxt Pharmaceuticals Inc,337255319,9.4,0.0698,0.081,0.061,31.35,7.8949,2981722
2026-07-27,2026-07-27 21:49:58 UTC,2,GOSS,Gossamer Bio,330168290,46.62,0.1994,0.2142,0.145,50.88,0.6754,97476036
2026-07-27,2026-07-27 21:49:58 UTC,3,KIDZ,KIDZ AI INC,249968196,43.64,0.602,0.7562,0.4368,76.21,47.8308,3146108
2026-07-27,2026-07-27 21:49:58 UTC,4,MTNB,Matinas Biopharm,204443347,37.53,0.332,0.43,0.311,49.3,14.9307,4546008
2026-07-27,2026-07-27 21:49:58 UTC,5,NVDA,Nvidia Corporation,153890289,-4.99,196.51,208.75,195.44,6.43,0.0064,4755542000000
2026-07-27,2026-07-27 21:49:58 UTC,6,INTC,Intel Corp,132768307,-0.7000000000000001,91.67,94.98,86.94,8.709999999999999,0.0263,462383480000
2026-07-27,2026-07-27 21:49:58 UTC,7,NOK,Nokia,97006379,1.9800000000000002,9.28,9.37,8.88,5.37,0.0173,51955421869
2026-07-27,2026-07-27 21:49:58 UTC,8,AAL,American Airline,93838534,3.2800000000000002,14.95,15.13,14.52,4.21,0.1418,9896450767
2026-07-27,2026-07-27 21:49:58 UTC,9,BIYA,Baiya International Group Inc,89052962,116.06,4.17,4.9,2.72,112.94999999999999,13.0388,28480532
2026-07-27,2026-07-27 21:49:58 UTC,10,LBGJ,Li Bang International Corporation Inc.,85650807,-10.36,0.0277,0.029,0.0233,18.12,25.5034,93027
2026-07-27,2026-07-27 21:49:58 UTC,11,ENTX,Entera Bio Ltd,83071402,91.22,3.92,4.2,2.77,69.76,1.6854,193217717
2026-07-27,2026-07-27 21:49:58 UTC,12,OMH,Ohmyhome Limited,82354860,-71.12,0.1454,0.233,0.1382,18.83,3.565,3358904
2026-07-27,2026-07-27 21:49:58 UTC,13,DFNS,T3 Defense Inc,77603815,201.14999999999998,13.1,15.99,6.11,227.13,76.7978,13237484
2026-07-27,2026-07-27 21:49:58 UTC,14,LVWR,LIVEWIRE GROUP INC,75328757,66.44,2.43,3.57,1.55,136.64000000000001,0.3679,497571246
2026-07-27,2026-07-27 21:49:58 UTC,15,T,At&T,74458352,1.2,24.42,24.52,24.03,2.03,0.0109,167335257573
2026-07-27,2026-07-27 21:49:58 UTC,16,NU,Nu Hldgs Ltd,68241579,3.1199999999999997,14.53,14.69,14.23,3.2300000000000004,0.0141,70186940802
2026-07-27,2026-07-27 21:49:58 UTC,17,GRAB,Grab Holdings Limited,67608337,1.21,3.35,3.41,3.32,2.7199999999999998,0.0165,13701500000
2026-07-27,2026-07-27 21:49:58 UTC,18,SOFI,Sofi Technologies Inc,66536920,2.55,16.88,17.5,16.69,4.92,0.0519,21652671456
2026-07-27,2026-07-27 21:49:58 UTC,19,ONDS,Ondas Holdings Inc.,66372212,2.82,8.02,8.19,7.62,7.31,0.1253,4249305652
2026-07-27,2026-07-27 21:49:58 UTC,20,SPCX,Space Exploration Technologies Corp,64221203,-1.3599999999999999,113.5,114.85,108.66,5.36,0.0049,1484110697362
2026-07-27,2026-07-27 21:49:58 UTC,21,BMNR,Bitmine Immersion Technologies Inc,62004749,13.489999999999998,17.92,18.32,16.67,10.2,0.1028,10809816980
2026-07-27,2026-07-27 21:49:58 UTC,22,RIG,Transocean,60438783,-1.31,5.28,5.42,5.21,3.93,0.0541,5894809409
2026-07-27,2026-07-27 21:49:58 UTC,23,JBLU,Jetblue Awys Corp,59916709,3.04,5.43,5.66,5.34,6.069999999999999,0.1611,2020062594
2026-07-27,2026-07-27 21:49:58 UTC,24,F,Ford Mtr Co Del,58687450,2.16,14.68,14.87,14.34,3.6900000000000004,0.0147,58495287808
2026-07-27,2026-07-27 21:49:58 UTC,25,PLUG,Plug Power,58602769,-1.44,2.06,2.155,2.03,5.9799999999999995,0.042,2873842308
2026-07-27,2026-07-27 21:49:58 UTC,26,PATH,Uipath Inc,55676418,7.199999999999999,11.62,11.69,11.12,5.26,0.1075,6020557490
2026-07-27,2026-07-27 21:49:58 UTC,27,JOBY,Joby Aviation Inc,54328828,6.35,7.37,7.41,7.04,5.34,0.0552,7249447819
2026-07-27,2026-07-27 21:49:58 UTC,28,LGHL,Lion Group Holding Ltd,52688976,17.52,1.07,2.06,0.95,121.91000000000001,57.0921,987478
2026-07-27,2026-07-27 21:49:58 UTC,29,AMC,Amc Entmt Hldgs Inc,50866625,10.57,2.51,2.52,2.29,10.13,0.057,2240437641
2026-07-27,2026-07-27 21:49:58 UTC,30,SKHY,SK Hynix Inc,50168436,-7.470000000000001,143.02,159.71,139.01,13.389999999999999,0.0069,1042423438100
2026-07-27,2026-07-27 21:49:58 UTC,31,AAPL,Apple Inc,49556506,1.17,336.91,339.57,334.02,1.67,0.0034,4948317109960
2026-07-27,2026-07-27 21:49:58 UTC,32,QBTS,D Wave Quantum,48362554,20.36,19.51,19.54,17.75,11.04,0.1319,7155050595
2026-07-27,2026-07-27 21:49:58 UTC,33,INFY,Infosys,47793077,5.3100000000000005,11.7,11.8,11.27,4.77,0.0118,47459413064
2026-07-27,2026-07-27 21:49:58 UTC,34,MU,Micron Technology Inc,47306326,-2.25,900.2,935.0,854.79,8.709999999999999,0.0419,1016679714530
2026-07-27,2026-07-27 21:49:58 UTC,35,TSLA,Tesla Inc,44764999,-1.22,309.22,317.0,304.28,4.06,0.0113,1221279045172
2026-07-27,2026-07-27 21:49:58 UTC,36,CLF,Cleveland-Cliffs Inc,43347372,2.68,12.25,12.29,11.48,6.79,0.076,6989115575
2026-07-27,2026-07-27 21:49:58 UTC,37,MARA,MARA Holdings Inc,43102049,-2.8899999999999997,11.77,12.33,11.44,7.340000000000001,0.113,4487553820
2026-07-27,2026-07-27 21:49:58 UTC,38,SOUN,SOUNDHOUND AI INC,42826504,4.06,6.41,6.73,6.33,6.49,0.0983,2792671493
2026-07-27,2026-07-27 21:49:58 UTC,39,HL,Hecla Mining Co,42460203,0.33,15.19,15.35,14.69,4.36,0.0633,10188121401
2026-07-27,2026-07-27 21:49:58 UTC,40,OTLK,Outlook Therapeutics Inc,40215442,-24.2,1.065,1.42,1.04,27.05,0.2151,199151802
2026-07-27,2026-07-27 21:49:58 UTC,41,CISS,C3is,39809716,-80.31,0.1024,0.1501,0.1,9.629999999999999,26.8394,151885
2026-07-27,2026-07-27 21:49:58 UTC,42,NFLX,Netflix Inc,39044195,0.44,70.4,71.65,69.86,2.55,0.0094,293141353190
2026-07-27,2026-07-27 21:49:58 UTC,43,QS,Quantumscape Corp,38916779,6.04,5.18,5.2,4.92,5.7299999999999995,0.0629,3207007966
2026-07-27,2026-07-27 21:49:58 UTC,44,PFE,Pfizer,38336052,0.53,24.67,24.88,24.44,1.77,0.0067,140605287649
2026-07-27,2026-07-27 21:49:58 UTC,45,CMCSA,Comcast Corp,37492870,2.27,22.8,23.29,22.36,4.17,0.0106,80908913864
2026-07-27,2026-07-27 21:49:58 UTC,46,BAC,Bank of America Corp,36899816,0.13,62.13,62.99,61.84,1.8499999999999999,0.0053,436026318289
2026-07-27,2026-07-27 21:49:58 UTC,47,ORCL,Oracle Corp,36787676,4.2700000000000005,119.9,121.99,116.8,4.51,0.0128,345368472900
2026-07-27,2026-07-27 21:49:58 UTC,48,PLTR,Palantir Technologies Inc,36629111,7.000000000000001,131.53,132.41,125.31,5.7700000000000005,0.0153,315318444334
2026-07-27,2026-07-27 21:49:58 UTC,49,VTAK,Catheter Precision,35753740,10.39,0.29,0.3173,0.26,21.81,9.9055,1046746
2026-07-27,2026-07-27 21:49:58 UTC,50,SMCI,Super Micro Computer Inc,35665753,-0.96,29.81,30.94,28.5,8.110000000000001,0.0551,19282073158
2026-07-27,2026-07-27 21:49:58 UTC,51,CDE,Coeur Mng Inc,35515674,1.52,15.36,15.47,14.82,4.2299999999999995,0.0344,15841304463
2026-07-27,2026-07-27 21:49:58 UTC,52,RIVN,"Rivian Automotive, Inc. / De",35101954,4.04,16.48,16.79,16.25,3.4099999999999997,0.0244,23667234083
2026-07-27,2026-07-27 21:49:58 UTC,53,HBAN,Huntington Bancshares Inc,35051153,-1.15,17.16,17.53,17.09,2.48,0.0173,34670318414
2026-07-27,2026-07-27 21:49:58 UTC,54,AMZN,Amazon Com,34936175,-0.31,231.39,235.89,230.99,2.11,0.0032,2489087552396
2026-07-27,2026-07-27 21:49:58 UTC,55,EDBL,Edible Garden AG Inc,34718678,-7.32,2.91,8.6,2.8,184.71,285.654,353684
2026-07-27,2026-07-27 21:49:58 UTC,56,IREN,IREN Ltd,34682615,-2.1,36.29,38.5,34.88,9.76,0.097,12969272079
2026-07-27,2026-07-27 21:49:58 UTC,57,OPEN,Opendoor Technologies Inc,34628486,0.38999999999999996,3.85,4.03,3.77,6.78,0.0359,3714236033
2026-07-27,2026-07-27 21:49:58 UTC,58,WETO,Wetour Robotics Limited,33211853,-55.400000000000006,0.045,0.07,0.0415,28.249999999999996,0.405,3690000
2026-07-27,2026-07-27 21:49:58 UTC,59,WBD,WARNER BROS DISCOVERY INC,32939095,-1.9,25.28,25.76,25.25,1.96,0.0131,63380415826
2026-07-27,2026-07-27 21:49:58 UTC,60,NOW,Servicenow Inc,32472304,6.859999999999999,105.56,108.15,100.35,7.9,0.0315,108864872480
2026-07-27,2026-07-27 21:49:58 UTC,61,AMD,Advanced Micro Devices Inc,31710697,-5.17,494.95,528.0,476.93,9.78,0.0194,807065786273
2026-07-27,2026-07-27 21:49:58 UTC,62,VZ,Verizon Comms,30409572,2.03,47.32,47.56,46.32,2.6599999999999997,0.0073,196614600000
2026-07-27,2026-07-27 21:49:58 UTC,63,RGTI,Rigetti Computing Inc,30402702,10.530000000000001,15.64,16.12,14.88,8.76,0.0915,5198717341
2026-07-27,2026-07-27 21:49:58 UTC,64,SNAP,Snap Inc,30296320,3.91,4.52,4.56,4.4,3.6799999999999997,0.018,7603909984
2026-07-27,2026-07-27 21:49:58 UTC,65,SMR,NuScale Power Corporation,30232377,5.56,8.54,8.64,8.06,7.17,0.0827,3121209072
2026-07-27,2026-07-27 21:49:58 UTC,66,ACHR,Archer Aviation Inc,30028670,3.7699999999999996,4.95,4.99,4.77,4.61,0.0395,3760010144
2026-07-27,2026-07-27 21:49:58 UTC,67,CAPR,Capricor Therapeutics Inc,29912611,-64.49000000000001,7.0,7.85,5.82,10.299999999999999,0.5165,405093691
2026-07-27,2026-07-27 21:49:58 UTC,68,AUR,Aurora Innovation Inc,28625070,4.37,6.21,6.3,5.98,5.46,0.0146,12179071182
2026-07-27,2026-07-27 21:49:58 UTC,69,GOOGL,Alphabet Inc,28414706,2.13,326.56,330.42,324.45,1.8599999999999999,0.0023,3956529343432
2026-07-27,2026-07-27 21:49:58 UTC,70,IONQ,Ionq Inc,28300247,9.379999999999999,35.92,37.17,34.3,8.74,0.0758,13407856532
2026-07-27,2026-07-27 21:49:58 UTC,71,MSFT,Microsoft Corp,27787101,1.94,389.1,394.2,387.99,1.63,0.0037,2890403943326
2026-07-27,2026-07-27 21:49:58 UTC,72,BBAI,BIGBEAR AI HLDGS INC,26875293,2.54,2.83,2.91,2.78,4.71,0.0561,1355426943
2026-07-27,2026-07-27 21:49:58 UTC,73,TE,T1 Energy,26792814,-2.0,4.9,5.15,4.725,8.5,0.096,1367436027
2026-07-27,2026-07-27 21:49:58 UTC,74,CPRT,Copart Inc,25958192,6.619999999999999,29.79,29.94,28.21,6.16,0.028,27579924048
2026-07-27,2026-07-27 21:49:58 UTC,75,UBER,Uber Technologies,25706373,3.4000000000000004,68.18,68.34,65.41,4.44,0.0126,138787140706
2026-07-27,2026-07-27 21:49:58 UTC,76,RKT,Rocket Companies Inc,25646954,3.37,13.49,13.62,13.27,2.68,0.0091,38169006949
2026-07-27,2026-07-27 21:49:58 UTC,77,KEEL,Keel Infrastructure Corp,24882346,-4.93,4.05,4.37,3.93,10.09,0.0412,2445506036
2026-07-27,2026-07-27 21:49:58 UTC,78,CIFR,Cipher Digital Inc,24681370,-6.4799999999999995,21.65,23.91,20.76,13.600000000000001,0.0603,8855915115
2026-07-27,2026-07-27 21:49:58 UTC,79,GMEX,GMEX ROBOTICS,24594967,22.45,1.8,2.1,1.56,36.730000000000004,,32891
2026-07-27,2026-07-27 21:49:58 UTC,80,STLA,Stellantis N.V,23811705,0.18,5.7,5.71,5.58,2.2800000000000002,0.0082,16515794260
2026-07-27,2026-07-27 21:49:58 UTC,81,APLD,Applied Digital,23313765,-3.0,26.38,28.19,25.77,8.83,0.0816,7537171591
2026-07-27,2026-07-27 21:49:58 UTC,82,BTBT,Bit Digital Inc,23080903,-1.46,1.35,1.415,1.29,9.120000000000001,0.0661,471407067
2026-07-27,2026-07-27 21:49:58 UTC,83,LAES,Sealsq Corp,22592312,2.06,2.48,2.56,2.37,7.8100000000000005,0.1014,552479517
2026-07-27,2026-07-27 21:49:58 UTC,84,HLN,Haleon,22565512,1.6400000000000001,9.94,10.04,9.85,1.94,0.0051,43780231548
2026-07-27,2026-07-27 21:49:58 UTC,85,NIO,Nio Inc.,22479021,2.9000000000000004,4.62,4.63,4.55,1.78,0.009,11576181641
2026-07-27,2026-07-27 21:49:58 UTC,86,DNN,Denison Mines,22290790,0.33999999999999997,2.92,3.07,2.86,7.22,0.0246,2642649529
2026-07-27,2026-07-27 21:49:58 UTC,87,NVTS,Navitas Semiconductor Corp,22102931,4.49,11.41,11.74,10.83,8.38,0.0946,2666667224
2026-07-27,2026-07-27 21:49:58 UTC,88,RXRX,"Recursion Pharmaceuticals, Inc.",21686080,1.69,3.01,3.13,2.99,4.73,0.0409,1595014648
2026-07-27,2026-07-27 21:49:58 UTC,89,WULF,Terawulf Inc,21679619,-2.6,17.98,19.04,17.33,9.26,0.0438,8909676957
2026-07-27,2026-07-27 21:49:58 UTC,90,SES,SES AI,21665240,10.37,0.5554,0.5651,0.5081,11.33,0.0587,205099980
2026-07-27,2026-07-27 21:49:58 UTC,91,EOSE,Eos Energy Enterprises Inc,21611973,4.03,3.61,3.64,3.36,8.07,0.0612,1274844984
2026-07-27,2026-07-27 21:49:58 UTC,92,MRVL,Marvell Technology Inc,21570246,-2.6100000000000003,189.17,199.79,181.76,9.28,0.0246,165668734238
2026-07-27,2026-07-27 21:49:58 UTC,93,GOOG,Alphabet Inc,21393639,2.34,326.57,330.1,324.41,1.78,0.0017,3993951100000
2026-07-27,2026-07-27 21:49:58 UTC,94,CCL,Carnival Corporation Ltd.,21098037,3.0,27.12,27.49,26.67,3.11,0.0154,37144884107
2026-07-27,2026-07-27 21:49:58 UTC,95,SNDK,SanDisk Corp,21092720,-11.020000000000001,1278.23,1462.99,1222.01,16.29,0.1424,189292771368
2026-07-27,2026-07-27 21:49:58 UTC,96,KVUE,Kenvue Inc.,20908792,1.04,19.48,19.58,19.28,1.53,0.0109,37401768852
2026-07-27,2026-07-27 21:49:58 UTC,97,BSX,Boston Scien Cp,20039214,2.85,45.51,46.32,44.59,3.8899999999999997,0.0135,67644024196
2026-07-27,2026-07-27 21:49:58 UTC,98,VG,"Venture Global, Inc.",19927351,-10.41,12.82,14.11,12.74,9.569999999999999,0.008,31849469944
2026-07-27,2026-07-27 21:49:58 UTC,99,KO,Coca Cola Co,19924626,2.21,84.07,84.14,82.5,1.9900000000000002,0.0046,361709696881
2026-07-27,2026-07-27 21:49:58 UTC,100,WMT,Walmart,18996587,2.07,111.74,112.51,109.89,2.3800000000000003,0.0024,889235764779
2026-07-28,2026-07-28 21:49:59 UTC,1,CISS,C3is,402958973,63.09,0.167,0.22,0.1522,65.14,260.3756,258451
2026-07-28,2026-07-28 21:49:59 UTC,2,ONFO,Onfolio Holdings,230999194,14.23,0.1148,0.1993,0.1069,91.53999999999999,32.8109,808229
2026-07-28,2026-07-28 21:49:59 UTC,3,GOSS,Gossamer Bio,209076251,2.86,0.2051,0.2682,0.19,39.22,0.4277,100262462
2026-07-28,2026-07-28 21:49:59 UTC,4,INTC,Intel Corp,152564467,-5.86,86.3,88.28,83.1,5.65,0.0302,435297200000
2026-07-28,2026-07-28 21:49:59 UTC,5,NVDA,Nvidia Corporation,133212270,0.25,197.01,198.7,192.74,3.0300000000000002,0.0055,4767642000000
2026-07-28,2026-07-28 21:49:59 UTC,6,LBGJ,Li Bang International Corporation Inc.,109837479,8.3,0.03,0.0321,0.023,32.49,32.7053,100752
2026-07-28,2026-07-28 21:49:59 UTC,7,CHAI,Core AI Holdings Inc,109023155,19.650000000000002,0.47,0.5323,0.4094,31.290000000000003,4.9801,10289167
2026-07-28,2026-07-28 21:49:59 UTC,8,NOK,Nokia,107947855,-3.29,8.93,9.07,8.6,5.13,0.0193,49995896260
2026-07-28,2026-07-28 21:49:59 UTC,9,OMH,Ohmyhome Limited,94303525,3.16,0.15,0.222,0.1231,67.88,4.0822,3465169
2026-07-28,2026-07-28 21:49:59 UTC,10,JBLU,Jetblue Awys Corp,86593576,10.5,6.0,6.2,5.28,17.04,0.2328,2232113364
2026-07-28,2026-07-28 21:49:59 UTC,11,AAL,American Airline,86323055,2.74,15.36,15.41,14.74,4.4799999999999995,0.1304,10167858447
2026-07-28,2026-07-28 21:49:59 UTC,12,PLUG,Plug Power,83556372,-4.8500000000000005,1.96,2.06,1.95,5.34,0.0599,2734335400
2026-07-28,2026-07-28 21:49:59 UTC,13,SOFI,Sofi Technologies Inc,82803069,-0.83,16.74,16.85,16.17,4.03,0.0646,21473087688
2026-07-28,2026-07-28 21:49:59 UTC,14,SPCX,Space Exploration Technologies Corp,81301400,2.56,116.41,118.13,107.01,9.8,0.0062,1522161465021
2026-07-28,2026-07-28 21:49:59 UTC,15,KIDZ,KIDZ AI INC,76483935,7.969999999999999,0.65,0.75,0.5733,29.349999999999998,14.635,3396961
2026-07-28,2026-07-28 21:49:59 UTC,16,F,Ford Mtr Co Del,75155975,1.91,14.96,15.02,14.66,2.45,0.0189,59611001744
2026-07-28,2026-07-28 21:49:59 UTC,17,GRAB,Grab Holdings Limited,66780144,2.9899999999999998,3.45,3.45,3.31,4.18,0.0163,14110500000
2026-07-28,2026-07-28 21:49:59 UTC,18,SXTC,China Sxt Pharmaceuticals Inc,63112973,-17.48,0.0576,0.065,0.05,21.490000000000002,1.4778,2460561
2026-07-28,2026-07-28 21:49:59 UTC,19,MARA,MARA Holdings Inc,62162162,-3.3099999999999996,11.38,11.53,10.67,7.3,0.163,4338858324
2026-07-28,2026-07-28 21:49:59 UTC,20,AMC,Amc Entmt Hldgs Inc,62058143,6.370000000000001,2.67,2.755,2.47,11.35,0.0695,2383254383
2026-07-28,2026-07-28 21:49:59 UTC,21,ONDS,Ondas Holdings Inc.,61725964,-1.9900000000000002,7.86,7.91,7.37,6.67,0.1165,4164531474
2026-07-28,2026-07-28 21:49:59 UTC,22,NU,Nu Hldgs Ltd,59260094,1.03,14.68,14.85,14.44,2.79,0.0123,70911513487
2026-07-28,2026-07-28 21:49:59 UTC,23,MU,Micron Technology Inc,58783332,-8.85,820.53,848.36,789.09,6.58,0.052,926700962190
2026-07-28,2026-07-28 21:49:59 UTC,24,T,At&T,57337354,0.98,24.66,25.32,24.6,2.9499999999999997,0.0084,168979830129
2026-07-28,2026-07-28 21:49:59 UTC,25,AAPL,Apple Inc,51700866,0.9400000000000001,340.08,342.89,335.6,2.16,0.0035,4994876028480
2026-07-28,2026-07-28 21:49:59 UTC,26,TE,T1 Energy,51559607,-15.310000000000002,4.15,4.37,3.73,12.65,0.1848,1158134594
2026-07-28,2026-07-28 21:49:59 UTC,27,PFE,Pfizer,49912689,2.35,25.25,25.5,24.94,2.19,0.0088,143910965267
2026-07-28,2026-07-28 21:49:59 UTC,28,IREN,IREN Ltd,47295087,-6.5,33.93,35.09,32.54,7.03,0.1323,12125858408
2026-07-28,2026-07-28 21:49:59 UTC,29,NFLX,Netflix Inc,47049182,2.83,72.39,73.76,71.23,3.5900000000000003,0.0113,301427593145
2026-07-28,2026-07-28 21:49:59 UTC,30,PATH,Uipath Inc,46813677,4.91,12.19,12.24,11.43,7.01,0.0904,6315886042
2026-07-28,2026-07-28 21:49:59 UTC,31,AMZN,Amazon Com,46633865,-0.22999999999999998,230.86,233.11,228.1,2.17,0.0043,2483386284394
2026-07-28,2026-07-28 21:49:59 UTC,32,RIG,Transocean,46365495,-5.489999999999999,4.99,5.24,4.98,4.92,0.0415,5571041468
2026-07-28,2026-07-28 21:49:59 UTC,33,GLW,Corning,46023551,-12.1,126.01,126.1,114.5,8.09,0.0535,108448972328
2026-07-28,2026-07-28 21:49:59 UTC,34,SKHY,SK Hynix Inc,45464477,-8.98,130.17,136.49,128.29,5.7299999999999995,0.0062,948764221350
2026-07-28,2026-07-28 21:49:59 UTC,35,POLA,Polar Pwr Inc,45341826,12.24,1.65,2.36,1.6,51.7,12.456,6006262
2026-07-28,2026-07-28 21:49:59 UTC,36,PLTR,Palantir Technologies Inc,43462539,-6.08,123.53,127.19,117.89,7.06,0.0181,296139948518
2026-07-28,2026-07-28 21:49:59 UTC,37,QS,Quantumscape Corp,43139360,-0.19,5.17,5.2,4.77,8.3,0.0697,3200816831
2026-07-28,2026-07-28 21:49:59 UTC,38,SNAP,Snap Inc,42682203,5.53,4.77,4.77,4.53,5.2,0.0254,8024480226
2026-07-28,2026-07-28 21:49:59 UTC,39,INFY,Infosys,41732471,5.56,12.35,12.38,11.8,4.91,0.0103,50096047123
2026-07-28,2026-07-28 21:49:59 UTC,40,CMCSA,Comcast Corp,41649871,6.1,24.19,24.26,23.23,4.5,0.0117,85841518700
2026-07-28,2026-07-28 21:49:59 UTC,41,WULF,Terawulf Inc,41485770,-4.95,17.09,17.36,16.11,6.98,0.0837,8468652903
2026-07-28,2026-07-28 21:49:59 UTC,42,SOUN,SOUNDHOUND AI INC,41285435,-2.65,6.24,6.51,6.02,7.64,0.0948,2718606883
2026-07-28,2026-07-28 21:49:59 UTC,43,APLD,Applied Digital,40673310,0.9299999999999999,26.62,27.25,25.41,6.94,0.1423,7607185128
2026-07-28,2026-07-28 21:49:59 UTC,44,SPWR,Sunpower Inc.,40272214,-40.0,0.29,0.4257,0.2767,30.830000000000002,0.268,43582132
2026-07-28,2026-07-28 21:49:59 UTC,45,LCID,Lucid Group Inc,39717186,21.54,7.9,8.5,6.22,34.92,0.1018,3083028783
2026-07-28,2026-07-28 21:49:59 UTC,46,TSLA,Tesla Inc,39554341,-0.58,307.44,311.16,300.69,3.38,0.01,1214248850811
2026-07-28,2026-07-28 21:49:59 UTC,47,NEXR,NEXERA TECHNOLOGIES LTD,38410060,33.69,0.3357,0.447,0.26,74.47,6.2638,2058545
2026-07-28,2026-07-28 21:49:59 UTC,48,JOBY,Joby Aviation Inc,36813272,-1.3599999999999999,7.27,7.39,6.99,5.36,0.0374,7151083534
2026-07-28,2026-07-28 21:49:59 UTC,49,ERIC,Telefonaktiebolaget LM Ericsson,36579309,3.1,9.97,10.01,9.58,4.5,0.0111,32822769627
2026-07-28,2026-07-28 21:49:59 UTC,50,SMCI,Super Micro Computer Inc,36197201,-4.5600000000000005,28.45,28.87,27.13,5.84,0.056,18402381125
2026-07-28,2026-07-28 21:49:59 UTC,51,CLF,Cleveland-Cliffs Inc,36127265,-2.1999999999999997,11.98,12.47,11.85,5.0,0.0633,6835069763
2026-07-28,2026-07-28 21:49:59 UTC,52,AMD,Advanced Micro Devices Inc,36009074,-8.15,454.62,472.75,442.27,6.16,0.0221,741303662502
2026-07-28,2026-07-28 21:49:59 UTC,53,KO,Coca Cola Co,34964254,5.0,88.27,90.22,86.25,4.72,0.0081,379703012748
2026-07-28,2026-07-28 21:49:59 UTC,54,OTLK,Outlook Therapeutics Inc,34625887,-15.120000000000001,0.904,1.015,0.82,18.310000000000002,0.1852,169045286
2026-07-28,2026-07-28 21:49:59 UTC,55,OPK,Opko Health,34546854,33.06,1.65,1.73,1.37,29.03,0.0458,1245902222
2026-07-28,2026-07-28 21:49:59 UTC,56,BIYA,Baiya International Group Inc,34023852,54.44,6.44,6.82,4.03,66.91,4.9816,43984324
2026-07-28,2026-07-28 21:49:59 UTC,57,NOW,Servicenow Inc,33571467,4.79,110.62,112.28,106.5,5.18,0.0325,114365814440
2026-07-28,2026-07-28 21:49:59 UTC,58,BMNR,Bitmine Immersion Technologies Inc,33258108,-1.95,17.57,17.89,16.33,8.709999999999999,0.0551,10598687742
2026-07-28,2026-07-28 21:49:59 UTC,59,STKH,STEAKHOLDER FOODS LTD,33252990,166.67000000000002,3.6,6.3,1.27,357.78,56.2001,2130080
2026-07-28,2026-07-28 21:49:59 UTC,60,INLF,INLIF,32913305,61.59,5.3,8.18,4.14,123.17,30.1741,5781139
2026-07-28,2026-07-28 21:49:59 UTC,61,ORCL,Oracle Corp,32523776,0.05,119.96,122.33,114.5,6.529999999999999,0.0113,345541301160
2026-07-28,2026-07-28 21:49:59 UTC,62,MSFT,Microsoft Corp,32256775,1.09,393.35,400.32,391.3,2.32,0.0043,2921974790818
2026-07-28,2026-07-28 21:49:59 UTC,63,AGNC,Agnc Invt Corp,31203287,4.04,11.07,11.1,10.67,3.9899999999999998,0.0272,12707577041
2026-07-28,2026-07-28 21:49:59 UTC,64,EOSE,Eos Energy Enterprises Inc,31198305,-6.65,3.37,3.48,3.21,7.48,0.0883,1190090747
2026-07-28,2026-07-28 21:49:59 UTC,65,KEEL,Keel Infrastructure Corp,31116765,-7.779999999999999,3.735,3.88,3.54,8.4,0.0515,2255300011
2026-07-28,2026-07-28 21:49:59 UTC,66,STLA,Stellantis N.V,30346196,1.05,5.76,5.84,5.64,3.51,0.0105,16689644726
2026-07-28,2026-07-28 21:49:59 UTC,67,VZ,Verizon Comms,29680931,1.8399999999999999,48.19,49.01,47.8,2.45,0.0071,200229450000
2026-07-28,2026-07-28 21:49:59 UTC,68,CRWV,"CoreWeave, Inc.",29670738,-4.93,67.3,69.18,64.63,6.41,0.0544,36716884285
2026-07-28,2026-07-28 21:49:59 UTC,69,LVWR,LIVEWIRE GROUP INC,29545275,-19.75,1.95,3.15,1.83,54.32,0.1443,399285568
2026-07-28,2026-07-28 21:49:59 UTC,70,GOOGL,Alphabet Inc,29399595,2.19,333.71,335.88,324.44,3.5000000000000004,0.0024,4043157175394
2026-07-28,2026-07-28 21:49:59 UTC,71,HL,Hecla Mining Co,29208213,-4.21,14.55,14.96,14.3,4.32,0.0435,9758865463
2026-07-28,2026-07-28 21:49:59 UTC,72,DNN,Denison Mines,29086469,-5.82,2.75,2.92,2.7,7.53,0.0321,2488796645
2026-07-28,2026-07-28 21:49:59 UTC,73,MRVL,Marvell Technology Inc,28874813,-7.7700000000000005,174.47,181.48,167.32,7.489999999999999,0.033,152794967820
2026-07-28,2026-07-28 21:49:59 UTC,74,BAC,Bank of America Corp,28724668,0.79,62.62,62.66,61.9,1.22,0.0041,439465122345
2026-07-28,2026-07-28 21:49:59 UTC,75,NVTS,Navitas Semiconductor Corp,28675042,-12.27,10.01,10.39,9.43,8.37,0.1227,2339468791
2026-07-28,2026-07-28 21:49:59 UTC,76,NBIS,Nebius Group,28605681,-9.68,169.69,180.07,161.44,9.92,0.1127,43083984539
2026-07-28,2026-07-28 21:49:59 UTC,77,OPEN,Opendoor Technologies Inc,28570425,2.34,3.94,3.98,3.72,6.75,0.0296,3801062330
2026-07-28,2026-07-28 21:49:59 UTC,78,BE,Bloom Energy,28546564,-11.34,166.84,176.85,157.65,10.2,0.1004,47456614937
2026-07-28,2026-07-28 21:49:59 UTC,79,DFNS,T3 Defense Inc,28247869,83.21,24.0,36.69,20.0,127.4,27.9551,24251880
2026-07-28,2026-07-28 21:49:59 UTC,80,CSCO,Cisco Sys Inc,27951302,0.88,115.58,117.07,111.73,4.66,0.0071,455551018580
2026-07-28,2026-07-28 21:49:59 UTC,81,CORZ,Core Scientific Inc,27659428,0.02,20.75,21.26,19.58,8.12,0.087,6594530382
2026-07-28,2026-07-28 21:49:59 UTC,82,SMR,NuScale Power Corporation,27320278,-3.75,8.22,8.42,7.8,7.26,0.0748,3004255102
2026-07-28,2026-07-28 21:49:59 UTC,83,CDE,Coeur Mng Inc,27311908,-2.93,14.91,15.16,14.58,3.7800000000000002,0.0265,15377203746
2026-07-28,2026-07-28 21:49:59 UTC,84,WETO,Wetour Robotics Limited,27159669,-3.11,0.0436,0.052,0.035,37.56,0.3312,3575200
2026-07-28,2026-07-28 21:49:59 UTC,85,SES,SES AI,27138526,-4.29,0.5316,0.5489,0.4982,9.13,0.0735,196311036
2026-07-28,2026-07-28 21:49:59 UTC,86,CCL,Carnival Corporation Ltd.,27028011,4.09,28.23,28.32,26.91,5.140000000000001,0.0197,38665194629
2026-07-28,2026-07-28 21:49:59 UTC,87,AUR,Aurora Innovation Inc,26954644,0.0,6.21,6.3,5.66,10.14,0.0137,12179071182
2026-07-28,2026-07-28 21:49:59 UTC,88,BSX,Boston Scien Cp,26887906,1.21,46.06,47.16,45.81,2.9499999999999997,0.0181,68461519544
2026-07-28,2026-07-28 21:49:59 UTC,89,RKT,Rocket Companies Inc,26718355,3.63,13.98,14.0,13.2,5.93,0.0094,39555427513
2026-07-28,2026-07-28 21:49:59 UTC,90,TNMG,TNL Mediagene,26704668,4.37,0.3889,0.435,0.3111,33.25,9.1103,1139966
2026-07-28,2026-07-28 21:49:59 UTC,91,UMC,United Microelec,26469358,-9.01,17.36,17.7,16.54,6.08,0.0105,43667291468
2026-07-28,2026-07-28 21:49:59 UTC,92,SNDK,SanDisk Corp,25819320,-14.249999999999998,1096.1,1188.0,1050.72,10.72,0.1744,162321183743
2026-07-28,2026-07-28 21:49:59 UTC,93,HPQ,Hp Inc,25473886,6.550000000000001,28.29,28.37,26.8,5.93,0.0279,25871846900
2026-07-28,2026-07-28 21:49:59 UTC,94,WMT,Walmart,24829133,1.22,113.1,116.03,112.84,2.85,0.0031,900058752430
2026-07-28,2026-07-28 21:49:59 UTC,95,BBAI,BIGBEAR AI HLDGS INC,24367894,-2.4699999999999998,2.76,2.87,2.67,7.07,0.0509,1321900482
2026-07-28,2026-07-28 21:49:59 UTC,96,RXRX,"Recursion Pharmaceuticals, Inc.",24330337,1.3299999999999998,3.05,3.05,2.86,6.3100000000000005,0.0459,1616210856
2026-07-28,2026-07-28 21:49:59 UTC,97,REPL,Replimune Group,24009250,-38.01,5.35,6.62,5.14,17.21,0.286,449106611
2026-07-28,2026-07-28 21:49:59 UTC,98,QBTS,D Wave Quantum,23974919,-9.610000000000001,17.64,18.89,17.26,8.35,0.0654,6467417593
2026-07-28,2026-07-28 21:49:59 UTC,99,PCG,PG&E Us,23833994,1.02,17.78,18.44,17.72,4.06,0.0108,39158083588
2026-07-28,2026-07-28 21:49:59 UTC,100,CIFR,Cipher Digital Inc,23611574,-5.680000000000001,20.42,20.82,18.84,9.049999999999999,0.0577,8352784602
2026-07-29,2026-07-29 21:50:00 UTC,1,SOFI,Sofi Technologies Inc,192908992,-8.9,15.25,15.77,14.88,5.319999999999999,0.1504,19561803300
2026-07-29,2026-07-29 21:50:00 UTC,2,GSUN,Golden Sun Health Technology Group Ltd,174121582,65.74,0.3232,0.3752,0.1808,99.69,17.362,3241330
2026-07-29,2026-07-29 21:50:00 UTC,3,INTC,Intel Corp,151051650,-5.12,81.88,88.47,81.79,7.739999999999999,0.0299,413002720000
2026-07-29,2026-07-29 21:50:00 UTC,4,NVDA,Nvidia Corporation,146895211,-3.55,190.01,197.07,190.01,3.5900000000000003,0.0061,4598242000000
2026-07-29,2026-07-29 21:50:00 UTC,5,NCRA,Nocera,126981626,118.17999999999999,3.12,3.98,2.45,106.99000000000001,81.926,4835862
2026-07-29,2026-07-29 21:50:00 UTC,6,AGRZ,Agroz,121566085,54.379999999999995,0.3398,0.6499,0.2158,197.26999999999998,5.609,7364650
2026-07-29,2026-07-29 21:50:00 UTC,7,F,Ford Mtr Co Del,98257319,2.1399999999999997,15.28,16.29,15.16,7.55,0.0247,60886103386
2026-07-29,2026-07-29 21:50:00 UTC,8,NOK,Nokia,94271644,-5.82,8.41,8.91,8.37,6.05,0.0168,47084601069
2026-07-29,2026-07-29 21:50:00 UTC,9,JBLU,Jetblue Awys Corp,90073269,-4.67,5.72,6.05,5.63,6.83,0.2421,2127948073
2026-07-29,2026-07-29 21:50:00 UTC,10,T,At&T,77466416,-2.92,23.94,24.67,23.6,4.36,0.0113,164046112461
2026-07-29,2026-07-29 21:50:00 UTC,11,IREN,IREN Ltd,70324284,-13.62,29.31,34.24,28.93,15.65,0.1968,10474768934
2026-07-29,2026-07-29 21:50:00 UTC,12,AMIX,Autonomix Medical Inc,69866690,66.18,4.57,7.25,3.93,120.73,71.9502,4437666
2026-07-29,2026-07-29 21:50:00 UTC,13,GRAB,Grab Holdings Limited,69370165,-2.9000000000000004,3.35,3.49,3.33,4.64,0.017,13701500000
2026-07-29,2026-07-29 21:50:00 UTC,14,MU,Micron Technology Inc,68755285,-9.94,739.0,841.8,737.88,12.67,0.0609,834621538589
2026-07-29,2026-07-29 21:50:00 UTC,15,SKHY,SK Hynix Inc,64917571,-2.6,126.79,137.19,124.8,9.520000000000001,0.0089,924128567450
2026-07-29,2026-07-29 21:50:00 UTC,16,AAL,American Airline,64653720,-3.39,14.84,15.25,14.66,3.81,0.0977,9823634072
2026-07-29,2026-07-29 21:50:00 UTC,17,LBGJ,Li Bang International Corporation Inc.,64390745,-20.0,0.024,0.0277,0.023,15.67,19.1733,80601
2026-07-29,2026-07-29 21:50:00 UTC,18,PATH,Uipath Inc,62551686,3.2800000000000002,12.59,12.83,12.13,5.74,0.1207,6523134148
2026-07-29,2026-07-29 21:50:00 UTC,19,PLUG,Plug Power,60973537,-3.06,1.9,2.01,1.86,7.6499999999999995,0.0437,2650631255
2026-07-29,2026-07-29 21:50:00 UTC,20,ONDS,Ondas Holdings Inc.,58505343,-13.489999999999998,6.8,7.87,6.77,13.99,0.1104,3602902548
2026-07-29,2026-07-29 21:50:00 UTC,21,AAPL,Apple Inc,55922669,-0.5599999999999999,338.19,344.57,337.35,2.12,0.0038,4967116925640
2026-07-29,2026-07-29 21:50:00 UTC,22,SXTC,China Sxt Pharmaceuticals Inc,55066424,-8.85,0.0525,0.0564,0.0464,17.36,1.2891,2242699
2026-07-29,2026-07-29 21:50:00 UTC,23,SPCX,Space Exploration Technologies Corp,53522927,-3.32,112.55,117.59,110.35,6.22,0.0041,1471688625446
2026-07-29,2026-07-29 21:50:00 UTC,24,CISS,C3is,51712655,-20.419999999999998,0.1329,0.1706,0.1118,35.21,33.4145,205677
2026-07-29,2026-07-29 21:50:00 UTC,25,BSX,Boston Scien Cp,51272990,-0.04,46.04,46.88,42.55,9.4,0.0345,68431792441
2026-07-29,2026-07-29 21:50:00 UTC,26,RIG,Transocean,51014610,-0.8,4.95,5.14,4.88,5.21,0.0457,5526383821
2026-07-29,2026-07-29 21:50:00 UTC,27,RKT,Rocket Companies Inc,49519309,-2.0,13.7,14.57,13.48,7.8,0.0175,38763187191
2026-07-29,2026-07-29 21:50:00 UTC,28,VIVK,Vivakor,49053922,23.71,2.4,2.78,2.17,31.44,73.5221,1601280
2026-07-29,2026-07-29 21:50:00 UTC,29,NU,Nu Hldgs Ltd,47390914,-4.36,14.04,14.63,13.99,4.29,0.0098,67820003362
2026-07-29,2026-07-29 21:50:00 UTC,30,WULF,Terawulf Inc,46422670,-11.700000000000001,15.09,17.12,14.81,13.309999999999999,0.0937,7477587613
2026-07-29,2026-07-29 21:50:00 UTC,31,SOUN,SOUNDHOUND AI INC,46422073,-8.649999999999999,5.7,6.26,5.65,9.69,0.1066,2483342826
2026-07-29,2026-07-29 21:50:00 UTC,32,TE,T1 Energy,46330473,-10.36,3.72,4.18,3.63,13.25,0.166,1038135106
2026-07-29,2026-07-29 21:50:00 UTC,33,MSFT,Microsoft Corp,44612440,-0.7100000000000001,390.54,401.25,388.74,3.18,0.006,2901100889300
2026-07-29,2026-07-29 21:50:00 UTC,34,AMZN,Amazon Com,44134556,-1.82,226.65,232.82,226.16,2.88,0.0041,2438098853669
2026-07-29,2026-07-29 21:50:00 UTC,35,BE,Bloom Energy,44001709,-1.8499999999999999,163.75,185.66,157.33,16.98,0.1547,46577683385
2026-07-29,2026-07-29 21:50:00 UTC,36,MGN,MEGAN HLDGS LTD,43672406,0.13999999999999999,0.0703,0.126,0.0594,94.73,1.1803,2601100
2026-07-29,2026-07-29 21:50:00 UTC,37,NFLX,Netflix Inc,43622769,1.71,73.63,73.74,71.75,2.74,0.0105,306590878343
2026-07-29,2026-07-29 21:50:00 UTC,38,MARA,MARA Holdings Inc,43570970,-11.690000000000001,10.05,11.45,10.03,12.479999999999999,0.1143,3831768555
2026-07-29,2026-07-29 21:50:00 UTC,39,AVTR,Avantor,42792045,15.78,14.38,14.62,13.63,7.969999999999999,0.0627,9818022680
2026-07-29,2026-07-29 21:50:00 UTC,40,KEEL,Keel Infrastructure Corp,42673799,-14.860000000000001,3.18,3.71,3.17,14.46,0.0707,1920175110
2026-07-29,2026-07-29 21:50:00 UTC,41,ABEV,Ambev,42488863,-0.96,3.1,3.15,3.07,2.56,0.0027,48349751400
2026-07-29,2026-07-29 21:50:00 UTC,42,VZ,Verizon Comms,41377794,-2.01,47.22,48.54,45.7,5.8500000000000005,0.01,196199100000
2026-07-29,2026-07-29 21:50:00 UTC,43,SMCI,Super Micro Computer Inc,40600538,-9.67,25.7,28.07,25.68,8.4,0.0628,16623592088
2026-07-29,2026-07-29 21:50:00 UTC,44,HL,Hecla Mining Co,40385354,-2.75,14.15,14.65,13.79,5.91,0.0602,9490580502
2026-07-29,2026-07-29 21:50:00 UTC,45,NOW,Servicenow Inc,40247804,4.65,115.76,118.36,109.5,8.01,0.0389,119679865120
2026-07-29,2026-07-29 21:50:00 UTC,46,CIFR,Cipher Digital Inc,39669185,-13.370000000000001,17.69,20.68,17.44,15.86,0.097,7236080294
2026-07-29,2026-07-29 21:50:00 UTC,47,NBIS,Nebius Group,39219767,-12.65,148.22,172.0,145.8,15.440000000000001,0.1545,37632790314
2026-07-29,2026-07-29 21:50:00 UTC,48,TSLA,Tesla Inc,39177477,-2.97,298.32,309.06,297.38,3.7900000000000005,0.0099,1178228978578
2026-07-29,2026-07-29 21:50:00 UTC,49,AMC,Amc Entmt Hldgs Inc,37976901,3.0,2.75,2.79,2.6,7.12,0.0425,2454662754
2026-07-29,2026-07-29 21:50:00 UTC,50,BAC,Bank of America Corp,37906367,-2.48,61.07,62.65,60.91,2.78,0.0054,428587272782
2026-07-29,2026-07-29 21:50:00 UTC,51,CMCSA,Comcast Corp,37033338,1.7399999999999998,24.61,24.88,23.84,4.279999999999999,0.0104,87331946061
2026-07-29,2026-07-29 21:50:00 UTC,52,CRWV,"CoreWeave, Inc.",36698179,-9.629999999999999,60.82,66.89,60.55,9.42,0.0673,33181588443
2026-07-29,2026-07-29 21:50:00 UTC,53,EOSE,Eos Energy Enterprises Inc,36196643,-6.819999999999999,3.14,3.37,3.11,7.720000000000001,0.1025,1108867936
2026-07-29,2026-07-29 21:50:00 UTC,54,CORZ,Core Scientific Inc,35495526,-12.65,18.12,21.03,17.92,14.99,0.1117,5760081491
2026-07-29,2026-07-29 21:50:00 UTC,55,BTBT,Bit Digital Inc,34861200,-6.92,1.21,1.3,1.18,9.229999999999999,0.0998,422520408
2026-07-29,2026-07-29 21:50:00 UTC,56,SES,SES AI,34622195,-4.590000000000001,0.5072,0.55,0.505,8.469999999999999,0.0938,187300522
2026-07-29,2026-07-29 21:50:00 UTC,57,STLA,Stellantis N.V,34489175,4.34,6.01,6.13,5.92,3.65,0.0119,17414021667
2026-07-29,2026-07-29 21:50:00 UTC,58,NIO,Nio Inc.,34010207,1.71,4.76,4.94,4.725,4.590000000000001,0.0136,11926975024
2026-07-29,2026-07-29 21:50:00 UTC,59,AUR,Aurora Innovation Inc,33433656,-3.6999999999999997,5.98,6.37,5.93,7.000000000000001,0.017,11727994472
2026-07-29,2026-07-29 21:50:00 UTC,60,JOBY,Joby Aviation Inc,32491245,-8.53,6.65,7.22,6.63,8.1,0.033,6541224965
2026-07-29,2026-07-29 21:50:00 UTC,61,BMNR,Bitmine Immersion Technologies Inc,32298940,-5.58,16.59,17.73,16.53,6.83,0.0535,10007525876
2026-07-29,2026-07-29 21:50:00 UTC,62,AMD,Advanced Micro Devices Inc,32163124,-5.510000000000001,429.56,457.22,424.03,7.3,0.0197,700440810488
2026-07-29,2026-07-29 21:50:00 UTC,63,CDE,Coeur Mng Inc,32123423,-1.8800000000000001,14.63,15.18,14.02,7.779999999999999,0.0311,15088429967
2026-07-29,2026-07-29 21:50:00 UTC,64,CLF,Cleveland-Cliffs Inc,31945148,-5.01,11.38,12.15,11.1,8.68,0.056,6492745734
2026-07-29,2026-07-29 21:50:00 UTC,65,OPEN,Opendoor Technologies Inc,31830267,-6.8500000000000005,3.67,4.02,3.625,10.03,0.033,3540583439
2026-07-29,2026-07-29 21:50:00 UTC,66,HBAN,Huntington Bancshares Inc,31814157,-2.6599999999999997,16.84,17.28,16.81,2.7199999999999998,0.0157,34023785669
2026-07-29,2026-07-29 21:50:00 UTC,67,APLD,Applied Digital,31480367,-12.770000000000001,23.22,27.01,22.93,15.290000000000001,0.1102,6635568695
2026-07-29,2026-07-29 21:50:00 UTC,68,SMR,NuScale Power Corporation,31361983,-7.66,7.59,8.34,7.54,9.67,0.0858,2774001974
2026-07-29,2026-07-29 21:50:00 UTC,69,PFE,Pfizer,30368223,-0.4,25.15,25.37,25.06,1.22,0.0053,143341020850
2026-07-29,2026-07-29 21:50:00 UTC,70,INFY,Infosys,30088326,2.02,12.6,12.7,12.25,3.6799999999999997,0.0074,51110137146
2026-07-29,2026-07-29 21:50:00 UTC,71,GOSS,Gossamer Bio,29805933,0.7799999999999999,0.2067,0.2119,0.182,14.580000000000002,0.061,101044617
2026-07-29,2026-07-29 21:50:00 UTC,72,QS,Quantumscape Corp,29418921,-4.06,4.96,5.21,4.92,5.609999999999999,0.0475,3070802994
2026-07-29,2026-07-29 21:50:00 UTC,73,HIMS,Hims & Hers Health Inc,29162623,-14.729999999999999,25.0,28.97,24.73,14.46,0.126,5786442375
2026-07-29,2026-07-29 21:50:00 UTC,74,HLN,Haleon,28681035,0.1,10.28,10.31,9.99,3.0700000000000003,0.0065,45277744499
2026-07-29,2026-07-29 21:50:00 UTC,75,LAES,Sealsq Corp,28444687,-3.85,2.25,2.35,2.22,5.56,0.1277,501241497
2026-07-29,2026-07-29 21:50:00 UTC,76,ZONE,CleanCore Solutions,28345914,-54.010000000000005,0.3219,0.63,0.3035,46.589999999999996,0.127,71839664
2026-07-29,2026-07-29 21:50:00 UTC,77,YYAI,AiRWA Inc,28345816,-67.65,0.29,0.6515,0.28,41.44,26.9048,305532
2026-07-29,2026-07-29 21:50:00 UTC,78,OTLK,Outlook Therapeutics Inc,28182045,10.620000000000001,1.0,1.12,0.8829,26.22,0.1507,186996998
2026-07-29,2026-07-29 21:50:00 UTC,79,ORCL,Oracle Corp,27831232,-1.8499999999999999,117.74,121.92,116.2,4.77,0.0097,339146655540
2026-07-29,2026-07-29 21:50:00 UTC,80,VFC,V.F. Corp,27819371,-17.37,15.08,16.26,14.7,8.44,0.0709,5916593559
2026-07-29,2026-07-29 21:50:00 UTC,81,MSS,Maison Solutions Inc.,27735519,3.1399999999999997,1.64,3.67,1.55,133.32999999999998,32.4263,1402755
2026-07-29,2026-07-29 21:50:00 UTC,82,GOOGL,Alphabet Inc,27275884,0.8999999999999999,336.71,342.5,331.62,3.26,0.0023,4079504517476
2026-07-29,2026-07-29 21:50:00 UTC,83,KVUE,Kenvue Inc.,27193535,0.2,19.79,19.81,19.25,2.83,0.0142,37996971539
2026-07-29,2026-07-29 21:50:00 UTC,84,PLTR,Palantir Technologies Inc,27064960,-0.43,123.0,127.28,122.45,3.91,0.0113,294869373171
2026-07-29,2026-07-29 21:50:00 UTC,85,DNN,Denison Mines,26884526,-2.18,2.69,2.77,2.605,5.64,0.0297,2434495627
2026-07-29,2026-07-29 21:50:00 UTC,86,CPNG,Coupang Inc,26691625,-1.81,15.16,15.56,14.96,3.82,0.0149,27213173287
2026-07-29,2026-07-29 21:50:00 UTC,87,VRRM,Verra Mobility Corp,26086476,22.009999999999998,5.1,6.0,5.03,22.73,0.1717,774723930
2026-07-29,2026-07-29 21:50:00 UTC,88,ACHR,Archer Aviation Inc,25818763,-7.049999999999999,4.48,4.827,4.47,7.3999999999999995,0.034,3402999080
2026-07-29,2026-07-29 21:50:00 UTC,89,QXO,QXO Inc,25793501,-5.96,13.4,13.97,13.2,5.33,0.0249,13902250358
2026-07-29,2026-07-29 21:50:00 UTC,90,BTG,B2Gold,25665576,-2.6,3.74,3.87,3.68,4.95,0.0192,4996309219
2026-07-29,2026-07-29 21:50:00 UTC,91,GLW,Corning,25558137,-1.5599999999999998,124.05,130.87,122.62,6.550000000000001,0.0297,106762122191
2026-07-29,2026-07-29 21:50:00 UTC,92,MTNB,Matinas Biopharm,25524155,1.67,0.2979,0.44,0.26,61.42999999999999,1.8641,4079083
2026-07-29,2026-07-29 21:50:00 UTC,93,MRVL,Marvell Technology Inc,25454086,-6.34,163.4,177.8,162.9,8.540000000000001,0.0291,143100233518
2026-07-29,2026-07-29 21:50:00 UTC,94,HTZ,Hertz Global Hld,25116183,-5.38,1.67,1.76,1.56,11.129999999999999,0.0713,587990453
2026-07-29,2026-07-29 21:50:00 UTC,95,BBAI,BIGBEAR AI HLDGS INC,24865019,-6.16,2.59,2.775,2.59,6.34,0.0519,1240479075
2026-07-29,2026-07-29 21:50:00 UTC,96,CLSK,Cleanspark Inc,24834376,-10.9,12.01,13.36,11.83,11.35,0.0968,3081869358
2026-07-29,2026-07-29 21:50:00 UTC,97,SNAP,Snap Inc,24750907,-0.84,4.73,4.895,4.715,3.7699999999999996,0.0147,7957188988
2026-07-29,2026-07-29 21:50:00 UTC,98,UMC,United Microelec,24662308,-1.44,17.11,18.13,16.96,6.74,0.0098,43038494000
2026-07-29,2026-07-29 21:50:00 UTC,99,PCG,PG&E Us,24371593,-0.38999999999999996,17.71,17.93,17.63,1.69,0.0111,39003917905
2026-07-29,2026-07-29 21:50:00 UTC,100,SNDK,SanDisk Corp,24124021,-7.32,1015.89,1124.8,998.19,11.55,0.1629,150442904254
2026-07-30,2026-07-30 21:49:57 UTC,1,CYCU,Cycurion Inc.,635293447,495.84999999999997,1.61,1.84,0.3189,562.58,55.3749,18470866
2026-07-30,2026-07-30 21:49:57 UTC,2,SXTC,China Sxt Pharmaceuticals Inc,534339332,39.24,0.0731,0.0918,0.0642,52.56999999999999,12.5085,3122691
2026-07-30,2026-07-30 21:49:57 UTC,3,GCTK,Glucotrack,363966352,173.67999999999998,0.78,0.9,0.3365,197.72,47.1513,6020914
2026-07-30,2026-07-30 21:49:57 UTC,4,INTC,Intel Corp,138996285,11.3,91.13,94.1,85.97,9.9,0.0276,459659720000
2026-07-30,2026-07-30 21:49:57 UTC,5,NVDA,Nvidia Corporation,128485024,2.65,195.04,197.25,191.52,3.02,0.0053,4719968000000
2026-07-30,2026-07-30 21:49:57 UTC,6,VSEE,"VSee Health, Inc.",121748004,-1.5,0.072,0.096,0.0667,40.08,2.1866,4008946
2026-07-30,2026-07-30 21:49:57 UTC,7,NUWE,Nuwellis Inc,117366641,135.45000000000002,4.45,6.4,3.7,142.85000000000002,230.1514,2269295
2026-07-30,2026-07-30 21:49:57 UTC,8,MSFT,Microsoft Corp,109979514,15.509999999999998,451.1,458.69,432.44,6.72,0.0148,3350966894974
2026-07-30,2026-07-30 21:49:57 UTC,9,NOK,Nokia,106642947,8.09,9.09,9.34,8.92,4.99,0.019,50891679395
2026-07-30,2026-07-30 21:49:57 UTC,10,AMZN,Amazon Com,100940001,3.9,235.5,239.82,231.06,3.8699999999999997,0.0094,2533299272178
2026-07-30,2026-07-30 21:49:57 UTC,11,LBGJ,Li Bang International Corporation Inc.,89668855,-25.0,0.018,0.0195,0.0172,9.58,26.6999,60451
2026-07-30,2026-07-30 21:49:57 UTC,12,SOFI,Sofi Technologies Inc,83150921,8.0,16.47,16.48,15.26,8.0,0.0648,21126747564
2026-07-30,2026-07-30 21:49:57 UTC,13,CISS,C3is,81787773,2.33,0.136,0.145,0.1282,12.64,6.2516,1779235
2026-07-30,2026-07-30 21:49:57 UTC,14,TE,T1 Energy,75862183,14.78,4.27,4.39,3.495,24.060000000000002,0.2718,1191622823
2026-07-30,2026-07-30 21:49:57 UTC,15,AAPL,Apple Inc,73444292,-1.41,333.43,334.75,329.59,1.53,0.005,4897205111080
2026-07-30,2026-07-30 21:49:57 UTC,16,IREN,IREN Ltd,72701011,30.54,38.26,38.34,32.32,20.52,0.2034,13673308067
2026-07-30,2026-07-30 21:49:57 UTC,17,MGRX,"Mangoceuticals, Inc.",72656941,-46.88,0.2936,0.42,0.261,28.77,4.2324,5040355
2026-07-30,2026-07-30 21:49:57 UTC,18,PATH,Uipath Inc,66488500,-1.7500000000000002,12.37,12.43,11.66,6.08,0.1283,6409147690
2026-07-30,2026-07-30 21:49:57 UTC,19,KEEL,Keel Infrastructure Corp,66131060,27.36,4.05,4.28,3.54,23.27,0.1095,2445506036
2026-07-30,2026-07-30 21:49:57 UTC,20,MU,Micron Technology Inc,61996724,18.360000000000003,874.66,882.5,789.0,12.65,0.0549,987835013453
2026-07-30,2026-07-30 21:49:57 UTC,21,F,Ford Mtr Co Del,59983114,-2.75,14.86,15.37,14.64,4.61,0.0151,59212532481
2026-07-30,2026-07-30 21:49:57 UTC,22,ABEV,Ambev,59900823,0.65,3.12,3.12,2.97,4.81,0.0038,48661685280
2026-07-30,2026-07-30 21:49:57 UTC,23,SPCX,Space Exploration Technologies Corp,55665157,-0.31,112.2,118.93,111.35,6.7299999999999995,0.0043,1467112072635
2026-07-30,2026-07-30 21:49:57 UTC,24,ONDS,Ondas Holdings Inc.,55306234,11.469999999999999,7.58,7.65,6.84,11.91,0.0971,4319529112
2026-07-30,2026-07-30 21:49:57 UTC,25,NFLX,Netflix Inc,54119972,-0.62,73.17,73.32,70.55,3.7600000000000002,0.013,304675466092
2026-07-30,2026-07-30 21:49:57 UTC,26,RIG,Transocean,53474542,2.63,5.08,5.09,4.91,3.64,0.0479,5671521174
2026-07-30,2026-07-30 21:49:57 UTC,27,SKHY,SK Hynix Inc,51994843,17.52,149.0,150.36,134.5,12.5,0.0071,1086009595000
2026-07-30,2026-07-30 21:49:57 UTC,28,PLUG,Plug Power,51137967,10.0,2.09,2.09,1.95,7.37,0.0367,2915694381
2026-07-30,2026-07-30 21:49:57 UTC,29,T,At&T,49433899,-3.05,23.21,23.62,23.14,1.9800000000000002,0.0072,159043870936
2026-07-30,2026-07-30 21:49:57 UTC,30,NU,Nu Hldgs Ltd,49370621,3.2099999999999995,14.49,14.53,14.02,3.63,0.0102,69993721419
2026-07-30,2026-07-30 21:49:57 UTC,31,AAL,American Airline,47434883,3.9800000000000004,15.43,15.46,14.89,3.84,0.0717,10214196343
2026-07-30,2026-07-30 21:49:57 UTC,32,MARA,MARA Holdings Inc,45331722,17.61,11.82,12.03,10.57,14.530000000000001,0.1189,4506617345
2026-07-30,2026-07-30 21:49:57 UTC,33,PFE,Pfizer,44924577,-0.95,24.91,24.98,24.55,1.69,0.0079,141973154249
2026-07-30,2026-07-30 21:49:57 UTC,34,JBLU,Jetblue Awys Corp,44882696,6.12,6.07,6.15,5.69,8.04,0.1206,2258154686
2026-07-30,2026-07-30 21:49:57 UTC,35,GRAB,Grab Holdings Limited,44346141,1.49,3.4,3.41,3.31,2.9899999999999998,0.0108,13906000000
2026-07-30,2026-07-30 21:49:57 UTC,36,WULF,Terawulf Inc,44004925,18.09,17.82,18.23,16.38,12.23,0.0888,8830391733
2026-07-30,2026-07-30 21:49:57 UTC,37,CRWV,"CoreWeave, Inc.",44000961,21.51,73.9,75.87,67.55,13.600000000000001,0.0807,40317648569
2026-07-30,2026-07-30 21:49:57 UTC,38,META,Meta Platforms Inc,42164088,-7.95,539.03,539.88,524.49,2.62,0.0166,1368286313555
2026-07-30,2026-07-30 21:49:57 UTC,39,NBIS,Nebius Group,42094113,27.13,188.43,195.89,169.08,18.09,0.1658,47842036695
2026-07-30,2026-07-30 21:49:57 UTC,40,STLA,Stellantis N.V,42059701,-2.5,5.86,5.89,5.58,5.16,0.0145,16979395502
2026-07-30,2026-07-30 21:49:57 UTC,41,AMZE,"Amaze Holdings, Inc.",41140813,7.07,0.2,0.2056,0.18,13.170000000000002,5.5994,1469649
2026-07-30,2026-07-30 21:49:57 UTC,42,ORCL,Oracle Corp,41102491,8.34,127.56,128.34,121.58,5.7299999999999995,0.0143,367432880760
2026-07-30,2026-07-30 21:49:57 UTC,43,OWL,Blue Owl Capital Inc,40928363,6.39,10.16,10.25,9.26,10.34,0.0263,15839951139
2026-07-30,2026-07-30 21:49:57 UTC,44,OPEN,Opendoor Technologies Inc,40146015,4.09,3.82,3.88,3.62,7.08,0.0416,3685293934
2026-07-30,2026-07-30 21:49:57 UTC,45,SMCI,Super Micro Computer Inc,38331309,7.9,27.73,28.17,26.65,5.91,0.0593,17936661814
2026-07-30,2026-07-30 21:49:57 UTC,46,TSLA,Tesla Inc,37859399,3.53,308.85,310.87,301.33,3.19,0.0096,1219817712636
2026-07-30,2026-07-30 21:49:57 UTC,47,AMD,Advanced Micro Devices Inc,36777069,13.0,485.39,498.2,457.68,9.43,0.0226,791477244164
2026-07-30,2026-07-30 21:49:57 UTC,48,PCG,PG&E Us,36486910,0.4,17.78,17.83,17.34,2.76,0.0166,39158083588
2026-07-30,2026-07-30 21:49:57 UTC,49,NCLH,Norwegian Cruise Line Hldg Ltd,36442356,-9.78,18.72,19.63,18.63,4.84,0.0794,8594541820
2026-07-30,2026-07-30 21:49:57 UTC,50,CIFR,Cipher Digital Inc,36248492,28.07,22.66,22.96,19.53,19.39,0.0886,9267009558
2026-07-30,2026-07-30 21:49:57 UTC,51,JMKE,Jersey Mike’s Subs Inc.,35935941,-5.96,21.63,22.88,20.63,10.71,0.1131,6870529407
2026-07-30,2026-07-30 21:49:57 UTC,52,BMNR,Bitmine Immersion Technologies Inc,35637350,8.98,18.08,18.23,16.87,8.23,0.0591,10906333203
2026-07-30,2026-07-30 21:49:57 UTC,53,CMG,Chipotle Mexican Grill Inc,35567180,12.5,38.52,39.09,36.25,8.290000000000001,0.0277,49410913680
2026-07-30,2026-07-30 21:49:57 UTC,54,RKT,Rocket Companies Inc,35189827,-3.2099999999999995,13.26,13.9,12.63,9.229999999999999,0.0124,37518238113
2026-07-30,2026-07-30 21:49:57 UTC,55,BE,Bloom Energy,35150059,26.490000000000002,207.12,215.74,184.88,18.16,0.1193,61002503903
2026-07-30,2026-07-30 21:49:57 UTC,56,YYAI,AiRWA Inc,35102752,-41.38,0.17,0.2408,0.16,27.860000000000003,33.3182,179105
2026-07-30,2026-07-30 21:49:57 UTC,57,SMR,NuScale Power Corporation,34899806,13.309999999999999,8.6,8.68,7.79,11.66,0.0955,3143137941
2026-07-30,2026-07-30 21:49:57 UTC,58,CVNA,Carvana,33484988,-7.359999999999999,61.44,61.6,56.12,8.200000000000001,0.0304,67612494028
2026-07-30,2026-07-30 21:49:57 UTC,59,INO,Inovio Pharmaceu,33368418,-36.919999999999995,0.656,0.73,0.5632,15.709999999999999,0.4056,53971243
2026-07-30,2026-07-30 21:49:57 UTC,60,ACHR,Archer Aviation Inc,31510744,5.800000000000001,4.74,4.77,4.52,5.58,0.0415,3600494562
2026-07-30,2026-07-30 21:49:57 UTC,61,AMC,Amc Entmt Hldgs Inc,31191394,0.73,2.77,2.78,2.62,5.82,0.0349,2472514847
2026-07-30,2026-07-30 21:49:57 UTC,62,CDE,Coeur Mng Inc,31057819,5.26,15.4,15.43,14.69,5.06,0.0301,15882557860
2026-07-30,2026-07-30 21:49:57 UTC,63,DNN,Denison Mines,30717342,8.55,2.92,2.93,2.74,7.06,0.0339,2642649529
2026-07-30,2026-07-30 21:49:57 UTC,64,BBAI,BIGBEAR AI HLDGS INC,30661984,9.27,2.83,2.85,2.61,9.27,0.064,1355426943
2026-07-30,2026-07-30 21:49:57 UTC,65,CLSK,Cleanspark Inc,30503818,21.07,14.54,14.84,12.89,16.189999999999998,0.1189,3731089131
2026-07-30,2026-07-30 21:49:57 UTC,66,AUR,Aurora Innovation Inc,30485360,4.35,6.24,6.25,5.65,10.03,0.0155,12237907275
2026-07-30,2026-07-30 21:49:57 UTC,67,GOSS,Gossamer Bio,30211235,-13.74,0.1783,0.2051,0.1678,18.05,0.0618,87161370
2026-07-30,2026-07-30 21:49:57 UTC,68,GOOGL,Alphabet Inc,30056429,-0.91,333.66,336.51,330.34,1.83,0.0025,4080661800000
2026-07-30,2026-07-30 21:49:57 UTC,69,NOW,Servicenow Inc,29679869,-4.92,110.07,113.12,106.38,5.82,0.0287,113797190340
2026-07-30,2026-07-30 21:49:57 UTC,70,MRVL,Marvell Technology Inc,29647669,12.18,183.3,184.35,175.15,5.62,0.0339,160527985335
2026-07-30,2026-07-30 21:49:57 UTC,71,HOOD,"Robinhood Markets, Inc.",29567524,-3.61,86.6,92.57,86.21,7.04,0.0374,68468578264
2026-07-30,2026-07-30 21:49:57 UTC,72,XRX,Xerox Holdings Corp,29469689,32.2,3.49,3.78,3.23,20.830000000000002,0.2253,456420842
2026-07-30,2026-07-30 21:49:57 UTC,73,CMCSA,Comcast Corp,29273126,-3.82,23.67,24.09,23.36,2.97,0.0082,83996227682
2026-07-30,2026-07-30 21:49:57 UTC,74,CAPR,Capricor Therapeutics Inc,28874089,-36.230000000000004,4.19,4.21,2.96,19.03,0.4986,242650831
2026-07-30,2026-07-30 21:49:57 UTC,75,WMT,Walmart,28718754,-2.73,111.1,113.03,110.44,2.27,0.0036,884142594120
2026-07-30,2026-07-30 21:49:57 UTC,76,HL,Hecla Mining Co,27890781,5.510000000000001,14.93,14.95,14.15,5.62,0.0416,10013736176
2026-07-30,2026-07-30 21:49:57 UTC,77,PLTR,Palantir Technologies Inc,27696297,-0.6,122.26,123.67,120.27,2.76,0.0116,293095362308
2026-07-30,2026-07-30 21:49:57 UTC,78,SNAP,Snap Inc,27151464,-0.8500000000000001,4.69,4.72,4.6,2.54,0.0161,7889897749
2026-07-30,2026-07-30 21:49:57 UTC,79,JOBY,Joby Aviation Inc,27115772,8.870000000000001,7.24,7.3,6.8,7.5200000000000005,0.0276,7121574248
2026-07-30,2026-07-30 21:49:57 UTC,80,SOUN,SOUNDHOUND AI INC,26646560,7.720000000000001,6.14,6.19,5.7,8.6,0.0612,2675039465
2026-07-30,2026-07-30 21:49:57 UTC,81,RIVN,"Rivian Automotive, Inc. / De",26506765,3.06,16.83,16.89,16.16,4.5,0.0185,24169875583
2026-07-30,2026-07-30 21:49:57 UTC,82,TDOC,Teladoc Health Inc,26269612,-28.32,6.58,7.66,6.43,12.2,0.1446,1195480858
2026-07-30,2026-07-30 21:49:57 UTC,83,RBLX,Roblox Corp,26087776,-2.91,48.67,50.92,47.5,6.800000000000001,0.0364,34846685519
2026-07-30,2026-07-30 21:49:57 UTC,84,BTBT,Bit Digital Inc,26039464,17.36,1.42,1.43,1.24,15.7,0.0746,495850396
2026-07-30,2026-07-30 21:49:57 UTC,85,CLF,Cleveland-Cliffs Inc,25956508,2.1999999999999997,11.63,11.87,11.21,5.76,0.0455,6635380746
2026-07-30,2026-07-30 21:49:57 UTC,86,QS,Quantumscape Corp,25922856,5.4399999999999995,5.23,5.25,5.01,4.9399999999999995,0.0419,3237963641
2026-07-30,2026-07-30 21:49:57 UTC,87,BSX,Boston Scien Cp,25889389,-0.09,46.0,46.2,44.55,3.5700000000000003,0.0174,68372338234
2026-07-30,2026-07-30 21:49:57 UTC,88,APLD,Applied Digital,25885594,20.46,27.97,28.56,25.34,13.819999999999999,0.0899,8052104375
2026-07-30,2026-07-30 21:49:57 UTC,89,RIOT,Riot Platforms Ord Shs,25672860,21.27,22.12,22.7,19.96,14.97,0.0679,8364705207
2026-07-30,2026-07-30 21:49:57 UTC,90,CSCO,Cisco Sys Inc,25569950,0.96,113.56,114.33,111.66,2.37,0.0065,447589320557
2026-07-30,2026-07-30 21:49:57 UTC,91,EOSE,Eos Energy Enterprises Inc,25276930,14.97,3.61,3.62,3.24,12.1,0.0716,1274844984
2026-07-30,2026-07-30 21:49:57 UTC,92,BAC,Bank of America Corp,24843979,1.08,61.73,61.93,61.03,1.47,0.0035,433219131305
2026-07-30,2026-07-30 21:49:57 UTC,93,COUR,Coursera Inc,24703600,-14.719999999999999,5.27,5.4,5.05,5.66,0.1459,892387207
2026-07-30,2026-07-30 21:49:57 UTC,94,UMC,United Microelec,24570182,10.7,18.94,19.02,17.53,8.709999999999999,0.0098,47641618687
2026-07-30,2026-07-30 21:49:57 UTC,95,QCOM,Qualcomm Inc,24303071,-2.62,151.6,154.16,146.0,5.24,0.0231,159786400000
2026-07-30,2026-07-30 21:49:57 UTC,96,VALE,Vale S A,24231803,2.32,14.99,15.0,14.67,2.25,0.0057,63925360957
2026-07-30,2026-07-30 21:49:57 UTC,97,AGNC,Agnc Invt Corp,24209208,0.18,10.92,10.99,10.81,1.6500000000000001,0.0208,12713064000
2026-07-30,2026-07-30 21:49:57 UTC,98,SNDK,SanDisk Corp,24071302,25.990000000000002,1279.96,1285.48,1124.0,15.83,0.1625,189548966649
2026-07-30,2026-07-30 21:49:57 UTC,99,RGTI,Rigetti Computing Inc,23841871,12.41,14.86,15.0,13.49,11.42,0.0717,4939446272
2026-07-30,2026-07-30 21:49:57 UTC,100,CCL,Carnival Corporation Ltd.,23650575,-0.13999999999999999,27.77,27.94,27.16,2.79,0.0173,38035156034
2026-07-31,2026-07-31 21:49:56 UTC,1,WETO,Wetour Robotics Limited,1480830004,200.0,0.09,0.1431,0.0671,252.99999999999997,18.0589,7380000
2026-07-31,2026-07-31 21:49:56 UTC,2,LBGJ,Li Bang International Corporation Inc.,941240586,3.8899999999999997,0.0187,0.0329,0.0174,86.11,280.2644,62802
2026-07-31,2026-07-31 21:49:56 UTC,3,MGRX,"Mangoceuticals, Inc.",510962947,89.75,0.5571,1.25,0.5166,245.23000000000002,29.7635,9563970
2026-07-31,2026-07-31 21:49:56 UTC,4,ZBAO,Zhibao Tech,378935508,16.0,0.2001,0.3532,0.1843,97.91,11.125,6815744
2026-07-31,2026-07-31 21:49:56 UTC,5,ONFO,Onfolio Holdings,297712330,-6.18,0.079,0.1215,0.0659,65.68,42.2867,556185
2026-07-31,2026-07-31 21:49:56 UTC,6,KWM,"K Wave Media, Ltd",246001027,11.01,0.0837,0.0957,0.071,32.76,3.3587,6130508
2026-07-31,2026-07-31 21:49:56 UTC,7,FMFC,Kandal M Venture Limited,192156827,141.41,0.5241,1.17,0.2254,435.1,10.5004,9591030
2026-07-31,2026-07-31 21:49:56 UTC,8,CYCU,Cycurion Inc.,160010011,-44.84,0.8881,1.57,0.87,43.480000000000004,13.9472,10188805
2026-07-31,2026-07-31 21:49:56 UTC,9,NVDA,Nvidia Corporation,139660714,2.93,200.75,202.0,194.95,3.5999999999999996,0.0058,4858150000000
2026-07-31,2026-07-31 21:49:56 UTC,10,AAPL,Apple Inc,132275797,-7.35,308.91,310.69,300.0,3.2099999999999995,0.0091,4508288143800
2026-07-31,2026-07-31 21:49:56 UTC,11,AMZN,Amazon Com,128882503,15.32,271.58,273.23,262.01,4.75,0.012,2921415780628
2026-07-31,2026-07-31 21:49:56 UTC,12,INTC,Intel Corp,108668446,-1.02,90.2,97.9,90.13,8.52,0.0215,454968800000
2026-07-31,2026-07-31 21:49:56 UTC,13,RITR,Reitar Logtech Holdings Limited,103431887,-9.6,0.0565,0.0686,0.046,36.16,1.6564,3528071
2026-07-31,2026-07-31 21:49:56 UTC,14,FCUV,Focus Unvl Inc,100262162,517.02,11.6,17.59,8.42,487.77,142.6599,8152607
2026-07-31,2026-07-31 21:49:56 UTC,15,VSEE,"VSee Health, Inc.",99439236,9.31,0.0787,0.0833,0.0691,19.72,1.7859,4382001
2026-07-31,2026-07-31 21:49:56 UTC,16,NOK,Nokia,91604099,0.5499999999999999,9.14,9.54,9.05,5.390000000000001,0.0164,51171611625
2026-07-31,2026-07-31 21:49:56 UTC,17,CIGL,Concorde International Group Limited,75335564,33.14,0.6114,1.23,0.3697,187.35,0.3319,138778915
2026-07-31,2026-07-31 21:49:56 UTC,18,IREN,IREN Ltd,65315922,-3.82,36.8,40.82,35.16,14.78,0.1828,13151535203
2026-07-31,2026-07-31 21:49:56 UTC,19,RBLX,Roblox Corp,63050071,-26.85,35.6,40.0,33.88,12.57,0.0881,25488843322
2026-07-31,2026-07-31 21:49:56 UTC,20,RIG,Transocean,62773096,4.72,5.32,5.34,5.09,4.92,0.0562,5939467056
2026-07-31,2026-07-31 21:49:56 UTC,21,MSFT,Microsoft Corp,60748346,3.02,464.72,466.84,449.33,3.83,0.0082,3450799500577
2026-07-31,2026-07-31 21:49:56 UTC,22,SXTC,China Sxt Pharmaceuticals Inc,59897529,-15.459999999999999,0.0618,0.069,0.0546,19.15,1.4022,2639977
2026-07-31,2026-07-31 21:49:56 UTC,23,ONDS,Ondas Holdings Inc.,59375350,-1.1900000000000002,7.49,7.83,7.11,9.5,0.1042,4268241827
2026-07-31,2026-07-31 21:49:56 UTC,24,CAN,Canaan Inc.,58831402,-30.240000000000002,0.17,0.2488,0.17,32.33,0.0764,130928869
2026-07-31,2026-07-31 21:49:56 UTC,25,SPCX,Space Exploration Technologies Corp,58479663,-3.4099999999999997,108.37,113.64,107.57,5.41,0.0045,1417031509014
2026-07-31,2026-07-31 21:49:56 UTC,26,T,At&T,58132922,0.16999999999999998,23.25,23.46,22.92,2.35,0.0085,159317966362
2026-07-31,2026-07-31 21:49:56 UTC,27,ABEV,Ambev,57167514,-0.32,3.11,3.16,3.085,2.4,0.0037,48505718340
2026-07-31,2026-07-31 21:49:56 UTC,28,SOFI,Sofi Technologies Inc,56582995,-0.97,16.31,16.5,15.83,4.06,0.0441,20921508972
2026-07-31,2026-07-31 21:49:56 UTC,29,F,Ford Mtr Co Del,55987124,-1.21,14.68,15.03,14.41,4.17,0.014,58537904391
2026-07-31,2026-07-31 21:49:56 UTC,30,WU,Western Union,55628271,-17.299999999999997,6.36,7.21,6.27,12.22,0.1784,1983550319
2026-07-31,2026-07-31 21:49:56 UTC,31,RIVN,"Rivian Automotive, Inc. / De",54404902,-9.569999999999999,15.22,17.18,15.15,12.09,0.0379,21857724681
2026-07-31,2026-07-31 21:49:56 UTC,32,MU,Micron Technology Inc,54258831,-5.8999999999999995,823.03,930.88,818.0,12.91,0.048,929524445067
2026-07-31,2026-07-31 21:49:56 UTC,33,NWGL,CL Workshop Group,51047509,9.2,0.2529,0.4542,0.22,100.56,3.0839,4186295
2026-07-31,2026-07-31 21:49:56 UTC,34,MGN,MEGAN HLDGS LTD,50827855,7.13,0.0736,0.0785,0.0557,33.19,1.3737,2723200
2026-07-31,2026-07-31 21:49:56 UTC,35,AAL,American Airline,48093430,-1.04,15.27,15.53,15.17,2.27,0.0727,10108281151
2026-07-31,2026-07-31 21:49:56 UTC,36,NU,Nu Hldgs Ltd,47603944,-1.0999999999999999,14.33,14.58,14.24,2.31,0.0099,69220843888
2026-07-31,2026-07-31 21:49:56 UTC,37,GOOGL,Alphabet Inc,46425891,6.7299999999999995,356.13,358.58,340.0,5.56,0.0038,4355469900000
2026-07-31,2026-07-31 21:49:56 UTC,38,SKHY,SK Hynix Inc,45848785,-3.54,143.73,162.65,143.51,12.85,0.0063,1047598383150
2026-07-31,2026-07-31 21:49:56 UTC,39,PFE,Pfizer,45053500,0.4,25.01,25.18,24.67,2.0500000000000003,0.0079,142543098666
2026-07-31,2026-07-31 21:49:56 UTC,40,KUST,Kustom Entertainment Inc,44544435,5.08,1.24,1.88,1.08,67.80000000000001,71.0596,777306
2026-07-31,2026-07-31 21:49:56 UTC,41,NWL,Newell Brands,44333514,8.95,5.6,7.13,5.5,31.81,0.1043,2379440000
2026-07-31,2026-07-31 21:49:56 UTC,42,YYAI,AiRWA Inc,43545640,-29.409999999999997,0.12,0.1312,0.1163,8.76,41.3319,126427
2026-07-31,2026-07-31 21:49:56 UTC,43,ELPW,Elong Power Holding Limited,43236360,-11.25,0.1752,0.226,0.1633,31.71,2.9578,2561039
2026-07-31,2026-07-31 21:49:56 UTC,44,GRAB,Grab Holdings Limited,42167151,2.94,3.5,3.51,3.4,3.2399999999999998,0.0103,14315000000
2026-07-31,2026-07-31 21:49:56 UTC,45,PATH,Uipath Inc,39801252,3.15,12.76,12.82,12.16,5.33,0.0768,6611214594
2026-07-31,2026-07-31 21:49:56 UTC,46,AMC,Amc Entmt Hldgs Inc,39459849,1.81,2.82,2.84,2.665,6.32,0.0442,2517145079
2026-07-31,2026-07-31 21:49:56 UTC,47,BBAI,BIGBEAR AI HLDGS INC,39403303,-1.41,2.79,3.0,2.67,11.66,0.0823,1336268965
2026-07-31,2026-07-31 21:49:56 UTC,48,ZEO,Zeo Energy,39329283,-3.73,0.5006,1.1,0.47,121.15,0.6748,29174953
2026-07-31,2026-07-31 21:49:56 UTC,49,SMR,NuScale Power Corporation,38745352,-2.09,8.42,9.01,8.39,7.2700000000000005,0.106,3077351333
2026-07-31,2026-07-31 21:49:56 UTC,50,KEEL,Keel Infrastructure Corp,38675961,-1.9800000000000002,3.97,4.335,3.885,11.110000000000001,0.0641,2397199744
2026-07-31,2026-07-31 21:49:56 UTC,51,MARA,MARA Holdings Inc,38634098,-4.2299999999999995,11.32,12.07,11.07,8.459999999999999,0.1013,4315982093
2026-07-31,2026-07-31 21:49:56 UTC,52,PLUG,Plug Power,37971494,-1.44,2.06,2.16,2.01,7.180000000000001,0.0272,2873842308
2026-07-31,2026-07-31 21:49:56 UTC,53,WBD,WARNER BROS DISCOVERY INC,37063017,3.26,26.3,26.45,25.4,4.12,0.0148,65937695262
2026-07-31,2026-07-31 21:49:56 UTC,54,TSLA,Tesla Inc,36527863,0.76,311.21,315.5,301.97,4.38,0.0092,1229138644486
2026-07-31,2026-07-31 21:49:56 UTC,55,NFLX,Netflix Inc,35818042,-2.0,71.71,72.75,71.11,2.25,0.0086,298596114165
2026-07-31,2026-07-31 21:49:56 UTC,56,BMNR,Bitmine Immersion Technologies Inc,35652079,-4.42,17.28,17.77,16.53,6.859999999999999,0.0591,10423752088
2026-07-31,2026-07-31 21:49:56 UTC,57,SOUN,SOUNDHOUND AI INC,35404047,-0.16,6.13,6.34,6.01,5.37,0.0813,2670682723
2026-07-31,2026-07-31 21:49:56 UTC,58,SMCI,Super Micro Computer Inc,34867051,2.42,28.4,29.3,27.21,7.539999999999999,0.0539,18370039506
2026-07-31,2026-07-31 21:49:56 UTC,59,ORCL,Oracle Corp,34373539,1.81,129.87,132.4,125.7,5.25,0.0119,374086768770
2026-07-31,2026-07-31 21:49:56 UTC,60,STLA,Stellantis N.V,34107233,-1.71,5.76,5.9,5.68,3.75,0.0118,16689644726
2026-07-31,2026-07-31 21:49:56 UTC,61,SBEV,Splash Beverage Group Inc,34008488,7.22,0.37,0.45,0.3276,35.47,5.3982,2331000
2026-07-31,2026-07-31 21:49:56 UTC,62,SNAP,Snap Inc,33891156,0.0,4.69,4.73,4.59,2.9899999999999998,0.0201,7889897749
2026-07-31,2026-07-31 21:49:56 UTC,63,JOBY,Joby Aviation Inc,33521568,-1.24,7.15,7.43,6.93,6.87,0.0341,7033046391
2026-07-31,2026-07-31 21:49:56 UTC,64,REPL,Replimune Group,33516977,107.02000000000001,11.2,12.5,9.43,56.56,0.3989,941091995
2026-07-31,2026-07-31 21:49:56 UTC,65,TU,Telus,32784157,-11.23,9.56,10.05,9.22,7.7,0.021,14926686588
2026-07-31,2026-07-31 21:49:56 UTC,66,WULF,Terawulf Inc,30646661,-0.8999999999999999,17.66,18.96,17.5,8.19,0.0618,8751106510
2026-07-31,2026-07-31 21:49:56 UTC,67,GOOG,Alphabet Inc,30451474,6.88,356.65,358.88,339.16,5.91,0.0025,4361829500000
2026-07-31,2026-07-31 21:49:56 UTC,68,CDE,Coeur Mng Inc,30364366,-3.18,14.91,15.15,14.51,4.16,0.0294,15377203746
2026-07-31,2026-07-31 21:49:56 UTC,69,RDDT,REDDIT INC,29855275,-20.990000000000002,140.67,151.38,135.22,9.06,0.1551,27080246656
2026-07-31,2026-07-31 21:49:56 UTC,70,ACHR,Archer Aviation Inc,29763938,-2.11,4.64,4.85,4.57,5.91,0.0392,3524534761
2026-07-31,2026-07-31 21:49:56 UTC,71,AMZE,"Amaze Holdings, Inc.",29722883,1.5,0.203,0.2344,0.161,36.7,4.0449,1491694
2026-07-31,2026-07-31 21:49:56 UTC,72,AXTI,Axt Inc,29557603,28.74,60.43,68.92,55.61,28.360000000000003,0.4518,3953523009
2026-07-31,2026-07-31 21:49:56 UTC,73,PLTR,Palantir Technologies Inc,29008953,0.65,123.06,123.39,119.62,3.08,0.0121,295013211889
2026-07-31,2026-07-31 21:49:56 UTC,74,VALE,Vale S A,28927102,0.47000000000000003,15.06,15.15,14.71,2.97,0.0068,64223878320
2026-07-31,2026-07-31 21:49:56 UTC,75,OPEN,Opendoor Technologies Inc,28787801,-1.31,3.77,3.88,3.68,5.2299999999999995,0.0298,3637057102
2026-07-31,2026-07-31 21:49:56 UTC,76,PCG,PG&E Us,28531549,-2.25,17.38,17.79,17.37,2.36,0.013,38277136826
2026-07-31,2026-07-31 21:49:56 UTC,77,VZ,Verizon Comms,28277576,1.52,46.81,46.91,45.47,3.1199999999999997,0.0068,194495550000
2026-07-31,2026-07-31 21:49:56 UTC,78,CMCSA,Comcast Corp,28194894,1.23,23.96,24.15,23.28,3.65,0.0079,85025332289
2026-07-31,2026-07-31 21:49:56 UTC,79,BTE,Baytex Energy,27963762,7.04,4.56,4.66,4.41,5.63,0.0392,3249426524
2026-07-31,2026-07-31 21:49:56 UTC,80,CIFR,Cipher Digital Inc,27757768,-1.48,22.32,24.53,21.81,12.01,0.0679,9129978077
2026-07-31,2026-07-31 21:49:56 UTC,81,AUR,Aurora Innovation Inc,27718083,3.37,6.45,6.6,6.24,5.7700000000000005,0.0141,12649759924
2026-07-31,2026-07-31 21:49:56 UTC,82,TE,T1 Energy,27679476,-2.34,4.17,4.53,4.03,11.709999999999999,0.0992,1163715966
2026-07-31,2026-07-31 21:49:56 UTC,83,BAC,Bank of America Corp,27282529,0.36,61.95,62.24,61.54,1.13,0.0039,434763084147
2026-07-31,2026-07-31 21:49:56 UTC,84,OWL,Blue Owl Capital Inc,26991157,1.38,10.3,10.4,10.15,2.41,0.0173,16058218182
2026-07-31,2026-07-31 21:49:56 UTC,85,JBLU,Jetblue Awys Corp,26968136,-0.66,6.03,6.21,6.0,3.46,0.0725,2243273930
2026-07-31,2026-07-31 21:49:56 UTC,86,NVO,Novo-Nordisk A/S,26752685,-8.780000000000001,47.08,47.59,46.44,2.23,0.006,208273940881
2026-07-31,2026-07-31 21:49:56 UTC,87,MRVL,Marvell Technology Inc,26746942,2.32,187.56,201.35,187.12,7.6899999999999995,0.0305,164258750297
2026-07-31,2026-07-31 21:49:56 UTC,88,AMD,Advanced Micro Devices Inc,26515528,-1.9,476.15,515.62,475.76,8.21,0.0163,776410494259
2026-07-31,2026-07-31 21:49:56 UTC,89,HL,Hecla Mining Co,26504121,-5.43,14.12,14.73,13.94,5.33,0.0395,9470459130
2026-07-31,2026-07-31 21:49:56 UTC,90,CRWV,"CoreWeave, Inc.",26347900,-2.88,71.77,78.5,69.97,11.540000000000001,0.0483,39155583732
2026-07-31,2026-07-31 21:49:56 UTC,91,BYND,Beyond Meat,26119933,1.8499999999999999,0.566,0.605,0.5605,8.01,0.0507,291683793
2026-07-31,2026-07-31 21:49:56 UTC,92,FRMI,Fermi Inc.,25779351,-15.45,5.69,6.65,5.68,14.12,0.0404,3627797419
2026-07-31,2026-07-31 21:49:56 UTC,93,NBIS,Nebius Group,25627351,1.05,190.41,204.57,182.5,11.709999999999999,0.1009,48344755119
2026-07-31,2026-07-31 21:49:56 UTC,94,GOSS,Gossamer Bio,25363093,-4.9399999999999995,0.1695,0.1829,0.1653,9.87,0.0519,82859519
2026-07-31,2026-07-31 21:49:56 UTC,95,BTBT,Bit Digital Inc,25026814,-7.75,1.31,1.46,1.3,11.27,0.0717,457439450
2026-07-31,2026-07-31 21:49:56 UTC,96,EOSE,Eos Energy Enterprises Inc,24996092,-6.370000000000001,3.38,3.695,3.28,11.5,0.0708,1193622173
2026-07-31,2026-07-31 21:49:56 UTC,97,FIG,Figma,24725348,2.36,24.32,25.05,23.1,8.12,0.0468,12850118255
2026-07-31,2026-07-31 21:49:56 UTC,98,META,Meta Platforms Inc,24202785,3.2800000000000002,556.71,558.33,540.22,3.36,0.0095,1413165637569
2026-07-31,2026-07-31 21:49:56 UTC,99,QS,Quantumscape Corp,23898458,-0.19,5.22,5.39,5.09,5.83,0.0386,3231772506
2026-07-31,2026-07-31 21:49:56 UTC,100,HTZ,Hertz Global Hld,23850264,-4.2299999999999995,1.585,1.68,1.55,7.86,0.0677,558062795
2026-08-03,2026-08-03 21:49:59 UTC,1,RITR,Reitar Logtech Holdings Limited,1522493023,504.96,0.3418,0.3986,0.1311,473.45,24.3819,21343273
2026-08-03,2026-08-03 21:49:59 UTC,2,MGN,MEGAN HLDGS LTD,976196154,87.22999999999999,0.1378,0.31,0.105,278.53,26.384,5098600
2026-08-03,2026-08-03 21:49:59 UTC,3,YYAI,AiRWA Inc,487180039,0.0,0.12,0.203,0.1142,74.0,462.4128,126427
2026-08-03,2026-08-03 21:49:59 UTC,4,SXTC,China Sxt Pharmaceuticals Inc,430447441,24.34,0.0769,0.104,0.07,54.97,10.0765,3285020
2026-08-03,2026-08-03 21:49:59 UTC,5,ZBAO,Zhibao Tech,211633079,27.54,0.2552,0.3676,0.2204,73.56,6.2132,8692543
2026-08-03,2026-08-03 21:49:59 UTC,6,HYFM,"Hydrofarm Holdings Group, Inc.",145293195,298.15,2.15,3.2,1.45,322.21999999999997,30.4942,10243915
2026-08-03,2026-08-03 21:49:59 UTC,7,NVDA,Nvidia Corporation,128142589,2.93,206.64,208.74,196.85,5.92,0.0053,5000688000000
2026-08-03,2026-08-03 21:49:59 UTC,8,ENSC,Ensysce Biosciences Inc,111209628,10.71,0.2801,0.2944,0.2469,18.77,7.2377,4303884
2026-08-03,2026-08-03 21:49:59 UTC,9,EZRA,Reliance Global Group Inc,108595610,45.6,2.65,4.6,2.35,123.63,108.271,2657944
2026-08-03,2026-08-03 21:49:59 UTC,10,INTC,Intel Corp,96137624,0.89,91.0,91.68,85.62,6.710000000000001,0.0191,459004000000
2026-08-03,2026-08-03 21:49:59 UTC,11,SNAP,Snap Inc,90510242,7.46,5.04,5.08,4.78,6.18,0.0538,8478696088
2026-08-03,2026-08-03 21:49:59 UTC,12,AMZN,Amazon Com,90336348,4.58,284.02,287.2,278.0,3.37,0.0084,3062587660000
2026-08-03,2026-08-03 21:49:59 UTC,13,VSEE,"VSee Health, Inc.",83866237,11.82,0.088,0.0927,0.069,29.99,1.5062,4899823
2026-08-03,2026-08-03 21:49:59 UTC,14,SOFI,Sofi Technologies Inc,83681553,10.549999999999999,18.03,18.08,16.45,9.99,0.0649,23264332644
2026-08-03,2026-08-03 21:49:59 UTC,15,AAPL,Apple Inc,74835150,-1.78,303.42,311.8,302.56,2.9899999999999998,0.0051,4432651553460
2026-08-03,2026-08-03 21:49:59 UTC,16,PLTR,Palantir Technologies Inc,73201852,2.1,125.65,126.97,123.66,2.69,0.0305,301222249910
2026-08-03,2026-08-03 21:49:59 UTC,17,SPCX,Space Exploration Technologies Corp,69869104,5.680000000000001,114.53,114.92,104.83,9.31,0.0053,1497578838492
2026-08-03,2026-08-03 21:49:59 UTC,18,AMC,Amc Entmt Hldgs Inc,68056853,1.06,2.85,3.03,2.763,9.48,0.0762,2543923218
2026-08-03,2026-08-03 21:49:59 UTC,19,MSFT,Microsoft Corp,66655906,4.93,487.65,491.65,475.0,3.58,0.009,3621067258686
2026-08-03,2026-08-03 21:49:59 UTC,20,ONFO,Onfolio Holdings,65573377,11.14,0.0878,0.0892,0.0653,30.25,9.314,618140
2026-08-03,2026-08-03 21:49:59 UTC,21,GRAB,Grab Holdings Limited,65260027,4.859999999999999,3.67,3.68,3.54,4.0,0.016,15010300000
2026-08-03,2026-08-03 21:49:59 UTC,22,NOK,Nokia,60934821,2.41,9.36,9.43,8.77,7.17,0.0109,52403313437
2026-08-03,2026-08-03 21:49:59 UTC,23,FUSE,FUSEMACHINES,58836915,69.64,1.33,1.84,0.8023,132.36,2.0299,38550451
2026-08-03,2026-08-03 21:49:59 UTC,24,CYCU,Cycurion Inc.,57061075,3.0300000000000002,0.915,1.19,0.86,37.16,4.9737,10497418
2026-08-03,2026-08-03 21:49:59 UTC,25,TE,T1 Energy,56243740,18.47,4.94,4.99,4.18,19.42,0.2015,1378598770
2026-08-03,2026-08-03 21:49:59 UTC,26,ONDS,Ondas Holdings Inc.,55651945,11.75,8.37,8.45,7.25,16.02,0.0977,4769717503
2026-08-03,2026-08-03 21:49:59 UTC,27,ELPW,Elong Power Holding Limited,55239673,-40.129999999999995,0.1049,0.118,0.0803,21.4,3.7789,1533407
2026-08-03,2026-08-03 21:49:59 UTC,28,T,At&T,53810214,1.46,23.59,23.75,23.3,1.96,0.0079,161647777483
2026-08-03,2026-08-03 21:49:59 UTC,29,AAL,American Airline,53616184,5.04,16.04,16.38,15.7,4.45,0.081,10617998014
2026-08-03,2026-08-03 21:49:59 UTC,30,ORCL,Oracle Corp,49544240,9.22,141.85,143.07,130.21,9.87,0.0172,408594811350
2026-08-03,2026-08-03 21:49:59 UTC,31,PLUG,Plug Power,48521517,0.97,2.08,2.1,2.0,4.8500000000000005,0.0348,2901743690
2026-08-03,2026-08-03 21:49:59 UTC,32,CRWV,"CoreWeave, Inc.",44412449,19.49,85.76,86.2,69.89,22.73,0.0814,46788112872
2026-08-03,2026-08-03 21:49:59 UTC,33,IREN,IREN Ltd,43762522,8.02,39.75,40.21,35.46,12.91,0.1225,14205802291
2026-08-03,2026-08-03 21:49:59 UTC,34,EOSE,Eos Energy Enterprises Inc,42848377,10.95,3.75,3.8,3.22,17.16,0.1213,1324284956
2026-08-03,2026-08-03 21:49:59 UTC,35,F,Ford Mtr Co Del,42614497,-1.7000000000000002,14.43,15.06,14.43,4.22,0.0107,57541005474
2026-08-03,2026-08-03 21:49:59 UTC,36,MU,Micron Technology Inc,42314970,0.79,829.5,836.62,770.1,8.08,0.0375,936831618754
2026-08-03,2026-08-03 21:49:59 UTC,37,GME,Gamestop Corp,41655390,-12.25,19.06,20.5,18.55,8.77,0.0928,8552055358
2026-08-03,2026-08-03 21:49:59 UTC,38,PATH,Uipath Inc,40924703,2.27,13.05,13.22,12.81,3.2099999999999995,0.079,6761469471
2026-08-03,2026-08-03 21:49:59 UTC,39,ABEV,Ambev,40800117,-1.9300000000000002,3.05,3.13,3.04,2.8899999999999997,0.0026,47131024750
2026-08-03,2026-08-03 21:49:59 UTC,40,FNGR,Fingermotion Inc,40714652,-21.85,0.211,0.2332,0.1701,23.369999999999997,0.6641,12936486
2026-08-03,2026-08-03 21:49:59 UTC,41,PFE,Pfizer,40585255,0.08,25.03,25.39,24.87,2.1,0.0071,142657087550
2026-08-03,2026-08-03 21:49:59 UTC,42,WULF,Terawulf Inc,40429665,6.63,18.83,19.1,17.12,11.16,0.0816,9330879705
2026-08-03,2026-08-03 21:49:59 UTC,43,OWL,Blue Owl Capital Inc,40016367,8.35,11.16,11.31,10.36,9.22,0.0257,17399469208
2026-08-03,2026-08-03 21:49:59 UTC,44,PCG,PG&E Us,39496630,0.29,17.43,17.51,16.95,3.2199999999999998,0.0179,38387255171
2026-08-03,2026-08-03 21:49:59 UTC,45,CYAB,CYABRA INC,39001103,-2.65,0.3018,0.3299,0.2519,25.130000000000003,2.7731,4244572
2026-08-03,2026-08-03 21:49:59 UTC,46,GOOGL,Alphabet Inc,38599425,4.88,373.51,376.69,363.35,3.75,0.0032,4568027300000
2026-08-03,2026-08-03 21:49:59 UTC,47,TSLA,Tesla Inc,38191188,3.49,322.08,324.65,310.43,4.569999999999999,0.0097,1272070224659
2026-08-03,2026-08-03 21:49:59 UTC,48,CNH,Cnh Industrial,38090067,5.37,10.8,12.02,10.7,12.83,0.0307,13391465799
2026-08-03,2026-08-03 21:49:59 UTC,49,CMCSA,Comcast Corp,37765115,2.5,24.56,24.9,24.39,2.11,0.0106,87154514232
2026-08-03,2026-08-03 21:49:59 UTC,50,OPEN,Opendoor Technologies Inc,37726268,4.51,3.94,4.06,3.78,7.430000000000001,0.0391,3801062330
2026-08-03,2026-08-03 21:49:59 UTC,51,CDE,Coeur Mng Inc,36668036,4.36,15.56,15.6,14.65,6.370000000000001,0.0356,16047571448
2026-08-03,2026-08-03 21:49:59 UTC,52,CIFR,Cipher Digital Inc,35615451,8.24,24.16,25.22,21.3,17.52,0.0871,9882628599
2026-08-03,2026-08-03 21:49:59 UTC,53,KVUE,Kenvue Inc.,35167384,-1.2,19.01,19.69,18.78,4.73,0.0183,36499364778
2026-08-03,2026-08-03 21:49:59 UTC,54,FIG,Figma,34403333,2.4699999999999998,24.92,26.11,23.79,9.48,0.0651,13167144199
2026-08-03,2026-08-03 21:49:59 UTC,55,NFLX,Netflix Inc,33874412,2.26,73.33,73.95,72.18,2.4699999999999998,0.0081,305341696441
2026-08-03,2026-08-03 21:49:59 UTC,56,KIDZ,KIDZ AI INC,33869501,-0.27,0.56,0.6195,0.52,17.7,6.4808,2926612
2026-08-03,2026-08-03 21:49:59 UTC,57,CAN,Canaan Inc.,32974255,4.29,0.1773,0.191,0.1516,23.06,0.0428,136551109
2026-08-03,2026-08-03 21:49:59 UTC,58,BMY,Bristol-Myers Squibb Co,32969192,0.24,65.47,68.1,64.14,6.0600000000000005,0.0161,133736528528
2026-08-03,2026-08-03 21:49:59 UTC,59,HAO,Haoxi Health Technology Limited,32397270,11.05,0.1638,0.172,0.1401,21.63,4.4243,1199430
2026-08-03,2026-08-03 21:49:59 UTC,60,JBLU,Jetblue Awys Corp,31811276,3.32,6.23,6.43,6.15,4.5600000000000005,0.0855,2317677709
2026-08-03,2026-08-03 21:49:59 UTC,61,CISS,C3is,31366484,-5.88,0.112,0.1216,0.1068,12.44,2.3976,1465252
2026-08-03,2026-08-03 21:49:59 UTC,62,OMH,Ohmyhome Limited,31175583,5.029999999999999,0.119,0.1227,0.1066,13.86,0.3692,10047698
2026-08-03,2026-08-03 21:49:59 UTC,63,VALE,Vale S A,30703959,-3.19,14.58,14.85,14.5,2.2800000000000002,0.0072,62176902118
2026-08-03,2026-08-03 21:49:59 UTC,64,ACHR,Archer Aviation Inc,30591093,4.31,4.84,4.92,4.6,6.9,0.0403,3676454363
2026-08-03,2026-08-03 21:49:59 UTC,65,INFY,Infosys,30556327,1.83,12.25,12.55,12.21,2.83,0.0075,49608161184
2026-08-03,2026-08-03 21:49:59 UTC,66,NU,Nu Hldgs Ltd,30452850,0.77,14.44,14.54,14.26,1.95,0.0063,69752197190
2026-08-03,2026-08-03 21:49:59 UTC,67,BYND,Beyond Meat,30285869,8.200000000000001,0.6124,0.627,0.5717,9.59,0.0588,315595680
2026-08-03,2026-08-03 21:49:59 UTC,68,JOBY,Joby Aviation Inc,29299878,3.2199999999999998,7.38,7.52,7.07,6.36,0.0298,7259284247
2026-08-03,2026-08-03 21:49:59 UTC,69,GPUS,Hyperscale Data Inc.,29156432,2.08,0.1225,0.1239,0.1205,2.75,0.0632,56546857
2026-08-03,2026-08-03 21:49:59 UTC,70,SKHY,SK Hynix Inc,29142814,-0.7000000000000001,142.72,144.17,134.58,6.67,0.004,1040236841600
2026-08-03,2026-08-03 21:49:59 UTC,71,KEEL,Keel Infrastructure Corp,29097159,5.79,4.2,4.3,3.71,14.74,0.0482,2536080334
2026-08-03,2026-08-03 21:49:59 UTC,72,NBIS,Nebius Group,28536712,11.64,212.58,221.67,176.25,23.830000000000002,0.1124,53973678080
2026-08-03,2026-08-03 21:49:59 UTC,73,RIG,Transocean,28458365,-3.2,5.15,5.25,5.09,3.01,0.0255,5749672056
2026-08-03,2026-08-03 21:49:59 UTC,74,BTBT,Bit Digital Inc,28167821,5.34,1.38,1.4,1.25,11.450000000000001,0.0807,481882779
2026-08-03,2026-08-03 21:49:59 UTC,75,AUR,Aurora Innovation Inc,28156239,5.27,6.79,6.89,6.36,8.290000000000001,0.014,13608214269
2026-08-03,2026-08-03 21:49:59 UTC,76,UPC,Universe Pharmaceuticals Inc,27914516,105.06,6.48,8.44,5.51,92.72,49.552,3650430
2026-08-03,2026-08-03 21:49:59 UTC,77,SMR,NuScale Power Corporation,27660572,7.01,9.01,9.13,8.29,9.98,0.0757,3292985215
2026-08-03,2026-08-03 21:49:59 UTC,78,MARA,MARA Holdings Inc,27152947,3.8,11.75,11.89,10.96,8.219999999999999,0.0712,4479928410
2026-08-03,2026-08-03 21:49:59 UTC,79,GOOG,Alphabet Inc,27103107,4.44,372.47,376.1,363.26,3.5900000000000003,0.0022,4555308100000
2026-08-03,2026-08-03 21:49:59 UTC,80,NWL,Newell Brands,26491821,13.569999999999999,6.36,6.64,5.76,15.8,0.0623,2702364000
2026-08-03,2026-08-03 21:49:59 UTC,81,SDST,Stardust Power Inc,26444978,29.57,0.6997,0.99,0.55,81.47999999999999,2.4996,7402634
2026-08-03,2026-08-03 21:49:59 UTC,82,HTZ,Hertz Global Hld,25975995,-3.47,1.53,1.587,1.48,6.72,0.0738,538697840
2026-08-03,2026-08-03 21:49:59 UTC,83,META,Meta Platforms Inc,25899852,6.02,590.24,597.52,559.36,6.8500000000000005,0.0102,1503640074244
2026-08-03,2026-08-03 21:49:59 UTC,84,BBAI,BIGBEAR AI HLDGS INC,25439259,2.5100000000000002,2.86,2.905,2.68,8.06,0.0531,1371354249
2026-08-03,2026-08-03 21:49:59 UTC,85,RBLX,Roblox Corp,25053807,3.01,36.67,37.99,35.03,8.260000000000002,0.0351,26196165756
2026-08-03,2026-08-03 21:49:59 UTC,86,QBTS,D Wave Quantum,24575939,10.51,19.98,20.14,18.0,11.81,0.067,7327417267
2026-08-03,2026-08-03 21:49:59 UTC,87,SOUN,SOUNDHOUND AI INC,24484255,-0.49,6.1,6.25,6.06,3.1,0.0562,2657612498
2026-08-03,2026-08-03 21:49:59 UTC,88,NOW,Servicenow Inc,24448196,2.6599999999999997,114.19,119.64,113.7,5.33,0.0236,118056701780
2026-08-03,2026-08-03 21:49:59 UTC,89,AMD,Advanced Micro Devices Inc,24243223,1.78,484.64,490.95,455.3,7.489999999999999,0.0149,790254293684
2026-08-03,2026-08-03 21:49:59 UTC,90,BAC,Bank of America Corp,24008242,0.86,62.48,62.51,61.71,1.28,0.0034,438482606900
2026-08-03,2026-08-03 21:49:59 UTC,91,SMCI,Super Micro Computer Inc,23920059,0.8500000000000001,28.64,28.93,27.44,5.2299999999999995,0.037,18525279277
2026-08-03,2026-08-03 21:49:59 UTC,92,WMT,Walmart,23908024,-0.44,110.71,113.29,110.16,2.82,0.003,881038943250
2026-08-03,2026-08-03 21:49:59 UTC,93,STLA,Stellantis N.V,23743686,-1.91,5.65,5.94,5.59,6.08,0.0082,16370918872
2026-08-03,2026-08-03 21:49:59 UTC,94,CORZ,Core Scientific Inc,23737502,10.18,22.83,22.98,19.86,15.06,0.0739,7336202268
2026-08-03,2026-08-03 21:49:59 UTC,95,NIO,Nio Inc.,23722033,-1.43,4.81,4.89,4.76,2.6599999999999997,0.0095,12052258375
2026-08-03,2026-08-03 21:49:59 UTC,96,AGNC,Agnc Invt Corp,23605602,-0.19,10.64,10.81,10.6,1.97,0.0203,12387088000
2026-08-03,2026-08-03 21:49:59 UTC,97,FRMI,Fermi Inc.,23400013,5.9799999999999995,6.03,6.06,5.4,11.600000000000001,0.0367,3844572661
2026-08-03,2026-08-03 21:49:59 UTC,98,EDBL,Edible Garden AG Inc,23261788,-2.15,2.28,3.18,2.2,42.059999999999995,17.226,3078884
2026-08-03,2026-08-03 21:49:59 UTC,99,IONQ,Ionq Inc,23248044,6.61,38.85,40.16,35.43,12.989999999999998,0.0623,14501537479
2026-08-03,2026-08-03 21:49:59 UTC,100,KO,Coca Cola Co,23188913,-0.83,86.86,88.48,86.63,2.11,0.0054,373637744276
2026-08-04,2026-08-04 21:49:58 UTC,1,ADGM,Adagio Medical,474707080,73.91,0.8,1.13,0.5503,126.0,21.3731,17768367
2026-08-04,2026-08-04 21:49:58 UTC,2,ELPW,Elong Power Holding Limited,432355957,51.949999999999996,0.1594,0.1886,0.1279,57.86,29.5774,2330077
2026-08-04,2026-08-04 21:49:58 UTC,3,TNMG,TNL Mediagene,250819880,33.06,0.4757,0.8907,0.46,120.5,85.5673,1394399
2026-08-04,2026-08-04 21:49:58 UTC,4,ENSC,Ensysce Biosciences Inc,181389882,37.169999999999995,0.3842,0.483,0.357,44.98,11.805,5903436
2026-08-04,2026-08-04 21:49:58 UTC,5,PLTR,Palantir Technologies Inc,174425215,29.45,162.66,164.52,143.28,16.900000000000002,0.0728,389946766178
2026-08-04,2026-08-04 21:49:58 UTC,6,SXTC,China Sxt Pharmaceuticals Inc,162365382,60.08,0.1231,0.13,0.065,84.53,3.8009,5258595
2026-08-04,2026-08-04 21:49:58 UTC,7,SPCX,Space Exploration Technologies Corp,141542753,9.43,125.33,126.71,115.72,9.6,0.0108,1638798182382
2026-08-04,2026-08-04 21:49:58 UTC,8,NVDA,Nvidia Corporation,133720321,2.56,211.94,213.06,209.05,1.94,0.0055,5128948000000
2026-08-04,2026-08-04 21:49:58 UTC,9,INTC,Intel Corp,123297910,10.84,100.86,101.39,94.32,7.7700000000000005,0.0244,508737840000
2026-08-04,2026-08-04 21:49:58 UTC,10,QNME,Quanome Technologies Inc,121617118,120.63999999999999,0.6928,1.2,0.625,51.74999999999999,3.5326,23851412
2026-08-04,2026-08-04 21:49:58 UTC,11,AMIX,Autonomix Medical Inc,119112571,434.25,19.5,24.68,5.24,532.5999999999999,122.6647,18935338
2026-08-04,2026-08-04 21:49:58 UTC,12,VTGN,Vistagen Therapeutics Inc,117433338,22.45,0.3,0.32,0.26,24.29,2.6463,13313073
2026-08-04,2026-08-04 21:49:58 UTC,13,YYAI,AiRWA Inc,113108498,0.16999999999999998,0.1202,0.1345,0.1006,27.92,107.3583,126638
2026-08-04,2026-08-04 21:49:58 UTC,14,GRAB,Grab Holdings Limited,102934670,1.3599999999999999,3.72,3.97,3.68,7.9,0.0252,15214800000
2026-08-04,2026-08-04 21:49:58 UTC,15,NOK,Nokia,99178212,5.9799999999999995,9.92,10.17,9.76,4.38,0.0177,55538554412
2026-08-04,2026-08-04 21:49:58 UTC,16,NXTT,Next Technology,89816845,-73.3,0.1148,0.3801,0.098,65.60000000000001,0.6098,16909602
2026-08-04,2026-08-04 21:49:58 UTC,17,SNAP,Snap Inc,88621276,14.879999999999999,5.79,5.82,5.27,10.91,0.0527,9740406816
2026-08-04,2026-08-04 21:49:58 UTC,18,RITR,Reitar Logtech Holdings Limited,79539151,-57.26,0.1461,0.2,0.1315,20.04,1.2738,9123031
2026-08-04,2026-08-04 21:49:58 UTC,19,ONDS,Ondas Holdings Inc.,73166509,5.8500000000000005,8.86,9.09,8.59,5.970000000000001,0.1284,5048948276
2026-08-04,2026-08-04 21:49:58 UTC,20,AMZN,Amazon Com,69654921,-2.32,277.42,281.07,275.82,1.8499999999999999,0.0065,2992339111144
2026-08-04,2026-08-04 21:49:58 UTC,21,AAPL,Apple Inc,67887118,1.96,309.38,310.42,301.32,3.0,0.0047,4515147408400
2026-08-04,2026-08-04 21:49:58 UTC,22,GPUS,Hyperscale Data Inc.,62919428,4.9,0.1285,0.1298,0.1195,8.41,0.1363,59316499
2026-08-04,2026-08-04 21:49:58 UTC,23,MGN,MEGAN HLDGS LTD,62428863,11.469999999999999,0.1536,0.1549,0.1155,28.59,1.6873,5683200
2026-08-04,2026-08-04 21:49:58 UTC,24,PFE,Pfizer,62128369,1.52,25.41,25.64,24.7,3.7600000000000002,0.0109,144828705896
2026-08-04,2026-08-04 21:49:58 UTC,25,PATH,Uipath Inc,61961956,8.05,14.1,14.1,12.9,9.2,0.1196,7305495750
2026-08-04,2026-08-04 21:49:58 UTC,26,CIFR,Cipher Digital Inc,61375651,-15.65,20.38,22.39,20.0,9.06,0.15,8336422634
2026-08-04,2026-08-04 21:49:58 UTC,27,SOFI,Sofi Technologies Inc,61205003,3.7199999999999998,18.7,18.71,18.12,3.27,0.0474,24128841954
2026-08-04,2026-08-04 21:49:58 UTC,28,AAL,American Airline,61103126,3.2399999999999998,16.56,16.78,16.24,3.37,0.0923,10962222388
2026-08-04,2026-08-04 21:49:58 UTC,29,CISS,C3is,60500394,-21.34,0.0881,0.095,0.0847,9.2,4.6245,1152578
2026-08-04,2026-08-04 21:49:58 UTC,30,SMCI,Super Micro Computer Inc,56255426,10.65,31.69,31.84,29.07,9.67,0.087,20498118027
2026-08-04,2026-08-04 21:49:58 UTC,31,T,At&T,55624303,-0.89,23.38,23.46,23.02,1.8399999999999999,0.0081,160208776497
2026-08-04,2026-08-04 21:49:58 UTC,32,OPEN,Opendoor Technologies Inc,55381062,4.569999999999999,4.12,4.22,4.0,5.58,0.0574,3974714923
2026-08-04,2026-08-04 21:49:58 UTC,33,GCTK,Glucotrack,55057204,44.28,0.5986,0.783,0.3999,92.34,7.1326,4620665
2026-08-04,2026-08-04 21:49:58 UTC,34,F,Ford Mtr Co Del,53887556,-1.32,14.24,14.49,13.98,3.4000000000000004,0.0135,56783362298
2026-08-04,2026-08-04 21:49:58 UTC,35,CMG,Chipotle Mexican Grill Inc,51690830,-9.719999999999999,33.82,37.65,33.79,10.280000000000001,0.0408,42796436760
2026-08-04,2026-08-04 21:49:58 UTC,36,NU,Nu Hldgs Ltd,51542716,-0.76,14.33,14.74,14.26,3.32,0.0107,69220843888
2026-08-04,2026-08-04 21:49:58 UTC,37,MSFT,Microsoft Corp,50263198,1.06,492.81,499.44,479.17,4.16,0.0068,3659383073419
2026-08-04,2026-08-04 21:49:58 UTC,38,TE,T1 Energy,49482087,9.92,5.43,5.51,4.97,10.93,0.1773,1515342373
2026-08-04,2026-08-04 21:49:58 UTC,39,EA,Electronic Arts Inc,48629143,-0.1,209.7,210.2,209.7,0.13,0.1927,52925639877
2026-08-04,2026-08-04 21:49:58 UTC,40,EOSE,Eos Energy Enterprises Inc,48192334,16.0,4.35,4.42,3.885,14.27,0.1365,1536170549
2026-08-04,2026-08-04 21:49:58 UTC,41,PLUG,Plug Power,47981033,3.85,2.16,2.21,2.11,4.81,0.0344,3013349217
2026-08-04,2026-08-04 21:49:58 UTC,42,AMD,Advanced Micro Devices Inc,47464060,7.000000000000001,518.58,530.13,502.2,5.76,0.0291,845596879372
2026-08-04,2026-08-04 21:49:58 UTC,43,NVO,Novo-Nordisk A/S,47380456,-5.970000000000001,44.28,49.15,43.68,11.62,0.0107,195887215425
2026-08-04,2026-08-04 21:49:58 UTC,44,FERG,Ferguson Enterprises,46181552,2.17,255.51,258.92,249.79,3.65,0.2381,49553053921
2026-08-04,2026-08-04 21:49:58 UTC,45,ORCL,Oracle Corp,43617874,2.74,145.74,148.7,141.01,5.41,0.0151,419799843540
2026-08-04,2026-08-04 21:49:58 UTC,46,NFLX,Netflix Inc,42801253,0.33,73.57,73.75,72.3,1.97,0.0103,306341041963
2026-08-04,2026-08-04 21:49:58 UTC,47,BBAI,BIGBEAR AI HLDGS INC,42459301,10.14,3.15,3.195,2.895,10.48,0.0886,1510407652
2026-08-04,2026-08-04 21:49:58 UTC,48,AMC,Amc Entmt Hldgs Inc,42072570,-5.96,2.68,2.87,2.61,9.120000000000001,0.0471,2392180429
2026-08-04,2026-08-04 21:49:58 UTC,49,JBLU,Jetblue Awys Corp,41643023,2.8899999999999997,6.41,6.62,6.37,4.01,0.1119,2384641110
2026-08-04,2026-08-04 21:49:58 UTC,50,PCG,PG&E Us,41401609,0.11,17.45,17.65,17.14,2.9000000000000004,0.0188,38431302509
2026-08-04,2026-08-04 21:49:58 UTC,51,IREN,IREN Ltd,41060864,2.77,40.85,42.24,39.2,7.6499999999999995,0.1149,14598918832
2026-08-04,2026-08-04 21:49:58 UTC,52,HTZ,Hertz Global Hld,40002948,-1.31,1.51,1.585,1.49,6.21,0.1136,531656038
2026-08-04,2026-08-04 21:49:58 UTC,53,QXO,QXO Inc,38546603,8.870000000000001,15.34,15.53,14.47,7.5200000000000005,0.0372,15914964215
2026-08-04,2026-08-04 21:49:58 UTC,54,RIG,Transocean,37414698,1.3599999999999999,5.22,5.29,5.05,4.760000000000001,0.0335,5827822938
2026-08-04,2026-08-04 21:49:58 UTC,55,MU,Micron Technology Inc,37262467,7.62,892.67,902.43,858.5,5.3,0.033,1008175384103
2026-08-04,2026-08-04 21:49:58 UTC,56,NUWE,Nuwellis Inc,35677311,16.77,1.88,2.43,1.75,42.24,69.9618,958713
2026-08-04,2026-08-04 21:49:58 UTC,57,GOOGL,Alphabet Inc,35653375,1.11,377.65,380.52,367.5,3.4799999999999995,0.0029,4618659500000
2026-08-04,2026-08-04 21:49:58 UTC,58,VVOS,Vivos Therapeutics Inc,34472571,9.89,0.4622,0.54,0.4201,28.51,2.481,6422084
2026-08-04,2026-08-04 21:49:58 UTC,59,SKHY,SK Hynix Inc,33981851,8.17,154.38,155.47,146.7,6.140000000000001,0.0047,1125222558900
2026-08-04,2026-08-04 21:49:58 UTC,60,MRVL,Marvell Technology Inc,33803618,12.809999999999999,218.59,222.67,208.0,7.57,0.0386,191433782403
2026-08-04,2026-08-04 21:49:58 UTC,61,OWL,Blue Owl Capital Inc,33763617,3.6700000000000004,11.57,11.65,11.11,4.75,0.0217,18038697020
2026-08-04,2026-08-04 21:49:58 UTC,62,WU,Western Union,33738289,11.600000000000001,7.31,7.36,6.58,11.91,0.1082,2279835351
2026-08-04,2026-08-04 21:49:58 UTC,63,HL,Hecla Mining Co,33640036,6.65,15.39,15.7,14.99,4.82,0.0502,10322263882
2026-08-04,2026-08-04 21:49:58 UTC,64,CRWV,"CoreWeave, Inc.",33455434,7.16,91.9,94.3,86.26,9.28,0.0613,50137914797
2026-08-04,2026-08-04 21:49:58 UTC,65,WBD,WARNER BROS DISCOVERY INC,33288324,-1.15,25.79,26.21,25.4,3.1199999999999997,0.0133,64659055544
2026-08-04,2026-08-04 21:49:58 UTC,66,TSLA,Tesla Inc,33205160,1.6400000000000001,327.35,329.57,320.79,2.73,0.0084,1292884339425
2026-08-04,2026-08-04 21:49:58 UTC,67,ABEV,Ambev,33113481,-0.33,3.04,3.08,3.02,1.97,0.0021,46976496800
2026-08-04,2026-08-04 21:49:58 UTC,68,CDE,Coeur Mng Inc,32982310,4.18,16.21,16.54,15.99,3.15,0.032,16717939150
2026-08-04,2026-08-04 21:49:58 UTC,69,AUR,Aurora Innovation Inc,32229448,6.4799999999999995,7.23,7.24,6.69,8.03,0.0161,14490042587
2026-08-04,2026-08-04 21:49:58 UTC,70,CMCSA,Comcast Corp,31985031,1.51,24.93,24.97,24.33,2.6100000000000003,0.009,88467509764
2026-08-04,2026-08-04 21:49:58 UTC,71,MARA,MARA Holdings Inc,30187826,0.0,11.75,11.91,11.29,5.19,0.0792,4479928410
2026-08-04,2026-08-04 21:49:58 UTC,72,WMT,Walmart,29597056,0.76,111.55,111.68,108.56,2.82,0.0037,887723729740
2026-08-04,2026-08-04 21:49:58 UTC,73,AVGO,Broadcom Inc,29514904,6.61,418.16,422.07,400.68,5.45,0.0062,1989429735595
2026-08-04,2026-08-04 21:49:58 UTC,74,ACHR,Archer Aviation Inc,29330568,9.71,5.31,5.36,4.91,9.3,0.0386,4033465427
2026-08-04,2026-08-04 21:49:58 UTC,75,HBAN,Huntington Bancshares Inc,29157534,1.15,17.56,17.73,17.29,2.39,0.0144,35478484344
2026-08-04,2026-08-04 21:49:58 UTC,76,KEEL,Keel Infrastructure Corp,29048264,-2.1399999999999997,4.11,4.33,4.08,5.949999999999999,0.0481,2481735755
2026-08-04,2026-08-04 21:49:58 UTC,77,BYND,Beyond Meat,28736303,3.4799999999999995,0.6337,0.6448,0.62,4.05,0.0558,326572473
2026-08-04,2026-08-04 21:49:58 UTC,78,BMNR,Bitmine Immersion Technologies Inc,28534825,3.9,18.1,18.19,17.31,5.0200000000000005,0.0473,10918397731
2026-08-04,2026-08-04 21:49:58 UTC,79,BAC,Bank of America Corp,28235497,0.67,62.9,63.54,62.35,1.9,0.004,439843872158
2026-08-04,2026-08-04 21:49:58 UTC,80,NKE,Nike Inc Cl B,27751380,-2.6,41.53,42.09,40.91,2.76,0.0187,61609701135
2026-08-04,2026-08-04 21:49:58 UTC,81,BTDR,Bitdeer Technologies Group,27153941,0.09,11.38,12.93,11.25,14.69,0.1116,2768909371
2026-08-04,2026-08-04 21:49:58 UTC,82,JOBY,Joby Aviation Inc,26983411,7.99,7.97,8.1,7.62,6.5,0.0274,7839633530
2026-08-04,2026-08-04 21:49:58 UTC,83,RBLX,Roblox Corp,26960135,0.8999999999999999,37.0,38.28,36.64,4.42,0.0377,26431909817
2026-08-04,2026-08-04 21:49:58 UTC,84,RKT,Rocket Companies Inc,26851429,3.1399999999999997,14.11,14.39,13.9,3.58,0.0095,39923253377
2026-08-04,2026-08-04 21:49:58 UTC,85,FIG,Figma,26786318,8.83,27.12,27.31,24.5,11.28,0.0507,14329572659
2026-08-04,2026-08-04 21:49:58 UTC,86,CSCO,Cisco Sys Inc,26624332,5.08,121.74,121.9,118.73,2.74,0.0068,479830256117
2026-08-04,2026-08-04 21:49:58 UTC,87,CPNG,Coupang Inc,26590181,2.19,16.78,16.93,16.25,4.109999999999999,0.0148,30121177292
2026-08-04,2026-08-04 21:49:58 UTC,88,CLSK,Cleanspark Inc,26450543,-3.2800000000000002,14.17,14.81,13.92,6.08,0.1031,3636143947
2026-08-04,2026-08-04 21:49:58 UTC,89,DNN,Denison Mines,26364978,3.47,2.98,3.03,2.91,3.82,0.0291,2696950546
2026-08-04,2026-08-04 21:49:58 UTC,90,AGNC,Agnc Invt Corp,26244584,0.0,10.64,10.77,10.6,1.6,0.0225,12387088000
2026-08-04,2026-08-04 21:49:58 UTC,91,WULF,Terawulf Inc,26220996,0.27,18.88,19.66,18.56,5.84,0.0529,9355656337
2026-08-04,2026-08-04 21:49:58 UTC,92,BTG,B2Gold,25751701,1.04,3.89,3.98,3.85,3.38,0.0193,5196695952
2026-08-04,2026-08-04 21:49:58 UTC,93,HPE,Hewlett Packard Enterprise Co,25653144,4.279999999999999,52.39,53.42,50.39,6.03,0.0194,69375022465
2026-08-04,2026-08-04 21:49:58 UTC,94,SMR,NuScale Power Corporation,25418896,5.33,9.49,9.71,9.19,5.7700000000000005,0.0695,3468416170
2026-08-04,2026-08-04 21:49:58 UTC,95,BTBT,Bit Digital Inc,25314571,2.17,1.41,1.42,1.35,5.07,0.0725,492358492
2026-08-04,2026-08-04 21:49:58 UTC,96,IONQ,Ionq Inc,25309641,7.39,41.72,42.05,39.58,6.36,0.0678,15572822230
2026-08-04,2026-08-04 21:49:58 UTC,97,ON,On Semiconductr,24683918,0.47000000000000003,80.78,84.48,79.5,5.96,0.0634,31448600822
2026-08-04,2026-08-04 21:49:58 UTC,98,POET,Poet Technologies Inc,24431957,16.439999999999998,8.57,8.68,8.13,7.340000000000001,0.1416,1479142629
2026-08-04,2026-08-04 21:49:58 UTC,99,RGTI,Rigetti Computing Inc,24152285,8.93,17.45,17.72,16.48,7.739999999999999,0.0727,5800359182
2026-08-04,2026-08-04 21:49:58 UTC,100,QBTS,D Wave Quantum,23759396,9.26,21.83,21.9,20.34,7.8100000000000005,0.0648,8005881829
2026-08-05,2026-08-05 21:49:59 UTC,1,RITR,Reitar Logtech Holdings Limited,721297040,79.33,0.262,0.349,0.195,105.41,11.5511,16360262
2026-08-05,2026-08-05 21:49:59 UTC,2,CISS,C3is,579446353,23.16,0.1085,0.1453,0.103,48.010000000000005,44.2913,1419463
2026-08-05,2026-08-05 21:49:59 UTC,3,ONFO,Onfolio Holdings,227914971,-10.37,0.0726,0.0874,0.0701,21.11,32.3728,511127
2026-08-05,2026-08-05 21:49:59 UTC,4,SPCX,Space Exploration Technologies Corp,206821342,-13.61,108.27,117.5,106.66,8.649999999999999,0.0157,1427191314645
2026-08-05,2026-08-05 21:49:59 UTC,5,SXTC,China Sxt Pharmaceuticals Inc,165197700,-45.57,0.067,0.0789,0.0514,21.93,3.8672,2862111
2026-08-05,2026-08-05 21:49:59 UTC,6,DVLT,Datavault AI Inc,158074647,-23.96,0.2825,0.3719,0.2716,26.490000000000002,0.1848,241695343
2026-08-05,2026-08-05 21:49:59 UTC,7,NVDA,Nvidia Corporation,157574129,3.4299999999999997,219.22,222.22,216.4,2.75,0.0065,5305124000000
2026-08-05,2026-08-05 21:49:59 UTC,8,ONDS,Ondas Holdings Inc.,108701657,0.11,8.87,9.13,8.73,4.51,0.1908,5054646864
2026-08-05,2026-08-05 21:49:59 UTC,9,RCON,Recon Technology Ltd,108284458,-84.53,0.0636,0.4363,0.0602,91.47999999999999,1.1948,5763904
2026-08-05,2026-08-05 21:49:59 UTC,10,PATH,Uipath Inc,91827151,-1.9900000000000002,13.82,14.32,13.77,3.93,0.1772,7160422076
2026-08-05,2026-08-05 21:49:59 UTC,11,BJDX,Bluejay Diagnostics Inc,90119587,24.0,1.24,1.69,1.23,46.0,87.096,1283046
2026-08-05,2026-08-05 21:49:59 UTC,12,INTC,Intel Corp,85024168,0.2,101.06,102.83,97.9,4.89,0.0169,509746640000
2026-08-05,2026-08-05 21:49:59 UTC,13,SNAP,Snap Inc,75170794,-7.9399999999999995,5.33,5.77,5.2,9.84,0.0447,8966557730
2026-08-05,2026-08-05 21:49:59 UTC,14,ZYBT,Zhengye Biotechnology Holding Limited,71317671,84.38,2.36,4.29,1.26,236.72,2.3992,70151000
2026-08-05,2026-08-05 21:49:59 UTC,15,GRAB,Grab Holdings Limited,70027394,0.54,3.74,3.76,3.59,4.569999999999999,0.0171,15296600000
2026-08-05,2026-08-05 21:49:59 UTC,16,NOK,Nokia,68106985,-3.4299999999999997,9.58,9.97,9.56,4.130000000000001,0.0122,53635015248
2026-08-05,2026-08-05 21:49:59 UTC,17,T,At&T,66755505,-1.37,23.06,23.28,22.55,3.1199999999999997,0.0097,158016013089
2026-08-05,2026-08-05 21:49:59 UTC,18,NU,Nu Hldgs Ltd,65778945,1.05,14.48,14.66,14.31,2.44,0.0136,69945416573
2026-08-05,2026-08-05 21:49:59 UTC,19,PLTR,Palantir Technologies Inc,63348986,-2.6,158.43,166.08,158.25,4.8,0.0264,379806136516
2026-08-05,2026-08-05 21:49:59 UTC,20,OPEN,Opendoor Technologies Inc,61796541,-8.74,3.76,4.0,3.72,6.800000000000001,0.0641,3627409736
2026-08-05,2026-08-05 21:49:59 UTC,21,YXT,YXT.COM GROUP HOLDING LIMITED,61144539,801.15,23.43,32.14,5.96,1006.5400000000001,10.2587,139649008
2026-08-05,2026-08-05 21:49:59 UTC,22,INLF,INLIF,60841533,97.17,6.27,9.48,5.4,128.29999999999998,55.8027,6836168
2026-08-05,2026-08-05 21:49:59 UTC,23,NXTT,Next Technology,58302963,-20.119999999999997,0.0917,0.113,0.0855,23.95,0.3958,13507060
2026-08-05,2026-08-05 21:49:59 UTC,24,MGRX,"Mangoceuticals, Inc.",57184734,-7.1,0.4255,0.4676,0.4,14.760000000000002,3.331,7304738
2026-08-05,2026-08-05 21:49:59 UTC,25,SOFI,Sofi Technologies Inc,56720315,-2.41,18.25,18.86,18.23,3.37,0.044,23548201373
2026-08-05,2026-08-05 21:49:59 UTC,26,CDE,Coeur Mng Inc,53717804,7.53,17.43,17.61,16.83,4.78,0.0521,17976167760
2026-08-05,2026-08-05 21:49:59 UTC,27,ABEV,Ambev,51329734,-0.33,3.03,3.08,3.03,1.6400000000000001,0.0033,46821968850
2026-08-05,2026-08-05 21:49:59 UTC,28,AAPL,Apple Inc,50832899,0.52,311.0,311.71,305.67,1.95,0.0035,4538789980000
2026-08-05,2026-08-05 21:49:59 UTC,29,UBER,Uber Technologies,50066829,-5.29,68.18,69.42,66.74,3.73,0.0246,138787140706
2026-08-05,2026-08-05 21:49:59 UTC,30,AAL,American Airline,49957431,0.12,16.58,17.11,16.55,3.38,0.0755,10975461787
2026-08-05,2026-08-05 21:49:59 UTC,31,AMD,Advanced Micro Devices Inc,49460931,-7.04,482.05,502.0,478.2,4.590000000000001,0.0303,786031038029
2026-08-05,2026-08-05 21:49:59 UTC,32,EOSE,Eos Energy Enterprises Inc,48977352,-12.18,3.82,3.97,3.52,10.34,0.1387,1349004942
2026-08-05,2026-08-05 21:49:59 UTC,33,PFE,Pfizer,46990887,1.5699999999999998,25.81,25.81,25.3,1.97,0.0082,147102654001
2026-08-05,2026-08-05 21:49:59 UTC,34,HL,Hecla Mining Co,46788766,7.470000000000001,16.54,16.97,15.57,9.1,0.0698,11093583145
2026-08-05,2026-08-05 21:49:59 UTC,35,GOOGL,Alphabet Inc,46720861,-4.03,362.43,384.48,356.77,7.32,0.0038,4432518900000
2026-08-05,2026-08-05 21:49:59 UTC,36,TE,T1 Energy,45737186,0.74,5.47,5.59,4.72,15.93,0.1639,1526505116
2026-08-05,2026-08-05 21:49:59 UTC,37,FIG,Figma,45454494,3.8,28.15,28.48,27.17,4.8500000000000005,0.086,14873800529
2026-08-05,2026-08-05 21:49:59 UTC,38,AMZN,Amazon Com,44973931,-1.72,272.65,282.79,270.73,4.34,0.0042,2940888395405
2026-08-05,2026-08-05 21:49:59 UTC,39,VMAR,Vision Marine Technologies Inc,44854609,1.4200000000000002,0.6645,0.8193,0.6302,28.860000000000003,6.8685,4339490
2026-08-05,2026-08-05 21:49:59 UTC,40,VSEE,"VSee Health, Inc.",42098078,-40.239999999999995,0.0502,0.0646,0.0491,18.45,0.7561,2795126
2026-08-05,2026-08-05 21:49:59 UTC,41,SHOP,Shopify Inc,41501107,16.98,144.24,153.88,142.52,9.2,0.032,187173700802
2026-08-05,2026-08-05 21:49:59 UTC,42,F,Ford Mtr Co Del,40960508,-0.77,14.13,14.49,14.13,2.4899999999999998,0.0103,56344726774
2026-08-05,2026-08-05 21:49:59 UTC,43,CPNG,Coupang Inc,39696000,-4.65,16.0,16.9,15.95,5.66,0.0221,28721027216
2026-08-05,2026-08-05 21:49:59 UTC,44,VZ,Verizon Comms,39573075,-0.8699999999999999,46.47,46.91,45.09,3.8899999999999997,0.0095,193072403636
2026-08-05,2026-08-05 21:49:59 UTC,45,CELZ,Creative Med Technology Hldgs,38605496,1.8900000000000001,0.6688,0.7049,0.6327,11.0,8.1426,3170938
2026-08-05,2026-08-05 21:49:59 UTC,46,YYAI,AiRWA Inc,37828659,-10.979999999999999,0.107,0.117,0.1062,8.99,35.9055,112731
2026-08-05,2026-08-05 21:49:59 UTC,47,ZETA,Zeta Global Holdings Corp,36349721,11.58,27.07,28.5,24.45,16.650000000000002,0.1458,6747403800
2026-08-05,2026-08-05 21:49:59 UTC,48,GERN,Geron Corp,36060975,21.64,1.63,1.63,1.36,20.14,0.0562,1045679187
2026-08-05,2026-08-05 21:49:59 UTC,49,PLUG,Plug Power,35996594,-2.78,2.1,2.14,2.07,3.2399999999999998,0.0258,2929645072
2026-08-05,2026-08-05 21:49:59 UTC,50,SMCI,Super Micro Computer Inc,35495326,-4.32,30.32,31.78,30.29,4.53,0.0549,19611957670
2026-08-05,2026-08-05 21:49:59 UTC,51,CIFR,Cipher Digital Inc,35243959,-8.19,18.71,21.12,18.66,12.02,0.0849,7765224808
2026-08-05,2026-08-05 21:49:59 UTC,52,MU,Micron Technology Inc,34320240,0.06,893.19,928.98,881.2,5.27,0.0304,1008762668541
2026-08-05,2026-08-05 21:49:59 UTC,53,IREN,IREN Ltd,34215452,-4.8,38.89,41.16,38.89,5.56,0.0957,13898456631
2026-08-05,2026-08-05 21:49:59 UTC,54,BTG,B2Gold,33671111,5.4,4.1,4.15,4.04,2.83,0.0252,5477237379
2026-08-05,2026-08-05 21:49:59 UTC,55,MSFT,Microsoft Corp,33281900,-1.09,487.46,498.24,485.68,2.54,0.0045,3619656405042
2026-08-05,2026-08-05 21:49:59 UTC,56,VALE,Vale S A,33249047,0.74,14.94,14.98,14.69,1.9900000000000002,0.0078,63581095978
2026-08-05,2026-08-05 21:49:59 UTC,57,JLHL,JULONG HOLDING LTD,33177845,72.50999999999999,9.35,16.14,7.0,168.63,1.5469,200544709
2026-08-05,2026-08-05 21:49:59 UTC,58,KVUE,Kenvue Inc.,32805921,0.61,19.67,19.67,19.07,3.04,0.0171,37766570499
2026-08-05,2026-08-05 21:49:59 UTC,59,HBAN,Huntington Bancshares Inc,32449920,0.22999999999999998,17.6,17.74,17.55,1.08,0.0161,35559300937
2026-08-05,2026-08-05 21:49:59 UTC,60,SMR,NuScale Power Corporation,31989542,-1.16,9.38,9.51,9.09,4.37,0.0875,3428213243
2026-08-05,2026-08-05 21:49:59 UTC,61,SOUN,SOUNDHOUND AI INC,31323374,-1.23,6.43,6.59,6.37,3.37,0.0719,2801384977
2026-08-05,2026-08-05 21:49:59 UTC,62,JOBY,Joby Aviation Inc,30568572,-2.13,7.8,8.01,7.74,3.39,0.0311,7672414245
2026-08-05,2026-08-05 21:49:59 UTC,63,BAC,Bank of America Corp,30242572,0.5599999999999999,63.25,63.57,62.83,1.17,0.0043,442291334086
2026-08-05,2026-08-05 21:49:59 UTC,64,COMP,Compass Inc,30010188,6.92,12.83,13.22,12.17,8.75,0.0402,9585973567
2026-08-05,2026-08-05 21:49:59 UTC,65,LUMN,Lumen Technologies Inc,29863261,-9.39,6.08,6.74,5.95,11.77,0.029,6264291305
2026-08-05,2026-08-05 21:49:59 UTC,66,RIOT,Riot Platforms Ord Shs,29328562,-0.27999999999999997,21.5,23.84,21.41,11.29,0.0776,8130251445
2026-08-05,2026-08-05 21:49:59 UTC,67,GOOG,Alphabet Inc,29261799,-4.05,360.13,381.81,355.16,7.03,0.0024,4404389900000
2026-08-05,2026-08-05 21:49:59 UTC,68,BMNR,Bitmine Immersion Technologies Inc,29204496,1.82,18.43,18.6,17.58,5.64,0.0484,11117462441
2026-08-05,2026-08-05 21:49:59 UTC,69,CMCSA,Comcast Corp,28960462,-0.72,24.75,24.93,24.34,2.39,0.0082,87828755181
2026-08-05,2026-08-05 21:49:59 UTC,70,NFLX,Netflix Inc,28894111,0.86,74.2,75.3,73.16,2.92,0.0069,308964323959
2026-08-05,2026-08-05 21:49:59 UTC,71,SAN,Banco Santander,28893821,1.17,14.64,14.73,14.6,0.86,0.002,215051637509
2026-08-05,2026-08-05 21:49:59 UTC,72,GPUS,Hyperscale Data Inc.,28826164,-6.3,0.1204,0.1211,0.115,4.75,0.0624,55577483
2026-08-05,2026-08-05 21:49:59 UTC,73,RIG,Transocean,28704791,-1.53,5.14,5.29,5.08,4.02,0.0257,5738507644
2026-08-05,2026-08-05 21:49:59 UTC,74,WULF,Terawulf Inc,28442787,-4.29,18.07,19.44,18.05,7.359999999999999,0.0574,8954274895
2026-08-05,2026-08-05 21:49:59 UTC,75,BYND,Beyond Meat,28021744,-3.7199999999999998,0.6101,0.644,0.601,6.79,0.0544,314410393
2026-08-05,2026-08-05 21:49:59 UTC,76,AMC,Amc Entmt Hldgs Inc,28000957,-0.37,2.67,2.74,2.6,5.220000000000001,0.0314,2383254383
2026-08-05,2026-08-05 21:49:59 UTC,77,TSLA,Tesla Inc,27721070,-1.77,321.55,327.14,320.28,2.1,0.007,1269976964540
2026-08-05,2026-08-05 21:49:59 UTC,78,PCG,PG&E Us,27408251,-1.43,17.2,17.6,16.99,3.4799999999999995,0.0124,37880710783
2026-08-05,2026-08-05 21:49:59 UTC,79,MARA,MARA Holdings Inc,27223330,-4.34,11.24,12.02,11.23,6.72,0.0714,4285480453
2026-08-05,2026-08-05 21:49:59 UTC,80,EQX,Equinox Gold,27107927,7.720000000000001,10.32,10.49,10.11,3.8600000000000003,0.0344,8144083335
2026-08-05,2026-08-05 21:49:59 UTC,81,DNN,Denison Mines,27104368,3.6900000000000004,3.09,3.12,3.005,3.83,0.0299,2796502412
2026-08-05,2026-08-05 21:49:59 UTC,82,OMH,Ohmyhome Limited,27020816,9.09,0.12,0.12,0.106,12.73,0.32,10132132
2026-08-05,2026-08-05 21:49:59 UTC,83,DKNG,Draftkings Inc,26902696,-7.84,21.76,22.84,21.44,5.93,0.0542,10795763057
2026-08-05,2026-08-05 21:49:59 UTC,84,CMG,Chipotle Mexican Grill Inc,26623693,2.01,34.5,35.23,34.02,3.5700000000000003,0.021,43656921000
2026-08-05,2026-08-05 21:49:59 UTC,85,HTZ,Hertz Global Hld,26286409,3.3099999999999996,1.56,1.57,1.45,7.95,0.0747,549260543
2026-08-05,2026-08-05 21:49:59 UTC,86,NIO,Nio Inc.,25808335,-2.31,4.65,4.8,4.64,3.36,0.0103,11651351652
2026-08-05,2026-08-05 21:49:59 UTC,87,ZCMD,Zhongchao Inc,24984725,11.32,1.18,1.61,1.04,53.769999999999996,5.9866,4924701
2026-08-05,2026-08-05 21:49:59 UTC,88,MDLN,MEDLINE INC,24813853,-12.790000000000001,36.67,37.98,34.57,8.110000000000001,0.0189,48166376533
2026-08-05,2026-08-05 21:49:59 UTC,89,IONQ,Ionq Inc,24209752,-4.29,39.93,41.9,39.7,5.25,0.0649,14904669023
2026-08-05,2026-08-05 21:49:59 UTC,90,ACHR,Archer Aviation Inc,23650813,-2.07,5.2,5.35,5.13,4.24,0.0311,3949909646
2026-08-05,2026-08-05 21:49:59 UTC,91,JBLU,Jetblue Awys Corp,23565469,-0.7799999999999999,6.36,6.49,6.33,2.5,0.0633,2366040165
2026-08-05,2026-08-05 21:49:59 UTC,92,ORCL,Oracle Corp,23410630,-0.9299999999999999,144.39,146.39,142.5,2.67,0.0081,415911207690
2026-08-05,2026-08-05 21:49:59 UTC,93,AUR,Aurora Innovation Inc,23398094,-7.470000000000001,6.69,7.25,6.65,8.3,0.0117,13407798742
2026-08-05,2026-08-05 21:49:59 UTC,94,KHC,Kraft Heinz Co,23329118,-3.42,25.73,27.05,25.33,6.4799999999999995,0.0197,30510058625
2026-08-05,2026-08-05 21:49:59 UTC,95,LCID,Lucid Group Inc,23290667,-13.88,6.7,7.24,6.18,13.62,0.0591,2640270179
2026-08-05,2026-08-05 21:49:59 UTC,96,PINS,Pinterest,22927626,-8.68,23.36,25.06,23.16,7.449999999999999,0.0466,11497745466
2026-08-05,2026-08-05 21:49:59 UTC,97,INFY,Infosys,22906703,-0.95,12.48,12.56,12.34,1.7500000000000002,0.0057,50539579721
2026-08-05,2026-08-05 21:49:59 UTC,98,OWL,Blue Owl Capital Inc,22616951,-0.16999999999999998,11.55,11.79,11.38,3.5000000000000004,0.0145,18007515175
2026-08-05,2026-08-05 21:49:59 UTC,99,BTE,Baytex Energy,22447403,-3.3099999999999996,4.09,4.289,4.08,4.9399999999999995,0.0321,2859728000
2026-08-05,2026-08-05 21:49:59 UTC,100,NVO,Novo-Nordisk A/S,22247814,0.5599999999999999,44.53,45.72,44.38,3.0300000000000002,0.005,196993173055
2026-08-07,2026-08-07 21:49:56 UTC,1,HCWC,Healthy Choice Wellness Corp,652309768,50.0,0.3,0.5476,0.297,125.0,21.8219,8967713
2026-08-07,2026-08-07 21:49:56 UTC,2,YYAI,AiRWA Inc,244860178,-2.13,0.078,0.078,0.0678,12.8,232.412,82177
2026-08-07,2026-08-07 21:49:56 UTC,3,SPCX,Space Exploration Technologies Corp,240455062,15.83,133.11,133.48,114.53,16.46,0.0182,1754626728478
2026-08-07,2026-08-07 21:49:56 UTC,4,HTZ,Hertz Global Hld,225308906,12.379999999999999,2.27,2.49,2.13,17.82,0.6399,799244508
2026-08-07,2026-08-07 21:49:56 UTC,5,TTD,The Trade Desk,133139139,-21.9,13.8,14.57,12.83,9.85,0.2832,6487495381
2026-08-07,2026-08-07 21:49:56 UTC,6,WWR,Westwater Res,126234730,87.76,0.7672,0.9286,0.41,126.89999999999999,0.993,97533140
2026-08-07,2026-08-07 21:49:56 UTC,7,CPOP,"Pop Culture Group Co., Ltd",122269717,6.12,0.38,0.535,0.3384,54.900000000000006,9.8298,4726707
2026-08-07,2026-08-07 21:49:56 UTC,8,RCON,Recon Technology Ltd,114939384,-15.27,0.0355,0.0394,0.0345,11.690000000000001,1.2683,3217273
2026-08-07,2026-08-07 21:49:56 UTC,9,NVDA,Nvidia Corporation,105426401,2.27,223.96,224.76,220.66,1.87,0.0044,5419832000000
2026-08-07,2026-08-07 21:49:56 UTC,10,SLGB,Smart Logistics Global Limited,102870084,10.27,0.565,0.7699,0.53,46.82,2.286,25425000
2026-08-07,2026-08-07 21:49:56 UTC,11,VIVS,VivoSim Labs Inc,96896696,41.86,0.468,0.5833,0.3086,83.27,7.2361,6266889
2026-08-07,2026-08-07 21:49:56 UTC,12,QNME,Quanome Technologies Inc,95166594,0.0,0.48,0.9899,0.41,120.83,2.7643,16525228
2026-08-07,2026-08-07 21:49:56 UTC,13,PLTR,Palantir Technologies Inc,77366575,10.32,172.01,172.41,159.96,7.9799999999999995,0.0322,413350089144
2026-08-07,2026-08-07 21:49:56 UTC,14,INTC,Intel Corp,76563546,1.8399999999999999,101.65,103.66,98.03,5.63,0.0152,512722600000
2026-08-07,2026-08-07 21:49:56 UTC,15,ONDS,Ondas Holdings Inc.,72558350,4.2299999999999995,9.11,9.14,8.58,6.41,0.1273,5191412957
2026-08-07,2026-08-07 21:49:56 UTC,16,BTG,B2Gold,71335328,22.98,5.03,5.08,4.35,17.849999999999998,0.0534,6719635126
2026-08-07,2026-08-07 21:49:56 UTC,17,SOAR,Volato Group Inc-A,67805523,5.0200000000000005,0.136,0.14,0.125,5.87,1.2751,7232893
2026-08-07,2026-08-07 21:49:56 UTC,18,DOCS,Doximity Inc,65204385,32.62,27.4,40.0,27.16,62.1,0.3627,4925247105
2026-08-07,2026-08-07 21:49:56 UTC,19,SOUN,SOUNDHOUND AI INC,65027278,13.28,8.02,8.13,7.09,14.69,0.1493,3494106923
2026-08-07,2026-08-07 21:49:56 UTC,20,CELZ,Creative Med Technology Hldgs,63858962,23.48,1.42,1.94,1.28,57.38999999999999,13.4688,6732555
2026-08-07,2026-08-07 21:49:56 UTC,21,PATH,Uipath Inc,62520254,7.5,15.05,15.1,14.16,6.710000000000001,0.1207,7797710003
2026-08-07,2026-08-07 21:49:56 UTC,22,BYND,Beyond Meat,60999763,1.9300000000000002,0.5377,0.5592,0.522,7.049999999999999,0.1183,277342013
2026-08-07,2026-08-07 21:49:56 UTC,23,MARA,MARA Holdings Inc,56444280,-5.26,10.09,10.94,9.69,11.78,0.148,3847019375
2026-08-07,2026-08-07 21:49:56 UTC,24,TE,T1 Energy,55523567,5.41,5.85,6.29,5.62,12.07,0.199,1632551175
2026-08-07,2026-08-07 21:49:56 UTC,25,SXTC,China Sxt Pharmaceuticals Inc,54588062,-15.58,0.0455,0.051,0.04,20.41,1.2779,1943672
2026-08-07,2026-08-07 21:49:56 UTC,26,PLUG,Plug Power,54226568,5.3100000000000005,2.18,2.195,2.06,6.52,0.0389,3041250598
2026-08-07,2026-08-07 21:49:56 UTC,27,CDE,Coeur Mng Inc,51758004,11.12,17.39,17.51,16.65,5.5,0.0504,17875789615
2026-08-07,2026-08-07 21:49:56 UTC,28,SOFI,Sofi Technologies Inc,51481508,1.55,18.38,18.54,18.03,2.82,0.0399,23715941985
2026-08-07,2026-08-07 21:49:56 UTC,29,YJ,Yunji,50853980,176.42,3.4,13.97,1.33,1027.66,10.3246,16746836
2026-08-07,2026-08-07 21:49:56 UTC,30,NOK,Nokia,49960067,-0.74,9.36,9.67,9.27,4.24,0.0089,52403313437
2026-08-07,2026-08-07 21:49:56 UTC,31,NAMI,JINXIN TECHNOLOGY HLDG CO,49769201,51.55,4.41,9.47,3.92,190.72,15.7355,13948194
2026-08-07,2026-08-07 21:49:56 UTC,32,NU,Nu Hldgs Ltd,47648036,-1.9800000000000002,13.84,14.35,13.77,4.109999999999999,0.0099,66853906448
2026-08-07,2026-08-07 21:49:56 UTC,33,CIFR,Cipher Digital Inc,45018018,-5.66,17.18,19.05,16.95,11.559999999999999,0.1085,7130227803
2026-08-07,2026-08-07 21:49:56 UTC,34,ZENA,"ZenaTech, Inc.",44725446,19.57,1.65,1.75,1.55,14.49,0.5032,146658918
2026-08-07,2026-08-07 21:49:56 UTC,35,ONFO,Onfolio Holdings,44365430,-28.33,0.043,0.0509,0.0411,15.67,6.3016,302734
2026-08-07,2026-08-07 21:49:56 UTC,36,PFE,Pfizer,42711307,2.1399999999999997,26.76,26.76,26.05,2.67,0.0075,152523265241
2026-08-07,2026-08-07 21:49:56 UTC,37,SNAP,Snap Inc,42399620,2.11,5.33,5.37,5.23,2.78,0.0251,9014083804
2026-08-07,2026-08-07 21:49:56 UTC,38,RKT,Rocket Companies Inc,42082326,3.7800000000000002,13.72,14.28,13.13,8.7,0.0149,38819775785
2026-08-07,2026-08-07 21:49:56 UTC,39,WULF,Terawulf Inc,40782049,-3.04,17.08,18.73,16.73,11.35,0.0817,8522385003
2026-08-07,2026-08-07 21:49:56 UTC,40,TSLA,Tesla Inc,39349619,2.83,328.58,333.73,321.25,3.91,0.01,1297742282720
2026-08-07,2026-08-07 21:49:56 UTC,41,HL,Hecla Mining Co,39052223,6.239999999999999,16.85,17.03,16.34,4.32,0.0581,11319298062
2026-08-07,2026-08-07 21:49:56 UTC,42,DV,Doubleverify Hldgs Inc,38401683,12.809999999999999,13.21,13.36,13.2,1.32,0.2478,2047376248
2026-08-07,2026-08-07 21:49:56 UTC,43,UWMC,Uwm Holdings Corporation,37802734,6.67,1.28,1.315,1.17,12.08,0.0236,2049392797
2026-08-07,2026-08-07 21:49:56 UTC,44,ABEV,Ambev,37787038,-0.33,3.0,3.04,2.99,1.66,0.0024,46358385000
2026-08-07,2026-08-07 21:49:56 UTC,45,DKNG,Draftkings Inc,37755000,8.39,24.03,24.14,21.9,10.13,0.0761,11921975472
2026-08-07,2026-08-07 21:49:56 UTC,46,AAL,American Airline,34998770,-0.5599999999999999,15.94,16.28,15.79,3.06,0.0529,10551801018
2026-08-07,2026-08-07 21:49:56 UTC,47,T,At&T,34865375,0.33999999999999997,23.79,23.91,23.35,2.36,0.0051,163018254613
2026-08-07,2026-08-07 21:49:56 UTC,48,F,Ford Mtr Co Del,34487229,1.38,13.98,14.09,13.76,2.39,0.0086,55746587424
2026-08-07,2026-08-07 21:49:56 UTC,49,MU,Micron Technology Inc,34430007,-0.44,877.57,904.8,847.02,6.54,0.0305,991121547523
2026-08-07,2026-08-07 21:49:56 UTC,50,AAPL,Apple Inc,34401289,0.29,313.33,314.81,310.74,1.3,0.0024,4572794419400
2026-08-07,2026-08-07 21:49:56 UTC,51,OWL,Blue Owl Capital Inc,34383971,3.58,11.87,12.04,11.49,4.67,0.0221,18506424687
2026-08-07,2026-08-07 21:49:56 UTC,52,IONQ,Ionq Inc,34375049,11.86,44.43,44.62,40.0,11.62,0.0921,16584383789
2026-08-07,2026-08-07 21:49:56 UTC,53,SKHY,SK Hynix Inc,34198272,-3.92,137.91,143.65,133.8,6.859999999999999,0.0047,1005178411050
2026-08-07,2026-08-07 21:49:56 UTC,54,ACHR,Archer Aviation Inc,34006823,6.88,5.59,5.6,5.3,5.7299999999999995,0.0448,4246152870
2026-08-07,2026-08-07 21:49:56 UTC,55,AMZN,Amazon Com,33828980,0.8200000000000001,274.48,278.31,272.75,2.04,0.0031,2960627349242
2026-08-07,2026-08-07 21:49:56 UTC,56,JOBY,Joby Aviation Inc,33506897,4.9799999999999995,8.64,8.72,8.34,4.5,0.0339,8546033407
2026-08-07,2026-08-07 21:49:56 UTC,57,BBAI,BIGBEAR AI HLDGS INC,33248084,8.64,3.27,3.28,3.05,7.64,0.0693,1567946992
2026-08-07,2026-08-07 21:49:56 UTC,58,CELH,Celsius Hldgs Inc,33160084,16.830000000000002,27.77,27.87,23.82,16.950000000000003,0.131,7026783255
2026-08-07,2026-08-07 21:49:56 UTC,59,UBER,Uber Technologies,33038182,6.460000000000001,75.02,75.42,71.23,5.800000000000001,0.0162,153232860277
2026-08-07,2026-08-07 21:49:56 UTC,60,RDW,Redwire Corporation,32886747,14.879999999999999,13.59,13.68,12.42,10.05,0.132,3386914776
2026-08-07,2026-08-07 21:49:56 UTC,61,IREN,IREN Ltd,32265675,8.7,41.23,41.3,37.3,10.549999999999999,0.0903,14734722729
2026-08-07,2026-08-07 21:49:56 UTC,62,EQX,Equinox Gold,32227203,7.82,11.58,11.87,11.38,4.5600000000000005,0.0276,13519184738
2026-08-07,2026-08-07 21:49:56 UTC,63,SMCI,Super Micro Computer Inc,32202672,5.96,31.13,31.34,29.68,5.65,0.0498,20135891896
2026-08-07,2026-08-07 21:49:56 UTC,64,MB,Master,31870964,137.87,8.92,19.75,7.21,334.4,1.8578,153022600
2026-08-07,2026-08-07 21:49:56 UTC,65,FIG,Figma,31496020,-2.8400000000000003,23.29,24.56,23.25,5.47,0.0591,12413799802
2026-08-07,2026-08-07 21:49:56 UTC,66,WFF,WF Holding Ltd.,30991398,-15.559999999999999,2.3,10.53,1.72,323.45,3.4168,20861634
2026-08-07,2026-08-07 21:49:56 UTC,67,IOVA,Iovance Biotherp,30923078,2.09,6.34,6.92,5.88,16.75,0.0693,2830825190
2026-08-07,2026-08-07 21:49:56 UTC,68,GRAB,Grab Holdings Limited,30830517,-0.27,3.66,3.7,3.65,1.3599999999999999,0.0076,14929140000
2026-08-07,2026-08-07 21:49:56 UTC,69,STLA,Stellantis N.V,30657236,-0.54,5.52,5.59,5.41,3.18,0.0106,16013195711
2026-08-07,2026-08-07 21:49:56 UTC,70,SMR,NuScale Power Corporation,30229379,3.6999999999999997,9.82,10.03,9.37,6.97,0.0703,4219882531
2026-08-07,2026-08-07 21:49:56 UTC,71,RIG,Transocean,29941558,1.94,5.26,5.41,5.13,5.43,0.0268,5875420000
2026-08-07,2026-08-07 21:49:56 UTC,72,RGTI,Rigetti Computing Inc,29938344,8.53,17.94,17.95,16.41,9.35,0.0901,5963234597
2026-08-07,2026-08-07 21:49:56 UTC,73,BMNR,Bitmine Immersion Technologies Inc,29859692,2.8400000000000003,18.82,19.3,18.13,6.39,0.0495,11352720735
2026-08-07,2026-08-07 21:49:56 UTC,74,MSTR,Strategy Inc,28940887,3.26,100.01,105.5,96.77,9.01,0.0753,38426417357
2026-08-07,2026-08-07 21:49:56 UTC,75,MSFT,Microsoft Corp,28806019,0.03,499.99,505.18,498.73,1.29,0.0039,3712698490045
2026-08-07,2026-08-07 21:49:56 UTC,76,PCG,PG&E Us,28791742,2.71,17.46,17.6,16.88,4.24,0.0131,38453326178
2026-08-07,2026-08-07 21:49:56 UTC,77,AUR,Aurora Innovation Inc,28658859,4.130000000000001,7.06,7.14,6.91,3.39,0.0143,14149336192
2026-08-07,2026-08-07 21:49:56 UTC,78,PBR,Petroleo Brasileiro S.A. Petrobras,28499382,-3.02,17.96,18.76,17.93,4.4799999999999995,0.0044,115740820202
2026-08-07,2026-08-07 21:49:56 UTC,79,HUIZ,Huize Holding Ltd,28431778,37.18,1.66,2.93,1.17,144.60999999999999,2.8133,16776086
2026-08-07,2026-08-07 21:49:56 UTC,80,OPEN,Opendoor Technologies Inc,27986041,1.16,3.485,3.59,3.46,3.7699999999999996,0.0288,3384252309
2026-08-07,2026-08-07 21:49:56 UTC,81,NOW,Servicenow Inc,26647677,6.419999999999999,124.88,126.15,120.96,4.42,0.0258,129108686560
2026-08-07,2026-08-07 21:49:56 UTC,82,AMD,Advanced Micro Devices Inc,26549896,-1.21,483.36,498.99,476.06,4.65,0.0163,789073136301
2026-08-07,2026-08-07 21:49:56 UTC,83,DSY,Big Tree Cloud Holdings Limited,26537308,33.33,4.6,6.23,4.34,54.779999999999994,5.5846,21858615
2026-08-07,2026-08-07 21:49:56 UTC,84,KEEL,Keel Infrastructure Corp,25944058,1.5699999999999998,3.88,4.01,3.66,9.030000000000001,0.043,2342855165
2026-08-07,2026-08-07 21:49:56 UTC,85,LGHL,Lion Group Holding Ltd,25367100,-6.74,0.9,1.17,0.878,30.259999999999998,27.487,830589
2026-08-07,2026-08-07 21:49:56 UTC,86,SES,SES AI,25167786,10.74,0.5621,0.5641,0.4971,12.98,0.0682,207574178
2026-08-07,2026-08-07 21:49:56 UTC,87,NIO,Nio Inc.,25027119,3.04,4.74,4.76,4.64,2.6100000000000003,0.01,11876861684
2026-08-07,2026-08-07 21:49:56 UTC,88,NFLX,Netflix Inc,24778326,0.61,74.14,74.5,73.08,1.9300000000000002,0.006,308714487578
2026-08-07,2026-08-07 21:49:56 UTC,89,VALE,Vale S A,24278079,-0.06999999999999999,14.71,14.89,14.61,1.87,0.0057,62602270537
2026-08-07,2026-08-07 21:49:56 UTC,90,AAOI,Applied Optoelec,24046689,9.19,135.63,149.35,130.5,15.17,0.2997,10883326488
2026-08-07,2026-08-07 21:49:56 UTC,91,CPNG,Coupang Inc,23993032,-0.73,16.23,16.73,16.2,3.2399999999999998,0.0134,29133891982
2026-08-07,2026-08-07 21:49:56 UTC,92,RKLB,Rocket Lab Usa Inc,23975339,9.46,82.83,83.25,77.38,7.76,0.0401,49547267042
2026-08-07,2026-08-07 21:49:56 UTC,93,LYFT,Lyft Inc,23940099,7.12,17.46,17.56,16.41,7.06,0.0631,6629257008
2026-08-07,2026-08-07 21:49:56 UTC,94,CLSK,Cleanspark Inc,23377346,-3.53,12.3,14.01,12.08,15.110000000000001,0.091,3158849997
2026-08-07,2026-08-07 21:49:56 UTC,95,CISS,C3is,23200717,-10.68,0.087,0.0915,0.08,11.81,1.7734,1138187
2026-08-07,2026-08-07 21:49:56 UTC,96,ORCL,Oracle Corp,22796808,2.4699999999999998,147.02,147.16,142.34,3.36,0.0079,423486846420
2026-08-07,2026-08-07 21:49:56 UTC,97,JBLU,Jetblue Awys Corp,22718554,-1.94,6.07,6.13,5.92,3.3099999999999996,0.0611,2258154686
2026-08-07,2026-08-07 21:49:56 UTC,98,NBIS,Nebius Group,22692909,-1.01,187.97,197.42,180.63,8.62,0.0894,47725243526
2026-08-07,2026-08-07 21:49:56 UTC,99,BAC,Bank of America Corp,22608612,0.27,63.17,63.22,62.39,1.31,0.0032,441731914217
2026-08-07,2026-08-07 21:49:56 UTC,100,ELAN,Elanco Animal Health,22074892,-8.59,22.12,24.41,22.02,9.879999999999999,0.0442,11051634879
2026-08-10,2026-08-10 21:50:00 UTC,1,SOAR,Volato Group Inc-A,316075739,25.509999999999998,0.1707,0.2169,0.151,48.309999999999995,5.9432,9078345
2026-08-10,2026-08-10 21:50:00 UTC,2,SCKT,Socket Mobile,218635789,451.67,2.13,2.79,1.38,356.13,26.5304,17553240
2026-08-10,2026-08-10 21:50:00 UTC,3,SPCX,Space Exploration Technologies Corp,169049057,4.2299999999999995,138.74,139.26,130.17,6.81,0.0128,1828840149569
2026-08-10,2026-08-10 21:50:00 UTC,4,YYAI,AiRWA Inc,150222317,3.85,0.081,0.083,0.0733,12.31,142.5853,85338
2026-08-10,2026-08-10 21:50:00 UTC,5,AUUD,Auddia Inc,136168235,60.540000000000006,1.32,1.54,1.07,57.16,25.3853,7080546
2026-08-10,2026-08-10 21:50:00 UTC,6,ACHR,Archer Aviation Inc,127956605,11.99,6.26,6.87,5.94,16.73,0.1685,4755083536
2026-08-10,2026-08-10 21:50:00 UTC,7,PLUG,Plug Power,124622066,-3.2099999999999995,2.11,2.28,2.08,9.17,0.0893,2943595763
2026-08-10,2026-08-10 21:50:00 UTC,8,RCON,Recon Technology Ltd,118357661,0.0,0.0355,0.0365,0.031,15.49,1.306,3217273
2026-08-10,2026-08-10 21:50:00 UTC,9,NVDA,Nvidia Corporation,115450436,-2.86,217.55,224.14,216.77,3.29,0.0048,5264710000000
2026-08-10,2026-08-10 21:50:00 UTC,10,INTC,Intel Corp,100703464,-4.06,97.52,100.03,96.3,3.65,0.02,491890880000
2026-08-10,2026-08-10 21:50:00 UTC,11,EVTL,Vertical Aerospace Ltd,92483606,-33.82,0.9001,0.9975,0.77,16.73,0.7263,114607936
2026-08-10,2026-08-10 21:50:00 UTC,12,ONDS,Ondas Holdings Inc.,87785083,2.1999999999999997,9.31,9.6,9.04,6.15,0.154,5305384701
2026-08-10,2026-08-10 21:50:00 UTC,13,JWEL,Jowell Global Ltd,84839263,158.06,4.0,5.17,2.94,143.87,35.7048,9504524
2026-08-10,2026-08-10 21:50:00 UTC,14,YMT,Yimutian Inc,78067243,-13.669999999999998,0.3,0.3062,0.25,16.17,10.2381,2287541
2026-08-10,2026-08-10 21:50:00 UTC,15,STKH,STEAKHOLDER FOODS LTD,75740307,128.72,4.3,7.1,3.32,201.02,128.007,2544262
2026-08-10,2026-08-10 21:50:00 UTC,16,HTZ,Hertz Global Hld,73759347,-6.61,2.12,2.58,2.04,23.79,0.2095,746430995
2026-08-10,2026-08-10 21:50:00 UTC,17,TENX,Tenax Therapeutics Inc,64667539,-89.77000000000001,1.375,1.83,1.31,3.7199999999999998,1.728,51457885
2026-08-10,2026-08-10 21:50:00 UTC,18,RDGT,RIDGETECH Inc,63231660,32.73,0.9899,1.69,0.71,131.4,17.4214,3592881
2026-08-10,2026-08-10 21:50:00 UTC,19,RIG,Transocean,59350366,8.75,5.72,5.76,5.36,7.6,0.0531,6388554086
2026-08-10,2026-08-10 21:50:00 UTC,20,TTD,The Trade Desk,57328651,-2.97,13.39,13.72,12.83,6.38,0.122,6291695797
2026-08-10,2026-08-10 21:50:00 UTC,21,PLTR,Palantir Technologies Inc,57167583,1.87,175.23,179.6,170.87,5.08,0.0238,421087937450
2026-08-10,2026-08-10 21:50:00 UTC,22,SMCI,Super Micro Computer Inc,55901052,1.06,31.46,33.39,31.43,6.3,0.0864,20349346580
2026-08-10,2026-08-10 21:50:00 UTC,23,PATH,Uipath Inc,55230970,3.5900000000000003,15.59,15.67,14.73,6.18,0.1066,8077494946
2026-08-10,2026-08-10 21:50:00 UTC,24,XHLD,"TEN Holdings, Inc.",54001473,53.959999999999994,3.11,4.69,2.64,101.08,4.5086,37249847
2026-08-10,2026-08-10 21:50:00 UTC,25,PFE,Pfizer,49770843,1.08,27.05,27.19,26.52,2.5,0.0087,154176170582
2026-08-10,2026-08-10 21:50:00 UTC,26,ABCL,Abcellera Biologics Inc.,45921983,34.78,9.34,10.01,8.4,23.23,0.1498,2863751092
2026-08-10,2026-08-10 21:50:00 UTC,27,HL,Hecla Mining Co,45608217,4.15,17.55,17.58,16.67,5.4,0.0679,11789535964
2026-08-10,2026-08-10 21:50:00 UTC,28,AAPL,Apple Inc,44760322,-1.53,308.26,308.26,304.61,1.16,0.0031,4498801926800
2026-08-10,2026-08-10 21:50:00 UTC,29,T,At&T,42869032,1.09,24.05,24.09,23.47,2.6100000000000003,0.0063,164799874882
2026-08-10,2026-08-10 21:50:00 UTC,30,NOK,Nokia,42495110,-2.46,9.13,9.52,9.12,4.2700000000000005,0.0076,51115625179
2026-08-10,2026-08-10 21:50:00 UTC,31,MARA,MARA Holdings Inc,42219414,-5.25,9.56,10.08,9.4,6.74,0.1093,3693021279
2026-08-10,2026-08-10 21:50:00 UTC,32,WULF,Terawulf Inc,40762680,-5.1499999999999995,16.2,17.05,16.01,5.99,0.0817,8083292567
2026-08-10,2026-08-10 21:50:00 UTC,33,JOBY,Joby Aviation Inc,40238282,1.97,8.81,9.08,8.53,6.3100000000000005,0.0407,8714184527
2026-08-10,2026-08-10 21:50:00 UTC,34,MTEN,Mingteng International,39351185,22.57,1.08,1.78,0.9486,94.35,5.144,8261854
2026-08-10,2026-08-10 21:50:00 UTC,35,F,Ford Mtr Co Del,39209171,0.13999999999999999,14.0,14.07,13.76,2.22,0.0098,55826339338
2026-08-10,2026-08-10 21:50:00 UTC,36,KEEL,Keel Infrastructure Corp,38790982,-12.370000000000001,3.4,3.87,3.38,12.629999999999999,0.0642,2053017413
2026-08-10,2026-08-10 21:50:00 UTC,37,HUDI,Huadi International Grp Co Ltd,38742749,28.03,0.925,1.12,0.82,41.52,2.7094,13226743
2026-08-10,2026-08-10 21:50:00 UTC,38,SION,Sionna Therapeutics,38355167,-91.18,4.5,5.0,4.01,1.94,0.8483,203455795
2026-08-10,2026-08-10 21:50:00 UTC,39,AAL,American Airline,38336414,-5.8999999999999995,15.0,15.76,14.98,4.89,0.0579,9929549265
2026-08-10,2026-08-10 21:50:00 UTC,40,SOFI,Sofi Technologies Inc,38155040,-1.41,18.12,18.44,17.99,2.42,0.0295,23403254270
2026-08-10,2026-08-10 21:50:00 UTC,41,UWMC,Uwm Holdings Corporation,37602446,10.16,1.41,1.44,1.27,13.28,0.0234,2261821603
2026-08-10,2026-08-10 21:50:00 UTC,42,ABEV,Ambev,36765660,-2.0,2.94,2.995,2.94,1.83,0.0024,45431217300
2026-08-10,2026-08-10 21:50:00 UTC,43,BYND,Beyond Meat,36243273,-3.29,0.52,0.565,0.518,8.74,0.0703,268225868
2026-08-10,2026-08-10 21:50:00 UTC,44,CDE,Coeur Mng Inc,36177854,4.37,18.15,18.26,16.99,7.2700000000000005,0.0352,18657020213
2026-08-10,2026-08-10 21:50:00 UTC,45,NU,Nu Hldgs Ltd,35795632,0.13999999999999999,13.86,14.0,13.69,2.31,0.0074,66950516140
2026-08-10,2026-08-10 21:50:00 UTC,46,AMZN,Amazon Com,35671695,1.32,278.09,280.14,273.6,2.3800000000000003,0.0031,2999565941237
2026-08-10,2026-08-10 21:50:00 UTC,47,SOUN,SOUNDHOUND AI INC,35571815,-6.98,7.46,7.94,7.4,6.7299999999999995,0.0816,3250129382
2026-08-10,2026-08-10 21:50:00 UTC,48,CIFR,Cipher Digital Inc,33554774,-4.95,16.33,17.51,16.2,7.31,0.0808,6777451690
2026-08-10,2026-08-10 21:50:00 UTC,49,IREN,IREN Ltd,33218502,-6.04,38.74,41.31,38.69,6.260000000000001,0.093,13844849830
2026-08-10,2026-08-10 21:50:00 UTC,50,RKLB,Rocket Lab Usa Inc,32820914,-3.37,80.04,86.83,79.77,8.51,0.0549,47878344248
2026-08-10,2026-08-10 21:50:00 UTC,51,BTG,B2Gold,32643224,0.6,5.06,5.15,4.93,4.37,0.0244,6759712473
2026-08-10,2026-08-10 21:50:00 UTC,52,OPEN,Opendoor Technologies Inc,32394149,-0.13999999999999999,3.48,3.57,3.418,4.36,0.0334,3379396854
2026-08-10,2026-08-10 21:50:00 UTC,53,BTDR,Bitdeer Technologies Group,31568512,-20.080000000000002,8.7,11.36,8.68,24.63,0.1297,2115612212
2026-08-10,2026-08-10 21:50:00 UTC,54,ARTW,Art's-Way Manufacturing,31377271,30.75,2.87,4.17,2.16,91.57,6.0325,14927977
2026-08-10,2026-08-10 21:50:00 UTC,55,MSFT,Microsoft Corp,31171652,1.21,506.06,513.73,502.27,2.25,0.0042,3757771551175
2026-08-10,2026-08-10 21:50:00 UTC,56,LRHC,La Rosa Holdings Corp,30868701,-13.15,0.7279,0.825,0.602,26.61,14.6417,1534614
2026-08-10,2026-08-10 21:50:00 UTC,57,SNAP,Snap Inc,29340802,0.38,5.35,5.4,5.26,2.63,0.0173,9047907759
2026-08-10,2026-08-10 21:50:00 UTC,58,B,Barrick Mining Corporation,29191420,-6.41,40.88,41.57,39.44,4.760000000000001,0.0174,68494781756
2026-08-10,2026-08-10 21:50:00 UTC,59,TE,T1 Energy,29101193,-9.229999999999999,5.31,5.92,5.27,11.200000000000001,0.0988,1563938720
2026-08-10,2026-08-10 21:50:00 UTC,60,NIO,Nio Inc.,28806469,1.69,4.82,4.82,4.72,2.11,0.0115,12077315046
2026-08-10,2026-08-10 21:50:00 UTC,61,MPT,Medical Properties Trust Inc,28128636,-11.700000000000001,4.15,4.53,4.01,11.06,0.047,2482115000
2026-08-10,2026-08-10 21:50:00 UTC,62,RKT,Rocket Companies Inc,27845822,0.29,13.76,14.0,13.29,5.17,0.0098,38963399712
2026-08-10,2026-08-10 21:50:00 UTC,63,MU,Micron Technology Inc,27630421,-1.8900000000000001,861.0,894.99,854.4,4.62,0.0245,972407503011
2026-08-10,2026-08-10 21:50:00 UTC,64,BMNR,Bitmine Immersion Technologies Inc,27611343,-3.83,18.1,18.86,18.06,4.25,0.0458,10918397731
2026-08-10,2026-08-10 21:50:00 UTC,65,UBER,Uber Technologies,27236912,4.01,78.03,78.1,75.39,3.61,0.0133,159380966241
2026-08-10,2026-08-10 21:50:00 UTC,66,IAUX,I-80 Gold,26902195,4.9399999999999995,1.7,1.71,1.59,7.41,0.0311,1471584317
2026-08-10,2026-08-10 21:50:00 UTC,67,NFLX,Netflix Inc,26894039,2.9000000000000004,76.29,76.32,73.57,3.6999999999999997,0.0065,317666957882
2026-08-10,2026-08-10 21:50:00 UTC,68,SAFX,XCF GLOBAL INC,25647670,14.78,0.448,0.5,0.44,15.370000000000001,0.0635,180835302
2026-08-10,2026-08-10 21:50:00 UTC,69,FIG,Figma,25618697,9.02,25.39,25.46,22.8,11.42,0.0481,13533120523
2026-08-10,2026-08-10 21:50:00 UTC,70,DNN,Denison Mines,25590711,1.24,3.26,3.3,3.19,3.42,0.0283,2950355296
2026-08-10,2026-08-10 21:50:00 UTC,71,KVUE,Kenvue Inc.,25547457,-1.04,19.03,19.16,18.89,1.4000000000000001,0.0133,36552319077
2026-08-10,2026-08-10 21:50:00 UTC,72,BAC,Bank of America Corp,25392787,1.09,63.86,64.0,63.0,1.58,0.0036,446556910588
2026-08-10,2026-08-10 21:50:00 UTC,73,TSLA,Tesla Inc,24934421,0.7000000000000001,330.88,332.05,326.15,1.7999999999999998,0.0063,1306826241726
2026-08-10,2026-08-10 21:50:00 UTC,74,JBLU,Jetblue Awys Corp,24643083,-7.08,5.64,5.99,5.64,5.7700000000000005,0.0662,2098186562
2026-08-10,2026-08-10 21:50:00 UTC,75,VIVK,Vivakor,24305660,13.489999999999998,1.43,1.92,1.33,46.83,36.4293,954096
2026-08-10,2026-08-10 21:50:00 UTC,76,RITR,Reitar Logtech Holdings Limited,24291561,1.3299999999999998,0.1682,0.2,0.1253,45.0,0.389,10503038
2026-08-10,2026-08-10 21:50:00 UTC,77,CCL,Carnival Corporation Ltd.,24279469,-4.279999999999999,27.75,28.49,27.7,2.71,0.0177,38007763052
2026-08-10,2026-08-10 21:50:00 UTC,78,ORCL,Oracle Corp,24167199,2.74,151.05,151.99,146.62,3.65,0.0084,435095144550
2026-08-10,2026-08-10 21:50:00 UTC,79,HBAN,Huntington Bancshares Inc,23968709,0.27999999999999997,17.6,17.68,17.42,1.51,0.0119,35559300937
2026-08-10,2026-08-10 21:50:00 UTC,80,ELAN,Elanco Animal Health,22473947,0.72,22.28,22.81,21.32,6.69,0.045,11131574372
2026-08-10,2026-08-10 21:50:00 UTC,81,GRAB,Grab Holdings Limited,22182515,0.27,3.67,3.69,3.6,2.46,0.0054,14969930000
2026-08-10,2026-08-10 21:50:00 UTC,82,NKE,Nike Inc Cl B,21644042,0.98,42.11,42.23,41.14,2.63,0.0146,62470130383
2026-08-10,2026-08-10 21:50:00 UTC,83,SMR,NuScale Power Corporation,21614470,-6.52,9.18,9.87,9.18,6.98,0.0503,3944859636
2026-08-10,2026-08-10 21:50:00 UTC,84,ZENA,"ZenaTech, Inc.",21465670,3.64,1.71,1.84,1.662,10.79,0.2415,151991970
2026-08-10,2026-08-10 21:50:00 UTC,85,CSCO,Cisco Sys Inc,21120921,0.9400000000000001,122.57,124.71,122.27,2.01,0.0054,483101646889
2026-08-10,2026-08-10 21:50:00 UTC,86,MRVL,Marvell Technology Inc,20813604,-4.65,208.56,230.1,208.51,9.86,0.0238,182649845180
2026-08-10,2026-08-10 21:50:00 UTC,87,CRWV,"CoreWeave, Inc.",20737800,-2.74,88.19,93.98,88.17,6.41,0.038,48113848813
2026-08-10,2026-08-10 21:50:00 UTC,88,RIOT,Riot Platforms Ord Shs,20252730,-5.46,19.4,20.46,19.12,6.4799999999999995,0.0536,7336133862
2026-08-10,2026-08-10 21:50:00 UTC,89,TSCO,Tractor Supply,20044470,0.16999999999999998,34.62,34.87,33.77,3.1300000000000003,0.0385,18038409542
2026-08-10,2026-08-10 21:50:00 UTC,90,ZJYL,Jin Medical,19912900,35.809999999999995,2.92,3.74,2.7,48.370000000000005,0.2539,229022856
2026-08-10,2026-08-10 21:50:00 UTC,91,XOM,EXXONMOBIL HOLDINGS CORPORATION,19751150,4.41,159.79,160.37,154.45,3.8600000000000003,0.0048,657042412088
2026-08-10,2026-08-10 21:50:00 UTC,92,AMD,Advanced Micro Devices Inc,19564205,-2.85,469.56,483.36,469.29,2.9000000000000004,0.012,766544980721
2026-08-10,2026-08-10 21:50:00 UTC,93,CORZ,Core Scientific Inc,19272110,-7.470000000000001,19.44,21.05,19.43,7.71,0.06,6246858173
2026-08-10,2026-08-10 21:50:00 UTC,94,VALE,Vale S A,19197577,1.22,14.89,14.91,14.63,1.9,0.0045,63368307838
2026-08-10,2026-08-10 21:50:00 UTC,95,LUMN,Lumen Technologies Inc,19167798,6.41,6.64,6.72,6.2,8.33,0.0186,6848797482
2026-08-10,2026-08-10 21:50:00 UTC,96,WMT,Walmart,19121418,0.72,112.66,112.7,110.76,1.73,0.0024,896557197602
2026-08-10,2026-08-10 21:50:00 UTC,97,CMCSA,Comcast Corp,19013497,-0.63,25.2,25.24,24.78,1.81,0.0054,89425641639
2026-08-10,2026-08-10 21:50:00 UTC,98,RDW,Redwire Corporation,19009988,-3.46,13.12,13.86,13.1,5.46,0.076,3279903030
2026-08-10,2026-08-10 21:50:00 UTC,99,BSX,Boston Scien Cp,18990868,2.33,50.46,50.82,49.54,2.6,0.0131,73128121881
2026-08-10,2026-08-10 21:50:00 UTC,100,GOOGL,Alphabet Inc,18953372,0.91,357.52,357.61,352.71,1.38,0.0016,4372469600000
2026-08-11,2026-08-11 21:49:58 UTC,1,OMH,Ohmyhome Limited,354244947,29.970000000000002,0.1145,0.1767,0.0721,118.73,4.1955,9667743
2026-08-11,2026-08-11 21:49:58 UTC,2,PLAG,Planet Green,207935491,927.0500000000001,5.81,6.81,1.03,1021.74,14.6097,82692068
2026-08-11,2026-08-11 21:49:58 UTC,3,INTC,Intel Corp,163749792,0.19,97.71,98.35,95.35,3.08,0.0324,492849240000
2026-08-11,2026-08-11 21:49:58 UTC,4,MREO,Mereo Biopharma,163213841,12.15,0.3055,0.3695,0.29,29.04,1.0225,48763485
2026-08-11,2026-08-11 21:49:58 UTC,5,GLE,Global Engine Group Holding Limited,147161251,27.32,0.493,0.784,0.4312,91.14,8.0416,9021900
2026-08-11,2026-08-11 21:49:58 UTC,6,PLUG,Plug Power,146566025,5.21,2.22,2.535,2.16,17.77,0.1051,3097053362
2026-08-11,2026-08-11 21:49:58 UTC,7,BYND,Beyond Meat,142962553,-19.689999999999998,0.4176,0.4522,0.41,8.12,0.2755,215406005
2026-08-11,2026-08-11 21:49:58 UTC,8,UZX,Linkage Global Inc,125235498,-32.83,0.15,0.185,0.1423,18.94,1.8935,9920727
2026-08-11,2026-08-11 21:49:58 UTC,9,HTZ,Hertz Global Hld,115424746,15.57,2.45,2.74,2.1,30.19,0.3197,862620725
2026-08-11,2026-08-11 21:49:58 UTC,10,SPCX,Space Exploration Technologies Corp,108540335,-3.93,133.29,139.98,130.5,6.83,0.0082,1756999448869
2026-08-11,2026-08-11 21:49:58 UTC,11,CIGL,Concorde International Group Limited,103629286,32.48,0.5963,0.7362,0.4196,70.25,0.4181,135351434
2026-08-11,2026-08-11 21:49:58 UTC,12,NVDA,Nvidia Corporation,100948462,-0.02,217.5,222.2,216.2,2.71,0.0042,5263500000000
2026-08-11,2026-08-11 21:49:58 UTC,13,ZONE,CleanCore Solutions,92775582,-54.790000000000006,0.1578,0.22,0.1456,21.32,0.4157,35216834
2026-08-11,2026-08-11 21:49:58 UTC,14,SMCI,Super Micro Computer Inc,92216653,0.44,31.6,32.36,30.92,4.58,0.1133,20439903113
2026-08-11,2026-08-11 21:49:58 UTC,15,ACHR,Archer Aviation Inc,89963542,8.469999999999999,6.79,7.08,6.13,15.02,0.1164,5228461602
2026-08-11,2026-08-11 21:49:58 UTC,16,FRTT,Fort Technology Inc,88382023,32.04,1.29,1.66,1.24,42.99,5.9316,19221143
2026-08-11,2026-08-11 21:49:58 UTC,17,RCON,Recon Technology Ltd,82216494,-12.68,0.031,0.0347,0.03,13.239999999999998,0.8696,2809450
2026-08-11,2026-08-11 21:49:58 UTC,18,NU,Nu Hldgs Ltd,78017125,-1.52,13.65,13.9,13.37,3.8,0.0162,65936114380
2026-08-11,2026-08-11 21:49:58 UTC,19,RIOT,Riot Platforms Ord Shs,76221524,4.33,20.24,23.66,19.34,22.27,0.2,7653780895
2026-08-11,2026-08-11 21:49:58 UTC,20,ONDS,Ondas Holdings Inc.,74067918,4.62,9.74,9.75,9.2,5.91,0.13,5550423952
2026-08-11,2026-08-11 21:49:58 UTC,21,ALP,Alpha Compute Corp,68014285,-1.24,0.191,0.2968,0.183,58.17,2.7655,4482937
2026-08-11,2026-08-11 21:49:58 UTC,22,PATH,Uipath Inc,66743385,0.83,15.72,16.04,15.4,4.07,0.1286,8144850581
2026-08-11,2026-08-11 21:49:58 UTC,23,NOK,Nokia,65775640,3.4000000000000004,9.44,9.52,9.31,2.25,0.0117,52851205005
2026-08-11,2026-08-11 21:49:58 UTC,24,NIO,Nio Inc.,56580761,-4.15,4.62,4.64,4.51,2.7,0.0226,11576181641
2026-08-11,2026-08-11 21:49:58 UTC,25,RIG,Transocean,56577311,1.5699999999999998,5.81,5.88,5.65,4.02,0.0507,6489073293
2026-08-11,2026-08-11 21:49:58 UTC,26,JOBY,Joby Aviation Inc,53532318,-4.43,8.42,8.99,8.3,7.829999999999999,0.054,8328426075
2026-08-11,2026-08-11 21:49:58 UTC,27,FRMI,Fermi Inc.,50519263,21.09,7.12,7.39,6.78,10.37,0.0792,4539528581
2026-08-11,2026-08-11 21:49:58 UTC,28,AAL,American Airline,48599310,1.9300000000000002,15.29,15.49,15.06,2.87,0.0729,10121520550
2026-08-11,2026-08-11 21:49:58 UTC,29,YYAI,AiRWA Inc,46783491,0.62,0.0815,0.086,0.0757,12.72,44.4051,85865
2026-08-11,2026-08-11 21:49:58 UTC,30,CRWV,"CoreWeave, Inc.",44521092,2.42,90.32,93.6,87.46,6.959999999999999,0.0816,49275913650
2026-08-11,2026-08-11 21:49:58 UTC,31,ONON,On Hldg Ag,43893935,-20.29,30.91,31.75,30.11,4.22,0.131,10303222170
2026-08-11,2026-08-11 21:49:58 UTC,32,PLTR,Palantir Technologies Inc,43033364,-0.16999999999999998,174.94,177.94,172.72,2.98,0.0178,420391050491
2026-08-11,2026-08-11 21:49:58 UTC,33,WXM,WF International Limited,42228342,97.5,7.9,12.8,7.27,138.25,37.4738,8902312
2026-08-11,2026-08-11 21:49:58 UTC,34,IREN,IREN Ltd,41750654,2.6100000000000003,39.75,40.96,39.35,4.15,0.1168,14205802291
2026-08-11,2026-08-11 21:49:58 UTC,35,GRAB,Grab Holdings Limited,41089821,1.91,3.74,3.84,3.67,4.63,0.0101,15255460000
2026-08-11,2026-08-11 21:49:58 UTC,36,MSGY,MASONGLORY LTD,40569801,48.199999999999996,3.43,5.88,2.54,144.31,19.1401,7270313
2026-08-11,2026-08-11 21:49:58 UTC,37,SOFI,Sofi Technologies Inc,38739947,-0.77,17.98,18.41,17.83,3.2,0.0293,23222434425
2026-08-11,2026-08-11 21:49:58 UTC,38,PFE,Pfizer,37921739,-1.59,26.62,27.2,26.47,2.7,0.0064,151725310939
2026-08-11,2026-08-11 21:49:58 UTC,39,AAPL,Apple Inc,37396736,-1.09,304.91,309.97,302.79,2.33,0.0025,4449911423800
2026-08-11,2026-08-11 21:49:58 UTC,40,MARA,MARA Holdings Inc,37231668,1.26,9.68,10.15,9.6,5.72,0.0964,3739377194
2026-08-11,2026-08-11 21:49:58 UTC,41,F,Ford Mtr Co Del,36360718,0.9400000000000001,13.98,14.18,13.84,2.45,0.0091,55746587424
2026-08-11,2026-08-11 21:49:58 UTC,42,AIHS,Senmiao Technology Ltd,36245589,22.67,1.84,1.93,1.43,33.33,2.4735,26785779
2026-08-11,2026-08-11 21:49:58 UTC,43,HL,Hecla Mining Co,35830551,1.2,17.76,17.78,17.25,2.9899999999999998,0.0533,11930607334
2026-08-11,2026-08-11 21:49:58 UTC,44,T,At&T,35124012,1.87,24.5,24.5,23.98,2.16,0.0051,167883448425
2026-08-11,2026-08-11 21:49:58 UTC,45,CDE,Coeur Mng Inc,35024093,2.37,18.58,18.61,17.95,3.61,0.034,19099032262
2026-08-11,2026-08-11 21:49:58 UTC,46,VTAK,Catheter Precision,34170448,-4.5600000000000005,0.293,0.3111,0.275,7.04,9.4669,1057575
2026-08-11,2026-08-11 21:49:58 UTC,47,SNAP,Snap Inc,33737466,2.9899999999999998,5.51,5.58,5.35,4.390000000000001,0.0199,9318499393
2026-08-11,2026-08-11 21:49:58 UTC,48,OPEN,Opendoor Technologies Inc,32753572,2.87,3.58,3.6,3.39,6.03,0.0337,3476505959
2026-08-11,2026-08-11 21:49:58 UTC,49,RKT,Rocket Companies Inc,32716603,4.07,14.32,14.39,13.64,5.45,0.0115,40549119468
2026-08-11,2026-08-11 21:49:58 UTC,50,TENX,Tenax Therapeutics Inc,32715849,17.82,1.62,1.84,1.43,29.82,0.8698,60626745
2026-08-11,2026-08-11 21:49:58 UTC,51,CIFR,Cipher Digital Inc,32454805,5.390000000000001,17.21,18.25,16.97,7.779999999999999,0.0782,7142678725
2026-08-11,2026-08-11 21:49:58 UTC,52,FAMI,Farmmi Inc,32336000,5.82,0.1673,0.1951,0.151,27.889999999999997,0.8248,6263369
2026-08-11,2026-08-11 21:49:58 UTC,53,AMZN,Amazon Com,31841424,-2.09,272.27,278.84,271.36,2.69,0.0029,2936789596248
2026-08-11,2026-08-11 21:49:58 UTC,54,TTD,The Trade Desk,31779018,1.27,13.56,13.75,13.15,4.52,0.0641,6371575430
2026-08-11,2026-08-11 21:49:58 UTC,55,RKLB,Rocket Lab Usa Inc,29990591,-0.04,80.01,81.4,75.46,7.42,0.0501,47860398842
2026-08-11,2026-08-11 21:49:58 UTC,56,UWMC,Uwm Holdings Corporation,29936156,8.51,1.53,1.55,1.39,11.35,0.0187,2454317059
2026-08-11,2026-08-11 21:49:58 UTC,57,MU,Micron Technology Inc,29326222,0.8699999999999999,868.52,879.0,844.62,3.75,0.026,980900539506
2026-08-11,2026-08-11 21:49:58 UTC,58,HBAN,Huntington Bancshares Inc,29193319,0.97,17.77,17.84,17.58,1.48,0.0141,35902771458
2026-08-11,2026-08-11 21:49:58 UTC,59,STIM,Neuronetics,28962548,47.0,3.19,3.44,2.71,33.64,0.4131,221985209
2026-08-11,2026-08-11 21:49:58 UTC,60,GOOGL,Alphabet Inc,28954430,-3.84,343.8,356.81,343.39,3.75,0.0024,4204674000000
2026-08-11,2026-08-11 21:49:58 UTC,61,ORCL,Oracle Corp,28657647,-3.6900000000000004,145.48,151.99,144.24,5.13,0.0099,419050921080
2026-08-11,2026-08-11 21:49:58 UTC,62,OWL,Blue Owl Capital Inc,28428286,5.75,12.32,12.36,11.72,5.489999999999999,0.0182,19208016187
2026-08-11,2026-08-11 21:49:58 UTC,63,TME,Tencent Music Entertainment Group,28161071,-11.92,8.72,9.07,8.21,8.64,0.0179,13724447240
2026-08-11,2026-08-11 21:49:58 UTC,64,VALE,Vale S A,28055547,-3.83,14.32,14.98,14.24,4.97,0.0066,60942523052
2026-08-11,2026-08-11 21:49:58 UTC,65,NFLX,Netflix Inc,27777213,-1.97,74.79,76.9,74.48,3.16,0.0067,311421048368
2026-08-11,2026-08-11 21:49:58 UTC,66,PDSB,Pds Biotechnology Corporation,27313826,-64.87,0.2568,0.678,0.2308,61.17,0.4824,14360719
2026-08-11,2026-08-11 21:49:58 UTC,67,KEEL,Keel Infrastructure Corp,26035161,-3.2399999999999998,3.29,3.525,3.28,7.06,0.0422,2031815867
2026-08-11,2026-08-11 21:49:58 UTC,68,SMR,NuScale Power Corporation,26000263,7.7299999999999995,9.89,9.95,9.17,8.44,0.0605,4249963160
2026-08-11,2026-08-11 21:49:58 UTC,69,TE,T1 Energy,25719901,3.01,5.47,5.68,5.32,6.87,0.0873,1611063051
2026-08-11,2026-08-11 21:49:58 UTC,70,ACVA,Acv Auctions Inc.,25659265,0.0,7.26,8.27,6.67,22.040000000000003,0.1466,1267486330
2026-08-11,2026-08-11 21:49:58 UTC,71,NKE,Nike Inc Cl B,25506741,-1.8800000000000001,41.32,41.53,40.83,1.5699999999999998,0.017,61298166407
2026-08-11,2026-08-11 21:49:58 UTC,72,EOSE,Eos Energy Enterprises Inc,25161874,4.6899999999999995,4.24,4.32,4.09,5.67,0.0679,1544071234
2026-08-11,2026-08-11 21:49:58 UTC,73,RBLX,Roblox Corp,24649432,-2.2399999999999998,36.22,37.46,36.19,3.4099999999999997,0.0344,25874696583
2026-08-11,2026-08-11 21:49:58 UTC,74,OGI,Organigram Global Inc,23791164,17.14,1.23,1.24,1.12,11.43,0.169,173153277
2026-08-11,2026-08-11 21:49:58 UTC,75,RNW,Renew Energy Global Plc,23649327,11.75,6.85,6.85,6.75,1.71,0.0649,2496158426
2026-08-11,2026-08-11 21:49:58 UTC,76,WULF,Terawulf Inc,23561363,3.4000000000000004,16.75,17.5,16.63,5.37,0.0472,8357725339
2026-08-11,2026-08-11 21:49:58 UTC,77,VG,"Venture Global, Inc.",23392781,-7.290000000000001,13.22,14.05,12.92,7.779999999999999,0.0094,32843213156
2026-08-11,2026-08-11 21:49:58 UTC,78,TSLA,Tesla Inc,23296594,0.58,332.81,336.2,329.53,2.02,0.0059,1314448868197
2026-08-11,2026-08-11 21:49:58 UTC,79,HIMS,Hims & Hers Health Inc,23078106,-3.9699999999999998,30.51,31.79,29.41,7.489999999999999,0.0997,7061774274
2026-08-11,2026-08-11 21:49:58 UTC,80,MSFT,Microsoft Corp,23017072,-0.44,503.81,505.33,499.55,1.1400000000000001,0.0031,3741064073820
2026-08-11,2026-08-11 21:49:58 UTC,81,SOUN,SOUNDHOUND AI INC,22690927,-0.67,7.41,7.52,7.3,2.9499999999999997,0.0521,3228345673
2026-08-11,2026-08-11 21:49:58 UTC,82,CMCSA,Comcast Corp,22281842,1.79,25.65,25.68,25.04,2.52,0.0063,91022528097
2026-08-11,2026-08-11 21:49:58 UTC,83,TSCO,Tractor Supply,22087211,1.94,35.29,36.41,34.41,5.76,0.0424,18387506434
2026-08-11,2026-08-11 21:49:58 UTC,84,NBIS,Nebius Group,21960643,4.95,193.23,195.6,187.31,4.5,0.0791,49060748026
2026-08-11,2026-08-11 21:49:58 UTC,85,DXF,Eason Technology,20988379,8.1,0.53,0.58,0.4558,24.43,4.0085,2775056
2026-08-11,2026-08-11 21:49:58 UTC,86,BAC,Bank of America Corp,20719682,0.22,64.0,64.27,63.71,0.83,0.003,447535895360
2026-08-11,2026-08-11 21:49:58 UTC,87,AUR,Aurora Innovation Inc,20448523,-0.43,6.95,7.09,6.91,2.5100000000000002,0.0102,13928879112
2026-08-11,2026-08-11 21:49:58 UTC,88,BW,Babcock & Wilcox Enterprises I,20196489,3.49,9.19,12.08,9.0,34.68,0.1359,1366046934
2026-08-11,2026-08-11 21:49:58 UTC,89,CPNG,Coupang Inc,20183320,1.91,16.5,16.67,16.18,2.96,0.0112,29618559316
2026-08-11,2026-08-11 21:49:58 UTC,90,WBD,WARNER BROS DISCOVERY INC,20144886,0.74,27.07,27.23,26.88,1.3,0.0059,67964738709
2026-08-11,2026-08-11 21:49:58 UTC,91,ABEV,Ambev,19919045,-3.4000000000000004,2.84,2.946,2.84,3.61,0.0013,43885937800
2026-08-11,2026-08-11 21:49:58 UTC,92,WAFU,Wah Fu Education Group Limited,19853900,14.829999999999998,1.665,1.925,1.58,23.79,4.5014,7343580
2026-08-11,2026-08-11 21:49:58 UTC,93,MTEN,Mingteng International,19797416,26.85,1.37,1.52,1.28,22.220000000000002,2.5474,10480315
2026-08-11,2026-08-11 21:49:58 UTC,94,BMNR,Bitmine Immersion Technologies Inc,19532617,-0.06,18.09,18.47,17.64,4.590000000000001,0.0322,10912365467
2026-08-11,2026-08-11 21:49:58 UTC,95,DRMA,Dermata Therapeutics Inc,19426745,-3.5700000000000003,1.08,1.11,1.08,2.68,0.1305,4343914
2026-08-11,2026-08-11 21:49:58 UTC,96,EVTL,Vertical Aerospace Ltd,19337943,-1.5,0.8866,0.96,0.8447,11.219999999999999,0.1515,112889008
2026-08-11,2026-08-11 21:49:58 UTC,97,VEEA,VEEA INC,19276035,-20.06,0.1259,0.147,0.117,19.05,0.3471,6939224
2026-08-11,2026-08-11 21:49:58 UTC,98,CLSK,Cleanspark Inc,19186280,-0.6,11.52,12.28,11.48,6.9,0.0747,2958532680
2026-08-11,2026-08-11 21:49:58 UTC,99,UBER,Uber Technologies,18705531,0.65,78.54,78.99,77.47,1.95,0.0091,160422671903
2026-08-11,2026-08-11 21:49:58 UTC,100,PBR,Petroleo Brasileiro S.A. Petrobras,18629218,-2.18,17.93,18.38,17.8,3.19,0.005,66719604339
2026-08-12,2026-08-12 21:49:58 UTC,1,CHOW,CHOWCHOW CLOUD INTL HLDGS LTD,238793370,41.24,0.5,0.72,0.436,80.2,6.7285,17745000
2026-08-12,2026-08-12 21:49:58 UTC,2,RMCF,Rocky Mountain Chocolate Factory,202278912,126.02,1.52,2.15,1.22,138.29,21.2665,14348172
2026-08-12,2026-08-12 21:49:58 UTC,3,SPCX,Space Exploration Technologies Corp,166398626,9.65,146.15,149.6,134.01,11.700000000000001,0.0125,1926517138961
2026-08-12,2026-08-12 21:49:58 UTC,4,SMCI,Super Micro Computer Inc,164953797,19.02,37.61,38.15,33.94,13.320000000000002,0.255,24327365698
2026-08-12,2026-08-12 21:49:58 UTC,5,INTC,Intel Corp,162146566,3.32,100.95,103.16,100.12,3.1,0.0318,509191800000
2026-08-12,2026-08-12 21:49:58 UTC,6,OFAL,OFA Group,151222886,90.69,1.36,3.79,1.34,330.90000000000003,32.6119,6306392
2026-08-12,2026-08-12 21:49:58 UTC,7,VBIO,Valion Bio Inc,135070254,-27.1,0.226,1.3,0.2,354.84,31.3183,938184
2026-08-12,2026-08-12 21:49:58 UTC,8,RCON,Recon Technology Ltd,126624319,-16.13,0.026,0.0297,0.0225,22.58,1.135,2356313
2026-08-12,2026-08-12 21:49:58 UTC,9,BIVI,Biovie Inc,121468399,22.830000000000002,1.56,3.79,1.31,195.28,15.7114,11766515
2026-08-12,2026-08-12 21:49:58 UTC,10,BQ,Boqii Holding Ltd,120048355,52.42,1.23,2.1,0.82,158.61,15.2353,9691925
2026-08-12,2026-08-12 21:49:58 UTC,11,NOK,Nokia,115531928,9.32,10.32,10.5,10.2,3.18,0.0206,57778012251
2026-08-12,2026-08-12 21:49:58 UTC,12,BYND,Beyond Meat,110331121,-0.84,0.4141,0.4355,0.4,8.5,0.2109,213600638
2026-08-12,2026-08-12 21:49:58 UTC,13,NVDA,Nvidia Corporation,108517887,3.0300000000000002,224.09,225.1,220.2,2.25,0.0045,5422978000000
2026-08-12,2026-08-12 21:49:58 UTC,14,PLUG,Plug Power,91315794,3.15,2.29,2.35,2.185,7.430000000000001,0.0651,3199577186
2026-08-12,2026-08-12 21:49:58 UTC,15,CRWV,"CoreWeave, Inc.",87110146,19.28,107.73,111.83,105.44,7.06,0.1597,58774293374
2026-08-12,2026-08-12 21:49:58 UTC,16,ONDS,Ondas Holdings Inc.,84794456,0.31,9.77,9.99,9.65,3.49,0.1486,5573203235
2026-08-12,2026-08-12 21:49:58 UTC,17,HTZ,Hertz Global Hld,78227724,14.29,2.8,2.855,2.38,19.39,0.217,985852257
2026-08-12,2026-08-12 21:49:58 UTC,18,IVDA,Iveda Solutions,72279365,23.49,0.368,0.4777,0.295,61.309999999999995,4.6482,4266601
2026-08-12,2026-08-12 21:49:58 UTC,19,BAOS,Baosheng Media Group Hldng Ltd,67670101,4.18,0.76,1.22,0.63,80.88,2.1257,24194210
2026-08-12,2026-08-12 21:49:58 UTC,20,PATH,Uipath Inc,66619708,-2.93,15.26,15.53,14.98,3.5000000000000004,0.1286,7906515259
2026-08-12,2026-08-12 21:49:58 UTC,21,BOXL,Boxlight Corp,65319578,168.6,7.87,9.89,4.277,191.57999999999998,94.3705,5248904
2026-08-12,2026-08-12 21:49:58 UTC,22,NBIS,Nebius Group,63194121,34.14,259.2,259.44,216.11,22.42,0.2489,65810411884
2026-08-12,2026-08-12 21:49:58 UTC,23,ALP,Alpha Compute Corp,55210462,-5.76,0.18,0.184,0.15,17.8,2.3523,4224757
2026-08-12,2026-08-12 21:49:58 UTC,24,ZBAO,Zhibao Tech,52890108,6.05,0.2068,0.2173,0.19,14.000000000000002,1.0745,10133543
2026-08-12,2026-08-12 21:49:58 UTC,25,ACHR,Archer Aviation Inc,52196544,-7.359999999999999,6.29,6.92,6.16,10.97,0.0676,4843468572
2026-08-12,2026-08-12 21:49:58 UTC,26,HL,Hecla Mining Co,49209613,1.91,18.1,18.59,17.81,4.390000000000001,0.0733,12159008601
2026-08-12,2026-08-12 21:49:58 UTC,27,SBEV,Splash Beverage Group Inc,48802105,16.400000000000002,0.4096,0.6395,0.3473,82.55,7.5272,2580480
2026-08-12,2026-08-12 21:49:58 UTC,28,IREN,IREN Ltd,48481076,9.86,43.67,44.67,42.06,6.569999999999999,0.1357,15606726693
2026-08-12,2026-08-12 21:49:58 UTC,29,BTG,B2Gold,48138025,2.76,5.21,5.23,5.1,2.54,0.0352,6882778670
2026-08-12,2026-08-12 21:49:58 UTC,30,NU,Nu Hldgs Ltd,45717871,-0.66,13.56,13.8,13.41,2.86,0.0094,65501370769
2026-08-12,2026-08-12 21:49:58 UTC,31,CDE,Coeur Mng Inc,45228031,1.18,18.8,19.19,18.69,2.69,0.044,19325177962
2026-08-12,2026-08-12 21:49:58 UTC,32,RIG,Transocean,45088912,-1.8900000000000001,5.7,5.79,5.65,2.41,0.0404,6366216484
2026-08-12,2026-08-12 21:49:58 UTC,33,WEN,Wendys Co,44810894,14.7,8.66,8.8,7.5,17.119999999999997,0.2334,1651201593
2026-08-12,2026-08-12 21:49:58 UTC,34,KEEL,Keel Infrastructure Corp,43788019,7.6,3.54,3.7,3.41,8.81,0.0694,2186209170
2026-08-12,2026-08-12 21:49:58 UTC,35,ORCL,Oracle Corp,43472145,5.36,153.28,154.89,147.89,4.81,0.0151,441518594880
2026-08-12,2026-08-12 21:49:58 UTC,36,TE,T1 Energy,42863889,-10.42,4.9,5.86,4.885,17.73,0.1455,1443182623
2026-08-12,2026-08-12 21:49:58 UTC,37,MARA,MARA Holdings Inc,40603352,-0.41000000000000003,9.64,10.28,9.55,7.489999999999999,0.1032,3723925223
2026-08-12,2026-08-12 21:49:58 UTC,38,AAPL,Apple Inc,40580669,-0.8699999999999999,302.25,305.66,300.57,1.67,0.0028,4411090905000
2026-08-12,2026-08-12 21:49:58 UTC,39,AAL,American Airline,39934254,-2.35,14.93,15.53,14.92,4.02,0.0603,9883211368
2026-08-12,2026-08-12 21:49:58 UTC,40,DOGZ,Dogness International Corp,39657706,37.65,1.28,1.42,1.11,33.339999999999996,2.7116,18573642
2026-08-12,2026-08-12 21:49:58 UTC,41,CYCU,Cycurion Inc.,39599770,5.42,0.62,0.6843,0.5924,15.629999999999999,3.4517,7113004
2026-08-12,2026-08-12 21:49:58 UTC,42,GPUS,Hyperscale Data Inc.,39031079,-4.8500000000000005,0.1137,0.1207,0.1136,5.94,0.0846,52484716
2026-08-12,2026-08-12 21:49:58 UTC,43,ZONE,CleanCore Solutions,38834124,-8.110000000000001,0.145,0.1525,0.1237,18.310000000000002,0.174,32360209
2026-08-12,2026-08-12 21:49:58 UTC,44,F,Ford Mtr Co Del,38250437,-1.0699999999999998,13.83,14.08,13.79,2.07,0.0096,55148448074
2026-08-12,2026-08-12 21:49:58 UTC,45,SOFI,Sofi Technologies Inc,37034418,-0.22,17.94,18.4,17.65,4.17,0.0287,23170771612
2026-08-12,2026-08-12 21:49:58 UTC,46,MU,Micron Technology Inc,36588575,4.92,911.29,935.8,899.54,4.17,0.0324,1029204684574
2026-08-12,2026-08-12 21:49:58 UTC,47,GRAB,Grab Holdings Limited,36536258,-3.4799999999999995,3.61,3.78,3.59,5.08,0.009,14725190000
2026-08-12,2026-08-12 21:49:58 UTC,48,UWMC,Uwm Holdings Corporation,35759885,-1.31,1.51,1.605,1.435,11.110000000000001,0.0223,2422234483
2026-08-12,2026-08-12 21:49:58 UTC,49,CSCO,Cisco Sys Inc,35658882,2.86,123.88,124.45,122.26,1.82,0.009,488264926300
2026-08-12,2026-08-12 21:49:58 UTC,50,WULF,Terawulf Inc,35252898,2.63,17.19,18.38,16.87,9.04,0.0707,8577271557
2026-08-12,2026-08-12 21:49:58 UTC,51,PLTR,Palantir Technologies Inc,35101117,-2.23,171.04,175.09,168.34,3.8600000000000003,0.0146,411019122419
2026-08-12,2026-08-12 21:49:58 UTC,52,FRMI,Fermi Inc.,34325219,6.74,7.6,7.68,7.17,7.090000000000001,0.0532,4845564216
2026-08-12,2026-08-12 21:49:58 UTC,53,RIOT,Riot Platforms Ord Shs,34315080,0.4,20.32,22.21,20.19,9.959999999999999,0.0914,7625261559
2026-08-12,2026-08-12 21:49:58 UTC,54,CIFR,Cipher Digital Inc,33962259,3.84,17.87,19.12,17.48,9.53,0.0818,7416599002
2026-08-12,2026-08-12 21:49:58 UTC,55,RKT,Rocket Companies Inc,33648229,-1.8900000000000001,14.05,14.65,13.75,6.279999999999999,0.0119,39784576015
2026-08-12,2026-08-12 21:49:58 UTC,56,SCNX,"Scienture Holdings, Inc",32856829,10.0,0.45,0.465,0.3644,23.0,0.8087,18283866
2026-08-12,2026-08-12 21:49:58 UTC,57,PFE,Pfizer,32554388,-1.16,26.31,26.44,26.18,0.96,0.0056,149958412126
2026-08-12,2026-08-12 21:49:58 UTC,58,WCT,Wellchange Holdings,32404589,18.990000000000002,1.04,1.84,0.8501,113.26,7.1527,4711585
2026-08-12,2026-08-12 21:49:58 UTC,59,T,At&T,32106379,-1.02,24.25,24.45,24.1,1.43,0.0047,166170352012
2026-08-12,2026-08-12 21:49:58 UTC,60,SNAP,Snap Inc,30483378,-5.63,5.2,5.51,5.19,5.76,0.018,8794228102
2026-08-12,2026-08-12 21:49:58 UTC,61,AMZN,Amazon Com,29875417,-1.83,267.28,273.46,267.1,2.34,0.0027,2882965891524
2026-08-12,2026-08-12 21:49:58 UTC,62,YYAI,AiRWA Inc,29717762,-10.67,0.0728,0.0794,0.0661,16.32,27.149,76699
2026-08-12,2026-08-12 21:49:58 UTC,63,SMR,NuScale Power Corporation,28941668,-3.0300000000000002,9.59,9.94,9.37,5.71,0.0674,4121046178
2026-08-12,2026-08-12 21:49:58 UTC,64,TSLA,Tesla Inc,28615975,-1.59,327.51,335.5,323.64,3.56,0.0071,1293516267008
2026-08-12,2026-08-12 21:49:58 UTC,65,MSFT,Microsoft Corp,28552522,-2.26,492.43,501.5,491.52,1.9800000000000002,0.0038,3656561366133
2026-08-12,2026-08-12 21:49:58 UTC,66,NKE,Nike Inc Cl B,28342786,-1.96,40.51,41.25,40.45,1.92,0.0191,60096532458
2026-08-12,2026-08-12 21:49:58 UTC,67,GXAI,Gaxos.AI,28323526,-1.69,0.8705,0.898,0.8561,3.82,0.2463,9353203
2026-08-12,2026-08-12 21:49:58 UTC,68,JOBY,Joby Aviation Inc,28031911,-5.46,7.96,8.53,7.94,7.07,0.0283,7873428926
2026-08-12,2026-08-12 21:49:58 UTC,69,HXHX,HAOXIN HLDGS LTD,27768490,11.75,0.542,0.7481,0.4821,54.85,2.0195,7452500
2026-08-12,2026-08-12 21:49:58 UTC,70,BAC,Bank of America Corp,27516118,1.27,64.81,64.95,63.84,1.73,0.0039,453200021535
2026-08-12,2026-08-12 21:49:58 UTC,71,AUR,Aurora Innovation Inc,27356643,-1.15,6.87,7.03,6.63,5.76,0.0136,13768546691
2026-08-12,2026-08-12 21:49:58 UTC,72,BTBT,Bit Digital Inc,27029247,8.15,1.46,1.509,1.42,6.59,0.0772,509818013
2026-08-12,2026-08-12 21:49:58 UTC,73,UAMY,United States Antimony,26938058,-24.47,4.97,5.5,4.91,8.97,0.1818,736482541
2026-08-12,2026-08-12 21:49:58 UTC,74,IZM,ICZOOM GROUP INC.,25966861,12.78,0.2966,0.41,0.241,64.25999999999999,2.1606,3564571
2026-08-12,2026-08-12 21:49:58 UTC,75,SKHY,SK Hynix Inc,25553623,9.01,154.41,155.16,147.26,5.57,0.0035,1125441218550
2026-08-12,2026-08-12 21:49:58 UTC,76,WBD,WARNER BROS DISCOVERY INC,25357175,2.1399999999999997,27.65,27.78,27.34,1.6099999999999999,0.0101,69420946632
2026-08-12,2026-08-12 21:49:58 UTC,77,GOOGL,Alphabet Inc,24963009,-0.08,343.54,346.48,340.88,1.63,0.002,4201494200000
2026-08-12,2026-08-12 21:49:58 UTC,78,QXO,QXO Inc,24616847,-3.34,15.03,15.68,14.77,5.88,0.0237,15593625000
2026-08-12,2026-08-12 21:49:58 UTC,79,SCKT,Socket Mobile,24615759,17.27,1.63,2.18,1.3,63.31,2.987,13432761
2026-08-12,2026-08-12 21:49:58 UTC,80,MRVL,Marvell Technology Inc,23743904,2.25,217.08,226.89,216.88,4.71,0.023,190111375104
2026-08-12,2026-08-12 21:49:58 UTC,81,PLAG,Planet Green,23433500,-79.35,1.2,1.4,1.12,4.82,1.6465,17079256
2026-08-12,2026-08-12 21:49:58 UTC,82,TTD,The Trade Desk,23351851,-0.52,13.49,13.7,13.06,4.68,0.0475,6338683817
2026-08-12,2026-08-12 21:49:58 UTC,83,HPE,Hewlett Packard Enterprise Co,22355119,8.110000000000001,58.79,58.9,55.06,7.04,0.0164,77849924999
2026-08-12,2026-08-12 21:49:58 UTC,84,IONQ,Ionq Inc,22115526,4.05,45.2,45.54,42.84,6.22,0.0538,17221304592
2026-08-12,2026-08-12 21:49:58 UTC,85,WMT,Walmart,22035990,2.4299999999999997,116.01,116.05,112.28,3.32,0.0028,923216762771
2026-08-12,2026-08-12 21:49:58 UTC,86,BMNR,Bitmine Immersion Technologies Inc,21778068,-1.11,17.89,18.42,17.84,3.1,0.0361,10791720188
2026-08-12,2026-08-12 21:49:58 UTC,87,XHLD,"TEN Holdings, Inc.",21694216,49.86,5.35,6.26,3.93,64.98,1.8113,64079320
2026-08-12,2026-08-12 21:49:58 UTC,88,CMCSA,Comcast Corp,21388283,-0.7000000000000001,25.47,25.63,25.07,2.18,0.006,90383773514
2026-08-12,2026-08-12 21:49:58 UTC,89,NIO,Nio Inc.,20868178,-1.73,4.54,4.6,4.53,1.52,0.0083,11375728279
2026-08-12,2026-08-12 21:49:58 UTC,90,JBLU,Jetblue Awys Corp,20770093,-0.52,5.78,5.96,5.78,3.01,0.055,2180864406
2026-08-12,2026-08-12 21:49:58 UTC,91,BSX,Boston Scien Cp,20667807,0.44999999999999996,51.42,51.74,50.02,3.34,0.0141,74519382226
2026-08-12,2026-08-12 21:49:58 UTC,92,NFLX,Netflix Inc,20656881,-0.7799999999999999,74.21,74.67,73.57,1.47,0.005,309005963355
2026-08-12,2026-08-12 21:49:58 UTC,93,DNN,Denison Mines,20588073,-0.6,3.29,3.41,3.28,3.92,0.0222,2977505804
2026-08-12,2026-08-12 21:49:58 UTC,94,QS,Quantumscape Corp,20097615,0.63,6.38,6.53,6.21,5.050000000000001,0.0325,3949944174
2026-08-12,2026-08-12 21:49:58 UTC,95,FEED,ENvue Medical,20027576,2.34,0.4075,0.4334,0.361,13.059999999999999,2.1554,3788391
2026-08-12,2026-08-12 21:49:58 UTC,96,EOSE,Eos Energy Enterprises Inc,20022598,0.0,4.24,4.45,4.14,7.31,0.0543,1544071234
2026-08-12,2026-08-12 21:49:58 UTC,97,OPEN,Opendoor Technologies Inc,19329093,-2.5100000000000002,3.49,3.65,3.45,5.59,0.0199,3389107764
2026-08-12,2026-08-12 21:49:58 UTC,98,HIVE,HIVE Digital Technologies Ltd,19116428,3.4000000000000004,2.74,2.795,2.66,4.91,0.0695,749769616
2026-08-12,2026-08-12 21:49:58 UTC,99,UBER,Uber Technologies,19045988,-4.05,75.36,78.56,74.88,4.67,0.0093,153927330718
2026-08-12,2026-08-12 21:49:58 UTC,100,VG,"Venture Global, Inc.",18802941,3.7800000000000002,13.72,13.95,13.06,6.7299999999999995,0.0076,34085392171
2026-08-13,2026-08-13 13:31:09 UTC,1,LIMN,Liminatus Pharma,550936152,38.16,0.1499,0.184,0.1341,45.989999999999995,8.188,10067338
2026-08-13,2026-08-13 13:31:09 UTC,2,IVDA,Iveda Solutions,173956054,42.74,0.5253,0.5912,0.4398,41.14,15.0039,6090342
2026-08-13,2026-08-13 13:31:09 UTC,3,OPEN,Opendoor Technologies Inc,169879126,4.58,3.65,3.66,3.21,12.889999999999999,0.1708,3544482332
2026-08-13,2026-08-13 13:31:09 UTC,4,ONDS,Ondas Holdings Inc.,122034826,-8.799999999999999,8.91,9.55,8.79,7.779999999999999,0.2139,5082624445
2026-08-13,2026-08-13 13:31:09 UTC,5,SMCI,Super Micro Computer Inc,121593645,4.12,39.16,42.3,38.2,10.9,0.1788,25329955883
2026-08-13,2026-08-13 13:31:09 UTC,6,SPCX,Space Exploration Technologies Corp,119138905,-3.3300000000000005,141.29,145.02,139.8,3.5700000000000003,0.0086,1862453688429
2026-08-13,2026-08-13 13:31:09 UTC,7,INTC,Intel Corp,116065936,3.58,104.56,107.57,100.33,7.17,0.0195,527400640000
2026-08-13,2026-08-13 13:31:09 UTC,8,HTZ,Hertz Global Hld,114067660,-16.25,2.345,2.945,2.27,24.099999999999998,0.32,835878516
2026-08-13,2026-08-13 13:31:09 UTC,9,NOK,Nokia,111558530,2.5700000000000003,10.59,10.91,10.36,5.38,0.0199,59261653069
2026-08-13,2026-08-13 13:31:09 UTC,10,DFSC,DEFSEC Technologies Inc,109661863,86.29,2.31,3.57,2.08,120.16,40.9621,6159919
2026-08-13,2026-08-13 13:31:09 UTC,11,RCON,Recon Technology Ltd,107965009,6.15,0.0276,0.0295,0.0242,20.380000000000003,1.1768,2501316
2026-08-13,2026-08-13 13:31:09 UTC,12,PATH,Uipath Inc,104475270,9.34,16.69,16.74,14.86,12.32,0.1966,8644836638
2026-08-13,2026-08-13 13:31:09 UTC,13,FGI,FGI Industries Ltd.,100741283,147.78,11.72,19.93,7.07,271.88,51.7874,22634496
2026-08-13,2026-08-13 13:31:09 UTC,14,NVDA,Nvidia Corporation,98010790,0.54,225.3,227.23,223.71,1.5699999999999998,0.0034,5452260000000
2026-08-13,2026-08-13 13:31:09 UTC,15,XHG,XChange TEC,84170020,348.06,4.1,7.23,3.16,444.77000000000004,1.6329,211346496
2026-08-13,2026-08-13 13:31:09 UTC,16,OTLK,Outlook Therapeutics Inc,81810588,-19.2,0.8888,0.8918,0.7603,11.95,0.4209,166202931
2026-08-13,2026-08-13 13:31:09 UTC,17,GXAI,Gaxos.AI,81461600,44.74,1.26,1.44,1.13,35.61,7.5492,13538238
2026-08-13,2026-08-13 13:31:09 UTC,18,BYND,Beyond Meat,77223074,-1.71,0.407,0.4488,0.407,10.09,0.1475,209938324
2026-08-13,2026-08-13 13:31:09 UTC,19,PLUG,Plug Power,72188025,0.44,2.3,2.42,2.23,8.3,0.0496,3213549139
2026-08-13,2026-08-13 13:31:09 UTC,20,IREN,IREN Ltd,71011115,2.5,44.76,49.19,43.99,11.899999999999999,0.191,15996269448
2026-08-13,2026-08-13 13:31:09 UTC,21,ARX,Accelerant Holdings,70080099,43.419999999999995,19.52,19.62,19.45,1.25,0.3212,4259290156
2026-08-13,2026-08-13 13:31:09 UTC,22,SOFI,Sofi Technologies Inc,61539535,2.73,18.43,18.65,17.88,4.29,0.0476,23803641071
2026-08-13,2026-08-13 13:31:09 UTC,23,ACHR,Archer Aviation Inc,61222335,10.73,6.97,7.07,6.19,13.91,0.0765,5363236662
2026-08-13,2026-08-13 13:31:09 UTC,24,CSCO,Cisco Sys Inc,61085648,-8.4,113.47,115.95,111.48,3.61,0.0143,447234591437
2026-08-13,2026-08-13 13:31:09 UTC,25,NU,Nu Hldgs Ltd,60884109,2.54,13.91,14.01,13.46,4.06,0.0119,67167887945
2026-08-13,2026-08-13 13:31:09 UTC,26,RIG,Transocean,60385126,0.26,5.72,5.78,5.57,3.6799999999999997,0.0512,6382969685
2026-08-13,2026-08-13 13:31:09 UTC,27,HCWC,Healthy Choice Wellness Corp,59600910,-2.88,0.283,0.33,0.2461,28.79,1.9901,8459542
2026-08-13,2026-08-13 13:31:09 UTC,28,CRWV,"CoreWeave, Inc.",50214281,-1.34,106.29,117.49,105.84,10.81,0.092,57988672076
2026-08-13,2026-08-13 13:31:09 UTC,29,AAL,American Airline,49143375,0.8699999999999999,15.06,15.28,14.95,2.21,0.07,9969267462
2026-08-13,2026-08-13 13:31:09 UTC,30,CDE,Coeur Mng Inc,44907900,-1.8599999999999999,18.45,18.62,18.13,2.63,0.0422,18965400713
2026-08-13,2026-08-13 13:31:09 UTC,31,CCO,Clear Channel Outdoor Hldgs In,44434589,-3.32,2.33,2.415,2.32,3.94,0.0862,1186188658
2026-08-13,2026-08-13 13:31:09 UTC,32,HCTI,Healthcare Triangle Inc,44383361,39.519999999999996,1.73,2.3,1.265,83.46000000000001,3.0015,25334677
2026-08-13,2026-08-13 13:31:09 UTC,33,OFAL,OFA Group,41672821,19.85,1.63,1.86,1.51,25.740000000000002,8.9685,7558396
2026-08-13,2026-08-13 13:31:09 UTC,34,NFLX,Netflix Inc,40880803,5.43,78.24,78.4,75.45,3.9800000000000004,0.0084,325786640250
2026-08-13,2026-08-13 13:31:09 UTC,35,PCG,PG&E Us,39834632,0.52,17.47,17.8,16.95,4.92,0.0164,38475349847
2026-08-13,2026-08-13 13:31:09 UTC,36,AAPL,Apple Inc,38492506,1.0,305.26,306.0,302.05,1.31,0.0026,4455019386800
2026-08-13,2026-08-13 13:31:09 UTC,37,BYSI,Beyondspring Inc,38489180,34.27,0.9963,1.35,0.76,79.51,0.9278,40967676
2026-08-13,2026-08-13 13:31:09 UTC,38,KEEL,Keel Infrastructure Corp,36741483,-6.5,3.31,3.665,3.29,10.59,0.0595,2044167331
2026-08-13,2026-08-13 13:31:09 UTC,39,BTBT,Bit Digital Inc,36680662,2.0500000000000003,1.49,1.65,1.45,13.700000000000001,0.1023,520293725
2026-08-13,2026-08-13 13:31:09 UTC,40,CLBT,Cellebrite Di Ltd,36586958,-29.18,10.8,10.83,9.58,8.200000000000001,0.1447,2693950023
2026-08-13,2026-08-13 13:31:09 UTC,41,PLTR,Palantir Technologies Inc,36128084,4.66,179.01,179.91,172.33,4.43,0.0137,430171498504
2026-08-13,2026-08-13 13:31:09 UTC,42,MU,Micron Technology Inc,36091216,4.2299999999999995,949.83,978.0,906.5,7.85,0.03,1072731496614
2026-08-13,2026-08-13 13:31:09 UTC,43,NBIS,Nebius Group,35880543,-1.6,255.04,275.96,247.38,11.03,0.1335,64754195397
2026-08-13,2026-08-13 13:31:09 UTC,44,YYAI,AiRWA Inc,35199175,-12.23,0.0639,0.0732,0.058,20.880000000000003,33.2571,67322
2026-08-13,2026-08-13 13:31:09 UTC,45,T,At&T,35168565,1.44,24.6,24.68,24.22,1.9,0.0051,168568686990
2026-08-13,2026-08-13 13:31:09 UTC,46,CIFR,Cipher Digital Inc,34935679,-6.99,16.62,18.08,16.39,9.46,0.081,6897810599
2026-08-13,2026-08-13 13:31:09 UTC,47,SMR,NuScale Power Corporation,34918837,2.76,9.86,10.14,9.41,7.5600000000000005,0.0784,4234922845
2026-08-13,2026-08-13 13:31:09 UTC,48,PFE,Pfizer,34850337,1.8399999999999999,26.8,26.95,26.41,2.0500000000000003,0.0061,152722753817
2026-08-13,2026-08-13 13:31:09 UTC,49,RKT,Rocket Companies Inc,34376855,7.049999999999999,15.04,15.18,14.26,6.550000000000001,0.0121,42573743799
2026-08-13,2026-08-13 13:31:09 UTC,50,TTD,The Trade Desk,34109725,7.93,14.56,14.7,13.57,8.38,0.0658,6841455624
2026-08-13,2026-08-13 13:31:09 UTC,51,TSLA,Tesla Inc,33736481,3.8,339.96,341.64,325.24,5.01,0.0085,1342688132064
2026-08-13,2026-08-13 13:31:09 UTC,52,FRMI,Fermi Inc.,33383330,-13.16,6.6,7.37,6.52,11.18,0.0523,4211559495
2026-08-13,2026-08-13 13:31:09 UTC,53,HL,Hecla Mining Co,32839948,-2.1,17.72,17.85,17.41,2.4299999999999997,0.0465,11903736597
2026-08-13,2026-08-13 13:31:09 UTC,54,HUMA,Humacyte Inc,32641872,-17.29,0.55,0.6775,0.55,19.17,0.1201,148300985
2026-08-13,2026-08-13 13:31:09 UTC,55,MARA,MARA Holdings Inc,32621229,-4.46,9.21,9.79,9.17,6.43,0.0797,3557816525
2026-08-13,2026-08-13 13:31:09 UTC,56,JD,Jd.Com Inc,31927851,-7.31,29.3,31.37,28.86,7.9399999999999995,0.0225,39569650000
2026-08-13,2026-08-13 13:31:09 UTC,57,SKHY,SK Hynix Inc,31887193,7.290000000000001,165.67,168.5,153.41,9.77,0.0042,1207511473850
2026-08-13,2026-08-13 13:31:09 UTC,58,SBS,Companhia De Saneamento Basico,31855753,-7.84,4.7,4.98,4.6,7.449999999999999,0.0088,16565309917
2026-08-13,2026-08-13 13:31:09 UTC,59,AMZN,Amazon Com,31309405,-0.8,265.13,269.58,264.71,1.82,0.0029,2859775317344
2026-08-13,2026-08-13 13:31:09 UTC,60,HIVE,HIVE Digital Technologies Ltd,30660929,-5.84,2.58,2.828,2.55,10.16,0.112,705987448
2026-08-13,2026-08-13 13:31:09 UTC,61,SNAP,Snap Inc,30042629,2.21,5.32,5.33,5.14,3.65,0.0133,8988715839
2026-08-13,2026-08-13 13:31:09 UTC,62,GPUS,Hyperscale Data Inc.,29555628,-0.44,0.1132,0.1163,0.1123,3.52,0.0634,52253912
2026-08-13,2026-08-13 13:31:09 UTC,63,OWL,Blue Owl Capital Inc,28119826,5.55,12.66,12.77,12.02,6.25,0.018,19730312082
2026-08-13,2026-08-13 13:31:09 UTC,64,GRAB,Grab Holdings Limited,28114050,2.4899999999999998,3.7,3.7,3.59,3.05,0.006,15092300000
2026-08-13,2026-08-13 13:31:09 UTC,65,BAC,Bank of America Corp,27170319,-1.0999999999999999,64.1,65.2,63.9,2.01,0.0031,448235170196
2026-08-13,2026-08-13 13:31:09 UTC,66,HPE,Hewlett Packard Enterprise Co,26078273,1.7399999999999998,59.82,63.41,59.68,6.34,0.0197,79207233608
2026-08-13,2026-08-13 13:31:09 UTC,67,ORCL,Oracle Corp,25562154,1.97,156.3,159.25,151.91,4.79,0.008,450223666289
2026-08-13,2026-08-13 13:31:09 UTC,68,WULF,Terawulf Inc,25468942,-5.12,16.31,17.45,16.18,7.39,0.0478,8138179121
2026-08-13,2026-08-13 13:31:09 UTC,69,F,Ford Mtr Co Del,25405533,0.54,13.91,14.01,13.82,1.37,0.0055,55447517749
2026-08-13,2026-08-13 13:31:09 UTC,70,WBD,WARNER BROS DISCOVERY INC,25250950,0.36,27.75,28.08,27.65,1.5599999999999998,0.0087,69672016963
2026-08-13,2026-08-13 13:31:09 UTC,71,CLSK,Cleanspark Inc,24815131,-5.42,11.52,12.63,11.41,10.02,0.0928,2958532680
2026-08-13,2026-08-13 13:31:09 UTC,72,BMNR,Bitmine Immersion Technologies Inc,24180384,2.2399999999999998,18.29,18.47,17.67,4.44,0.0362,11033010746
2026-08-13,2026-08-13 13:31:09 UTC,73,BTTC,Black TITAN Corp,24053704,-13.200000000000001,0.6361,0.7028,0.5585,19.689999999999998,2.2277,6853736
2026-08-13,2026-08-13 13:31:09 UTC,74,JOBY,Joby Aviation Inc,23678249,3.8899999999999997,8.27,8.32,7.85,5.8999999999999995,0.0239,8180057439
2026-08-13,2026-08-13 13:31:09 UTC,75,ABEV,Ambev,23597147,0.53,2.835,2.875,2.83,1.6,0.0014,43808673825
2026-08-13,2026-08-13 13:31:09 UTC,76,STUB,Stubhub Holdings,23421004,-10.25,7.67,7.71,6.78,10.89,0.0598,2877726912
2026-08-13,2026-08-13 13:31:09 UTC,77,HPQ,Hp Inc,23420940,6.97,31.32,32.19,29.49,9.22,0.0226,28642850650
2026-08-13,2026-08-13 13:31:09 UTC,78,RIOT,Riot Platforms Ord Shs,23391083,-5.46,19.21,20.86,19.04,8.95,0.0586,7208724141
2026-08-13,2026-08-13 13:31:09 UTC,79,FIG,Figma,23305372,10.879999999999999,26.34,26.8,23.37,14.42,0.0411,14036814847
2026-08-13,2026-08-13 13:31:09 UTC,80,NKE,Nike Inc Cl B,23158180,1.73,41.21,41.47,40.48,2.44,0.0142,61134981550
2026-08-13,2026-08-13 13:31:09 UTC,81,NOW,Servicenow Inc,22823879,1.83,127.23,129.75,121.65,6.4799999999999995,0.02,131538262260
2026-08-13,2026-08-13 13:31:09 UTC,82,VBIO,Valion Bio Inc,22797644,-24.42,0.1708,0.205,0.1594,20.18,5.4917,709035
2026-08-13,2026-08-13 13:31:09 UTC,83,UWMC,Uwm Holdings Corporation,22535104,7.42,1.622,1.67,1.52,9.93,0.013,2601896908
2026-08-13,2026-08-13 13:31:09 UTC,84,TE,T1 Energy,22359814,-2.45,4.785,5.17,4.76,8.34,0.0759,1409312010
2026-08-13,2026-08-13 13:31:09 UTC,85,MSFT,Microsoft Corp,22084658,0.8999999999999999,496.88,501.34,493.01,1.69,0.0023,3689605043568
2026-08-13,2026-08-13 13:31:09 UTC,86,VALE,Vale S A,21783987,-1.6,13.79,14.02,13.74,2.03,0.0051,58686968777
2026-08-13,2026-08-13 13:31:09 UTC,87,SNDK,SanDisk Corp,21647482,13.669999999999998,1528.11,1580.88,1331.62,18.54,0.142,223104060000
2026-08-13,2026-08-13 13:31:09 UTC,88,AMC,Amc Entmt Hldgs Inc,21620383,3.56,2.62,2.67,2.52,5.93,0.0236,2338624151
2026-08-13,2026-08-13 13:31:09 UTC,89,ZONE,CleanCore Solutions,21368330,10.14,0.1597,0.1652,0.14,17.380000000000003,0.095,35640864
2026-08-13,2026-08-13 13:31:09 UTC,90,NIO,Nio Inc.,21192725,-0.9900000000000001,4.495,4.52,4.45,1.54,0.0085,11262973263
2026-08-13,2026-08-13 13:31:09 UTC,91,IONQ,Ionq Inc,20928848,-0.45999999999999996,44.99,47.95,44.73,7.109999999999999,0.0549,17141294106
2026-08-13,2026-08-13 13:31:09 UTC,92,LUNR,Intuitive Machines Inc,20455008,3.5999999999999996,17.56,17.68,14.18,20.65,0.0894,3810887864
2026-08-13,2026-08-13 13:31:09 UTC,93,CURI,Curiositystream Inc,20178691,42.5,3.99,4.31,3.57,26.43,0.3404,236559120
2026-08-13,2026-08-13 13:31:09 UTC,94,SOUN,SOUNDHOUND AI INC,20129061,1.08,7.48,7.48,7.24,3.2399999999999998,0.0417,3321941633
2026-08-13,2026-08-13 13:31:09 UTC,95,BTG,B2Gold,19464659,-2.78,5.07,5.21,5.04,3.26,0.0142,6691223409
2026-08-13,2026-08-13 13:31:09 UTC,96,RGTI,Rigetti Computing Inc,19265512,1.09,18.62,19.37,18.31,5.7299999999999995,0.0541,6214774069
2026-08-13,2026-08-13 13:31:09 UTC,97,MRVL,Marvell Technology Inc,19051678,2.35,222.18,231.38,217.18,6.54,0.0197,194577783862
2026-08-13,2026-08-13 13:31:09 UTC,98,ABCL,Abcellera Biologics Inc.,19043475,5.94,10.97,11.07,10.22,8.16,0.0607,3363527782
2026-08-13,2026-08-13 13:31:09 UTC,99,SES,SES AI,18972920,7.489999999999999,0.6138,0.6778,0.5579,20.990000000000002,0.0511,227896206
2026-08-13,2026-08-13 13:31:09 UTC,100,INFQ,Infleqtion Inc,18969487,-1.46,12.18,13.2,11.55,13.350000000000001,0.0843,2657638132
2026-08-14,2026-08-14 13:31:08 UTC,1,MDXH,Mdxhealth Sa,322468639,74.89,0.808,1.13,0.5807,118.9,6.278,41502532
2026-08-14,2026-08-14 13:31:08 UTC,2,SURG,Surgepays Inc,286626690,14.360000000000001,0.282,0.43,0.26,68.94,11.3881,7084374
2026-08-14,2026-08-14 13:31:08 UTC,3,VBIO,Valion Bio Inc,168263651,11.59,0.1906,0.2918,0.1602,77.05,40.5332,791229
2026-08-14,2026-08-14 13:31:08 UTC,4,NU,Nu Hldgs Ltd,156205987,7.68,15.0,16.22,15.0,8.76,0.0312,72457268550
2026-08-14,2026-08-14 13:31:08 UTC,5,OTLK,Outlook Therapeutics Inc,104311149,-14.899999999999999,0.7564,0.8438,0.712,14.829999999999998,0.5572,141444529
2026-08-14,2026-08-14 13:31:08 UTC,6,ONDS,Ondas Holdings Inc.,96101808,3.6999999999999997,9.24,9.64,9.04,6.7299999999999995,0.1684,5271903630
2026-08-14,2026-08-14 13:31:08 UTC,7,SPCX,Space Exploration Technologies Corp,94999229,-0.91,140.0,144.02,135.5,6.03,0.0069,1845449192300
2026-08-14,2026-08-14 13:31:08 UTC,8,INTC,Intel Corp,94307784,-1.97,102.5,106.87,102.05,4.61,0.0163,541719624877
2026-08-14,2026-08-14 13:31:08 UTC,9,ONFO,Onfolio Holdings,83927435,12.120000000000001,2.59,6.08,2.55,152.81,592.3319,364690
2026-08-14,2026-08-14 13:31:08 UTC,10,NVDA,Nvidia Corporation,75160301,-0.06,225.16,227.49,224.5,1.3299999999999998,0.0026,5448872000000
2026-08-14,2026-08-14 13:31:08 UTC,11,CYCU,Cycurion Inc.,75147230,-2.1399999999999997,0.685,0.9114,0.6405,38.7,6.5502,7858722
2026-08-14,2026-08-14 13:31:08 UTC,12,NOK,Nokia,68155224,1.9900000000000002,10.77,10.84,10.46,3.55,0.0122,60297402320
2026-08-14,2026-08-14 13:31:08 UTC,13,CAPR,Capricor Therapeutics Inc,65587037,57.96,6.65,8.15,6.05,50.0,1.1191,385114088
2026-08-14,2026-08-14 13:31:08 UTC,14,GPUS,Hyperscale Data Inc.,62970938,-17.169999999999998,0.0936,0.1015,0.093,7.5200000000000005,0.1364,43206415
2026-08-14,2026-08-14 13:31:08 UTC,15,SMCI,Super Micro Computer Inc,61388307,1.7399999999999998,39.84,40.6,38.73,4.78,0.0884,25769801899
2026-08-14,2026-08-14 13:31:08 UTC,16,WETO,Wetour Robotics Limited,58193410,127.69999999999999,8.22,12.95,7.26,157.62,53.637,8859795
2026-08-14,2026-08-14 13:31:08 UTC,17,BZAI,Blaize Holdings,56094666,-49.309999999999995,0.5931,0.8333,0.5448,24.66,0.3942,84397810
2026-08-14,2026-08-14 13:31:08 UTC,18,RCON,Recon Technology Ltd,53098168,-7.249999999999999,0.0256,0.0269,0.024,10.51,0.5807,2320062
2026-08-14,2026-08-14 13:31:08 UTC,19,PATH,Uipath Inc,50558498,-3.93,16.02,16.82,15.84,5.91,0.0919,8302359142
2026-08-14,2026-08-14 13:31:08 UTC,20,PLUG,Plug Power,49858811,0.8699999999999999,2.32,2.38,2.26,5.220000000000001,0.0347,3241493044
2026-08-14,2026-08-14 13:31:08 UTC,21,F,Ford Mtr Co Del,49404468,3.42,14.37,14.44,13.93,3.6700000000000004,0.0115,57281811756
2026-08-14,2026-08-14 13:31:08 UTC,22,RIG,Transocean,46217380,0.7000000000000001,5.76,5.98,5.75,3.93,0.0396,6433229289
2026-08-14,2026-08-14 13:31:08 UTC,23,AAL,American Airline,45474494,-1.53,14.83,15.16,14.79,2.46,0.067,9817014373
2026-08-14,2026-08-14 13:31:08 UTC,24,TSLA,Tesla Inc,45098955,0.6799999999999999,342.27,351.26,335.33,4.6899999999999995,0.0114,1351811586544
2026-08-14,2026-08-14 13:31:08 UTC,25,ACHR,Archer Aviation Inc,43569099,-5.17,6.61,7.29,6.49,11.48,0.0539,5089877148
2026-08-14,2026-08-14 13:31:08 UTC,26,OPEN,Opendoor Technologies Inc,43476863,-0.27,3.64,3.75,3.58,4.66,0.0431,3534771422
2026-08-14,2026-08-14 13:31:08 UTC,27,CXAI,CXApp,41571253,-37.09,0.1106,0.1255,0.0926,18.709999999999997,0.3811,12064983
2026-08-14,2026-08-14 13:31:08 UTC,28,HL,Hecla Mining Co,40192873,3.58,18.37,18.83,17.98,4.79,0.0578,12337027235
2026-08-14,2026-08-14 13:31:08 UTC,29,KEEL,Keel Infrastructure Corp,39478941,6.04,3.51,3.55,3.285,8.01,0.0639,2167681974
2026-08-14,2026-08-14 13:31:08 UTC,30,ABEV,Ambev,38420751,-1.94,2.785,2.82,2.76,2.11,0.0024,43036034075
2026-08-14,2026-08-14 13:31:08 UTC,31,CIFR,Cipher Digital Inc,37844322,7.430000000000001,17.86,18.14,16.23,11.49,0.0873,7410373541
2026-08-14,2026-08-14 13:31:08 UTC,32,IREN,IREN Ltd,37241913,-1.5599999999999998,44.06,46.43,43.69,6.12,0.0994,15746104376
2026-08-14,2026-08-14 13:31:08 UTC,33,HTZ,Hertz Global Hld,36440539,-4.4799999999999995,2.24,2.465,2.21,10.870000000000001,0.1022,798451120
2026-08-14,2026-08-14 13:31:08 UTC,34,CDE,Coeur Mng Inc,35786258,1.9800000000000002,18.82,19.34,18.71,3.4099999999999997,0.0334,19340596987
2026-08-14,2026-08-14 13:31:08 UTC,35,SMR,NuScale Power Corporation,35548122,-4.67,9.39,9.96,9.2,7.670000000000001,0.0772,4035101524
2026-08-14,2026-08-14 13:31:08 UTC,36,MARA,MARA Holdings Inc,34385225,-0.11,9.2,9.26,9.0,2.77,0.0858,3553953532
2026-08-14,2026-08-14 13:31:08 UTC,37,SNAP,Snap Inc,33793141,2.36,5.43,5.55,5.27,5.28,0.0171,9174747587
2026-08-14,2026-08-14 13:31:08 UTC,38,SOFI,Sofi Technologies Inc,33505138,-0.76,18.29,18.58,18.28,1.63,0.0259,23622821225
2026-08-14,2026-08-14 13:31:08 UTC,39,GIPR,Generation Incom,33362971,-29.310000000000002,0.4985,1.27,0.4234,120.04999999999998,32.3786,513655
2026-08-14,2026-08-14 13:31:08 UTC,40,CRWV,"CoreWeave, Inc.",33172232,-0.97,105.26,110.3,102.5,7.340000000000001,0.0601,58054742726
2026-08-14,2026-08-14 13:31:08 UTC,41,HUMA,Humacyte Inc,33001407,9.959999999999999,0.6048,0.621,0.5261,17.25,0.1185,168012293
2026-08-14,2026-08-14 13:31:08 UTC,42,INV,"Innventure, Inc.",32162806,-55.14,1.615,2.158,1.51,18.0,0.3827,135732268
2026-08-14,2026-08-14 13:31:08 UTC,43,WULF,Terawulf Inc,30940477,6.5600000000000005,17.38,17.5,16.28,7.48,0.0556,8672075606
2026-08-14,2026-08-14 13:31:08 UTC,44,YYAI,AiRWA Inc,30747946,-11.58,0.0565,0.0622,0.0497,19.56,29.0606,59526
2026-08-14,2026-08-14 13:31:08 UTC,45,LFS,Leifras Co. Ltd.,30746571,12.04,2.42,4.13,2.32,83.8,1.1736,63308697
2026-08-14,2026-08-14 13:31:08 UTC,46,CSCO,Cisco Sys Inc,29278316,-1.58,111.68,113.68,110.06,3.19,0.0062,440179423387
2026-08-14,2026-08-14 13:31:08 UTC,47,AVGO,Broadcom Inc,29203050,-5.94,392.99,412.5,388.5,5.74,0.0053,1869681442012
2026-08-14,2026-08-14 13:31:08 UTC,48,STKH,STEAKHOLDER FOODS LTD,28973454,25.0,3.6,6.29,3.2,107.28999999999999,28.5615,3651922
2026-08-14,2026-08-14 13:31:08 UTC,49,HIVE,HIVE Digital Technologies Ltd,28897241,4.26,2.69,2.71,2.54,6.59,0.1056,736087688
2026-08-14,2026-08-14 13:31:08 UTC,50,NBIS,Nebius Group,28758973,8.88,277.68,278.65,257.0,8.49,0.0995,75488756934
2026-08-14,2026-08-14 13:31:08 UTC,51,SCNX,"Scienture Holdings, Inc",28076723,-1.29,0.459,0.4659,0.41,12.02,0.6837,18848443
2026-08-14,2026-08-14 13:31:08 UTC,52,AAPL,Apple Inc,28053805,0.22,305.93,307.49,304.3,1.05,0.0019,4464797487400
2026-08-14,2026-08-14 13:31:08 UTC,53,MU,Micron Technology Inc,27608308,2.3,971.66,984.0,956.2,2.93,0.023,1097386149100
2026-08-14,2026-08-14 13:31:08 UTC,54,NIO,Nio Inc.,27034273,0.11,4.505,4.54,4.48,1.3299999999999998,0.0108,11288029934
2026-08-14,2026-08-14 13:31:08 UTC,55,AMZN,Amazon Com,26955640,-0.9400000000000001,262.65,265.81,262.42,1.28,0.0025,2833025259685
2026-08-14,2026-08-14 13:31:08 UTC,56,TE,T1 Energy,26824487,6.67,5.11,5.39,4.81,12.11,0.0911,1505033307
2026-08-14,2026-08-14 13:31:08 UTC,57,NFLX,Netflix Inc,26498483,-0.1,78.16,78.73,77.76,1.24,0.0054,325453525076
2026-08-14,2026-08-14 13:31:08 UTC,58,DFSC,DEFSEC Technologies Inc,26389634,29.87,3.0,3.29,2.4,38.53,9.6824,7999896
2026-08-14,2026-08-14 13:31:08 UTC,59,JOBY,Joby Aviation Inc,26122350,-4.18,7.92,8.39,7.84,6.65,0.0264,7828918335
2026-08-14,2026-08-14 13:31:08 UTC,60,BMNR,Bitmine Immersion Technologies Inc,26085150,-1.26,18.06,18.23,17.4,4.51,0.0389,10894268675
2026-08-14,2026-08-14 13:31:08 UTC,61,T,At&T,26013141,1.22,24.88,24.97,24.58,1.6099999999999999,0.0038,170487354972
2026-08-14,2026-08-14 13:31:08 UTC,62,QXO,QXO Inc,25300690,-2.62,14.5,16.15,14.2,13.13,0.0244,15043750000
2026-08-14,2026-08-14 13:31:08 UTC,63,AMD,Advanced Micro Devices Inc,25290051,6.5,514.39,514.67,483.2,6.52,0.0145,839728836854
2026-08-14,2026-08-14 13:31:08 UTC,64,PLTR,Palantir Technologies Inc,23890506,-2.78,174.04,180.18,173.8,3.56,0.009,418228297859
2026-08-14,2026-08-14 13:31:08 UTC,65,PFE,Pfizer,23126912,-0.06,26.78,26.92,26.42,1.8499999999999999,0.0041,152637258713
2026-08-14,2026-08-14 13:31:08 UTC,66,VWAV,"VisionWave Holdings, Inc",22552237,44.72,1.78,2.14,1.28,69.92,0.8178,49096082
2026-08-14,2026-08-14 13:31:08 UTC,67,BTBT,Bit Digital Inc,22267219,5.37,1.57,1.57,1.48,6.04,0.0609,548228959
2026-08-14,2026-08-14 13:31:08 UTC,68,DNN,Denison Mines,22137711,-1.38,3.215,3.34,3.19,4.6,0.0245,2909629532
2026-08-14,2026-08-14 13:31:08 UTC,69,PCG,PG&E Us,21997005,2.18,17.84,17.85,17.38,2.69,0.0082,39290225603
2026-08-14,2026-08-14 13:31:08 UTC,70,BAC,Bank of America Corp,21761244,0.62,64.49,64.55,63.81,1.15,0.0024,450962342058
2026-08-14,2026-08-14 13:31:08 UTC,71,ORCL,Oracle Corp,21739117,-3.7699999999999996,150.33,156.39,148.8,4.859999999999999,0.0068,433021205430
2026-08-14,2026-08-14 13:31:08 UTC,72,RDDT,REDDIT INC,21383364,12.559999999999999,177.98,184.28,174.01,6.5,0.1061,34241768867
2026-08-14,2026-08-14 13:31:08 UTC,73,SOUN,SOUNDHOUND AI INC,21107347,-0.67,7.43,7.62,7.36,3.47,0.0458,3299736140
2026-08-14,2026-08-14 13:31:08 UTC,74,VALE,Vale S A,20779210,-1.16,13.64,13.74,13.56,1.3,0.0049,58027325546
2026-08-14,2026-08-14 13:31:08 UTC,75,MSTR,Strategy Inc,20457741,-4.18,93.04,95.08,91.67,3.52,0.0464,35748363873
2026-08-14,2026-08-14 13:31:08 UTC,76,SKHY,SK Hynix Inc,20437878,0.4,166.33,171.58,163.76,4.72,0.0027,1212321986150
2026-08-14,2026-08-14 13:31:08 UTC,77,SNDK,SanDisk Corp,20262465,7.39,1641.11,1667.06,1565.0,6.68,0.1336,239602060000
2026-08-14,2026-08-14 13:31:08 UTC,78,CMCSA,Comcast Corp,19880294,0.0,26.18,26.49,26.13,1.38,0.0056,92903305481
2026-08-14,2026-08-14 13:31:08 UTC,79,ARX,Accelerant Holdings,19772742,0.36,19.59,19.66,19.5,0.8200000000000001,0.0906,4273473243
2026-08-14,2026-08-14 13:31:08 UTC,80,CLSK,Cleanspark Inc,19772187,4.95,12.09,12.2,11.27,8.07,0.0733,3104918412
2026-08-14,2026-08-14 13:31:08 UTC,81,LUMN,Lumen Technologies Inc,19768964,5.08,6.73,6.8,6.37,6.72,0.0192,6941627568
2026-08-14,2026-08-14 13:31:08 UTC,82,MGRX,"Mangoceuticals, Inc.",19694818,0.22999999999999998,0.5344,0.5984,0.4717,23.76,1.1413,9174270
2026-08-14,2026-08-14 13:31:08 UTC,83,NKE,Nike Inc Cl B,19415651,-1.21,40.73,41.32,40.71,1.48,0.0121,60422902173
2026-08-14,2026-08-14 13:31:08 UTC,84,GRAB,Grab Holdings Limited,18902339,-2.16,3.62,3.705,3.61,2.5700000000000003,0.0041,14765980000
2026-08-14,2026-08-14 13:31:08 UTC,85,RKT,Rocket Companies Inc,18880100,-1.9300000000000002,14.75,15.09,14.66,2.86,0.0067,41766725709
2026-08-14,2026-08-14 13:31:08 UTC,86,LUNR,Intuitive Machines Inc,18826371,8.260000000000002,19.01,20.47,18.71,10.02,0.0773,4351846532
2026-08-14,2026-08-14 13:31:08 UTC,87,AAOI,Applied Optoelec,18617730,15.53,150.28,153.39,130.39,17.68,0.2037,12709064936
2026-08-14,2026-08-14 13:31:08 UTC,88,RCAT,Red Cat Hldgs Inc,18312554,8.799999999999999,11.13,11.76,10.51,12.19,0.1151,1699710849
2026-08-14,2026-08-14 13:31:08 UTC,89,IONQ,Ionq Inc,17968375,3.0,46.33,47.27,44.36,6.47,0.0472,17651837207
2026-08-14,2026-08-14 13:31:08 UTC,90,ENSC,Ensysce Biosciences Inc,17857223,14.75,0.3999,0.4745,0.3359,39.77,1.1138,6144675
2026-08-14,2026-08-14 13:31:08 UTC,91,CGTL,Creative Global Technology Holdings Limited,17477727,19.84,4.41,5.42,4.1,35.89,10.1831,7563150
2026-08-14,2026-08-14 13:31:08 UTC,92,GOOGL,Alphabet Inc,17452250,-0.13,345.9,350.45,344.5,1.72,0.0014,4230357000000
2026-08-14,2026-08-14 13:31:08 UTC,93,CPRT,Copart Inc,17351007,7.55,31.61,31.74,29.6,7.26,0.0168,29264900946
2026-08-14,2026-08-14 13:31:08 UTC,94,APLD,Applied Digital,17302343,1.8900000000000001,31.2,31.33,29.63,5.54,0.0551,9093836294
2026-08-14,2026-08-14 13:31:08 UTC,95,IOVA,Iovance Biotherp,17263990,7.06,6.98,7.0,6.36,9.82,0.0367,3161740595
2026-08-14,2026-08-14 13:31:08 UTC,96,TTD,The Trade Desk,17244095,-2.88,14.14,14.63,14.0,4.31,0.0322,6644105943
2026-08-14,2026-08-14 13:31:08 UTC,97,AMZE,"Amaze Holdings, Inc.",17199715,19.85,0.2469,0.252,0.202,24.27,2.2638,1814282
2026-08-14,2026-08-14 13:31:08 UTC,98,RIVN,"Rivian Automotive, Inc. / De",16923655,-2.91,15.36,15.9,15.32,3.6700000000000004,0.0104,22239139276
2026-08-14,2026-08-14 13:31:08 UTC,99,SAN,Banco Santander,16915231,0.03,14.79,14.92,14.66,1.79,0.001,217181588837
2026-08-14,2026-08-14 13:31:08 UTC,100,RGTI,Rigetti Computing Inc,16900337,1.0699999999999998,18.82,19.25,18.4,4.569999999999999,0.0469,6281527818
